ID_TEXT,ID_TEXT,CIUDAD,REGION,TIPO,UNIVERSIDAD_EVALUADA_NACIONAL,PRESTIGIO DE LA INSTITUCIÓN,NIVEL ACADÉMICO,OFERTA ACADÉMICA (CARRERAS OFERTADAS),PROFESORES
Entrevistado_1,Entrevistado_1,AGUASCALIENTES,BAJIO,Primera mención,UVM,10,8,2,6
Entrevistado_2,Entrevistado_2,MORELIA,BAJIO,Primera mención,OTRAS,7,8,8,8
Entrevistado_3,Entrevistado_3,MONTERREY,NORTE,Primera mención,ITESM,10,5,5,8
Entrevistado_4,Entrevistado_4,GUADALAJARA,BAJIO,Primera mención,OTRAS,8,6,6,9
Entrevistado_5,Entrevistado_5,CANCÚN,SUR,Primera mención,OTRAS,9,9,7.8,4
Entrevistado_6,Entrevistado_6,TEPIC,OCCIDENTE,Primera mención,OTRAS,8,5,8,8
Entrevistado_7,Entrevistado_7,GUADALAJARA,BAJIO,Primera mención,OTRAS,8.4,9,2,7
Entrevistado_8,Entrevistado_8,TEPIC,OCCIDENTE,Primera mención,OTRAS,9,10,6,7
Entrevistado_9,Entrevistado_9,TUXTLA GUTIÉRREZ,SUR,Primera mención,OTRAS,8,8,4,8
Entrevistado_10,Entrevistado_10,AGUASCALIENTES,BAJIO,Primera mención,ITESM,10,7,9,10
Entrevistado_11,Entrevistado_11,GUADALAJARA,BAJIO,Primera mención,OTRAS,10,8,1,8
Entrevistado_12,Entrevistado_12,TUXTLA GUTIÉRREZ,SUR,Primera mención,OTRAS,8.4,8,7.8,8
Entrevistado_13,Entrevistado_13,GUADALAJARA,BAJIO,Primera mención,OTRAS,9,8,7.8,10
Entrevistado_14,Entrevistado_14,HERMOSILLO,OCCIDENTE,Primera mención,UVM,6,8,4,8
Entrevistado_15,Entrevistado_15,CULIACÁN,OCCIDENTE,Primera mención,OTRAS,8.4,5,7.8,7
Entrevistado_16,Entrevistado_16,MEXICALI,OCCIDENTE,Primera mención,OTRAS,5,8,6,10
Entrevistado_17,Entrevistado_17,TIJUANA,OCCIDENTE,Primera mención,OTRAS,8.4,9,7.8,10
Entrevistado_18,Entrevistado_18,TEPIC,OCCIDENTE,Primera mención,OTRAS,8.4,8,6,2
Entrevistado_19,Entrevistado_19,GUADALAJARA,BAJIO,Primera mención,OTRAS,9,9,10,8
Entrevistado_20,Entrevistado_20,CULIACÁN,OCCIDENTE,Primera mención,OTRAS,8.4,8,5,8
Entrevistado_21,Entrevistado_21,LEÓN,BAJIO,Primera mención,ITESM,10,8,8,8
Entrevistado_22,Entrevistado_22,GUADALAJARA,BAJIO,Primera mención,OTRAS,8.4,4,5,8
Entrevistado_23,Entrevistado_23,MONTERREY,NORTE,Primera mención,OTRAS,8,6,10,8
Entrevistado_24,Entrevistado_24,HERMOSILLO,OCCIDENTE,Primera mención,OTRAS,8,10,7.8,5
Entrevistado_25,Entrevistado_25,GUADALAJARA,BAJIO,Primera mención,OTRAS,10,7,10,8
Entrevistado_26,Entrevistado_26,GUADALAJARA,BAJIO,Primera mención,OTRAS,9,10,7.8,8
Entrevistado_27,Entrevistado_27,AGUASCALIENTES,BAJIO,Primera mención,OTRAS,10,8,7.8,8
Entrevistado_28,Entrevistado_28,PUEBLA,CENTRO,Primera mención,OTRAS,10,8,2,8
Entrevistado_29,Entrevistado_29,VILLAHERMOSA,SUR,Primera mención,OTRAS,10,7,7.8,8
Entrevistado_30,Entrevistado_30,MONTERREY,NORTE,Primera mención,OTRAS,10,9,7,10
Entrevistado_31,Entrevistado_31,LA PAZ,OCCIDENTE,Primera mención,OTRAS,8.4,7,7.8,8
Entrevistado_32,Entrevistado_32,COATZACOALCOS,SUR,Primera mención,OTRAS,8,10,7.8,8
Entrevistado_33,Entrevistado_33,MORELIA,BAJIO,Primera mención,OTRAS,8,7,10,8
Entrevistado_34,Entrevistado_34,PUEBLA,CENTRO,Primera mención,OTRAS,10,10,10,8
Entrevistado_35,Entrevistado_35,CULIACÁN,OCCIDENTE,Primera mención,OTRAS,8,10,7.8,1
Entrevistado_36,Entrevistado_36,CIUDAD DE MÉXICO,CENTRO,Primera mención,OTRAS,10,8,6,8
Entrevistado_37,Entrevistado_37,MEXICALI,OCCIDENTE,Primera mención,OTRAS,8.4,6,7.8,10
Entrevistado_38,Entrevistado_38,LEÓN,BAJIO,Primera mención,OTRAS,9,10,10,8
Entrevistado_39,Entrevistado_39,LA PAZ,OCCIDENTE,Primera mención,OTRAS,9,7,7.8,4
Entrevistado_40,Entrevistado_40,CULIACÁN,OCCIDENTE,Primera mención,OTRAS,8.4,5,7.8,9
Entrevistado_41,Entrevistado_41,MEXICALI,OCCIDENTE,Primera mención,OTRAS,8.4,10,3,8
Entrevistado_42,Entrevistado_42,COATZACOALCOS,SUR,Primera mención,OTRAS,8.4,8,10,10
Entrevistado_43,Entrevistado_43,MORELIA,BAJIO,Primera mención,OTRAS,7,3,7.8,8
Entrevistado_44,Entrevistado_44,CULIACÁN,OCCIDENTE,Primera mención,OTRAS,8.4,8,10,3
Entrevistado_45,Entrevistado_45,MAZATLÁN,OCCIDENTE,Primera mención,OTRAS,8.4,8,9,1
Entrevistado_46,Entrevistado_46,CD. OBREGÓN,OCCIDENTE,Primera mención,OTRAS,8,8,1,4
Entrevistado_47,Entrevistado_47,AGUASCALIENTES,BAJIO,Primera mención,ITESM,10,4,7.8,7
Entrevistado_48,Entrevistado_48,GUADALAJARA,BAJIO,Primera mención,OTRAS,10,10,7.8,8
Entrevistado_49,Entrevistado_49,TUXTLA GUTIÉRREZ,SUR,Primera mención,OTRAS,10,2,7.8,9
Entrevistado_50,Entrevistado_50,AGUASCALIENTES,BAJIO,Primera mención,OTRAS,8,8,8,8
Entrevistado_51,Entrevistado_51,QUERÉTARO,CENTRO,Primera mención,UVM,10,8,7.8,7
Entrevistado_52,Entrevistado_52,CIUDAD DE MÉXICO,CENTRO,Primera mención,OTRAS,8.4,8,8,8
Entrevistado_53,Entrevistado_53,TUXTLA GUTIÉRREZ,SUR,Primera mención,OTRAS,10,7,7.8,8
Entrevistado_54,Entrevistado_54,LEÓN,BAJIO,Primera mención,OTRAS,7,9,7.8,8
Entrevistado_55,Entrevistado_55,VILLAHERMOSA,SUR,Primera mención,UVM,6,8,10,8
Entrevistado_56,Entrevistado_56,TUXTLA GUTIÉRREZ,SUR,Primera mención,OTRAS,9,8,8,8
Entrevistado_57,Entrevistado_57,MONTERREY,NORTE,Primera mención,ITESM,6,10,5,8
Entrevistado_58,Entrevistado_58,MÉRIDA,SUR,Primera mención,OTRAS,2,9,7.8,8
Entrevistado_59,Entrevistado_59,QUERÉTARO,CENTRO,Primera mención,UVM,6,8,7.8,8
Entrevistado_60,Entrevistado_60,CULIACÁN,OCCIDENTE,Primera mención,OTRAS,7,5,7.8,8
Entrevistado_61,Entrevistado_61,VILLAHERMOSA,SUR,Primera mención,OTRAS,10,10,10,8
Entrevistado_62,Entrevistado_62,CULIACÁN,OCCIDENTE,Primera mención,OTRAS,6,8,7.8,8
Entrevistado_63,Entrevistado_63,CULIACÁN,OCCIDENTE,Primera mención,ITESM,8,10,7.8,10
Entrevistado_64,Entrevistado_64,VILLAHERMOSA,SUR,Primera mención,UVM,10,10,7.8,8
Entrevistado_65,Entrevistado_65,CULIACÁN,OCCIDENTE,Primera mención,OTRAS,9,10,7.8,9
Entrevistado_66,Entrevistado_66,LOS MOCHIS,OCCIDENTE,Primera mención,OTRAS,9,1,7.8,8
Entrevistado_67,Entrevistado_67,CIUDAD DE MÉXICO,CENTRO,Primera mención,OTRAS,8.4,9,7,8
Entrevistado_68,Entrevistado_68,AGUASCALIENTES,BAJIO,Primera mención,OTRAS,6,3,8,8
Entrevistado_69,Entrevistado_69,GUADALAJARA,BAJIO,Primera mención,OTRAS,7,8,7.8,8
Entrevistado_70,Entrevistado_70,IRAPUATO,BAJIO,Primera mención,OTRAS,9,9,3,8
Entrevistado_71,Entrevistado_71,TUXTLA GUTIÉRREZ,SUR,Primera mención,OTRAS,9,8,8,9
Entrevistado_72,Entrevistado_72,ENSENADA,OCCIDENTE,Primera mención,OTRAS,10,8,7,8
Entrevistado_73,Entrevistado_73,MORELIA,BAJIO,Primera mención,OTRAS,8.4,10,10,7
Entrevistado_74,Entrevistado_74,TEPIC,OCCIDENTE,Primera mención,OTRAS,7,6,6,8
Entrevistado_75,Entrevistado_75,GUADALAJARA,BAJIO,Primera mención,OTRAS,6,7,7.8,7
Entrevistado_76,Entrevistado_76,LEÓN,BAJIO,Primera mención,OTRAS,8.4,8,3,8
Entrevistado_77,Entrevistado_77,GUADALAJARA,BAJIO,Primera mención,OTRAS,7,10,10,3
Entrevistado_78,Entrevistado_78,CULIACÁN,OCCIDENTE,Primera mención,OTRAS,8.4,9,7,8
Entrevistado_79,Entrevistado_79,GUADALAJARA,BAJIO,Primera mención,OTRAS,9,10,9,8
Entrevistado_80,Entrevistado_80,GUADALAJARA,BAJIO,Primera mención,OTRAS,8,9,6,10
Entrevistado_81,Entrevistado_81,MORELIA,BAJIO,Primera mención,OTRAS,8,8,7.8,8
Entrevistado_82,Entrevistado_82,TUXTLA GUTIÉRREZ,SUR,Primera mención,OTRAS,10,8,7.8,10
Entrevistado_83,Entrevistado_83,CIUDAD DE MÉXICO,CENTRO,Primera mención,OTRAS,9,8,7.8,5
Entrevistado_84,Entrevistado_84,MEXICALI,OCCIDENTE,Primera mención,OTRAS,10,8,7.8,8
Entrevistado_85,Entrevistado_85,PUEBLA,CENTRO,Primera mención,OTRAS,8.4,8,9,9
Entrevistado_86,Entrevistado_86,CULIACÁN,OCCIDENTE,Primera mención,OTRAS,9,8,7.8,9
Entrevistado_87,Entrevistado_87,GUADALAJARA,BAJIO,Primera mención,OTRAS,6,10,7,8
Entrevistado_88,Entrevistado_88,MORELIA,BAJIO,Primera mención,OTRAS,9,8,10,8
Entrevistado_89,Entrevistado_89,ZAMORA,BAJIO,Primera mención,OTRAS,3,10,9,8
Entrevistado_90,Entrevistado_90,AGUASCALIENTES,BAJIO,Primera mención,OTRAS,8.4,10,2,8
Entrevistado_91,Entrevistado_91,COATZACOALCOS,SUR,Primera mención,OTRAS,8.4,8,10,8
Entrevistado_92,Entrevistado_92,COATZACOALCOS,SUR,Primera mención,OTRAS,10,6,7.8,8
Entrevistado_93,Entrevistado_93,VILLAHERMOSA,SUR,Primera mención,UVM,8.4,10,1,7
Entrevistado_94,Entrevistado_94,VILLAHERMOSA,SUR,Primera mención,UVM,10,10,9,7
Entrevistado_95,Entrevistado_95,VILLAHERMOSA,SUR,Primera mención,OTRAS,8.4,5,7.8,10
Entrevistado_96,Entrevistado_96,LEÓN,BAJIO,Primera mención,ITESM,8.4,7,10,6
Entrevistado_97,Entrevistado_97,LEÓN,BAJIO,Primera mención,OTRAS,6,8,4,8
Entrevistado_98,Entrevistado_98,MORELIA,BAJIO,Primera mención,OTRAS,8.4,8,7.8,8
Entrevistado_99,Entrevistado_99,MORELIA,BAJIO,Primera mención,OTRAS,8.4,10,10,10
Entrevistado_100,Entrevistado_100,MONTERREY,NORTE,Primera mención,ITESM,8,5,10,8
Entrevistado_101,Entrevistado_101,LEÓN,BAJIO,Primera mención,OTRAS,8,8,4,10
Entrevistado_102,Entrevistado_102,LEÓN,BAJIO,Primera mención,OTRAS,5,8,4,9
Entrevistado_103,Entrevistado_103,MEXICALI,OCCIDENTE,Primera mención,OTRAS,8,6,7.8,8
Entrevistado_104,Entrevistado_104,ZAMORA,BAJIO,Primera mención,OTRAS,9,10,10,9
Entrevistado_105,Entrevistado_105,CULIACÁN,OCCIDENTE,Primera mención,ITESM,7,10,7.8,8
Entrevistado_106,Entrevistado_106,VILLAHERMOSA,SUR,Primera mención,UVM,10,10,2,9
Entrevistado_107,Entrevistado_107,TUXTLA GUTIÉRREZ,SUR,Primera mención,UVM,10,8,10,10
Entrevistado_108,Entrevistado_108,VILLAHERMOSA,SUR,Primera mención,OTRAS,9,8,2,9
Entrevistado_109,Entrevistado_109,GUADALAJARA,BAJIO,Primera mención,OTRAS,8.4,8,10,10
Entrevistado_110,Entrevistado_110,TUXTLA GUTIÉRREZ,SUR,Primera mención,OTRAS,8.4,8,10,6
Entrevistado_111,Entrevistado_111,COATZACOALCOS,SUR,Primera mención,OTRAS,6,7,7.8,10
Entrevistado_112,Entrevistado_112,TEPIC,OCCIDENTE,Primera mención,OTRAS,8,8,10,10
Entrevistado_113,Entrevistado_113,MÉRIDA,SUR,Primera mención,OTRAS,6,3,7.8,8
Entrevistado_114,Entrevistado_114,CULIACÁN,OCCIDENTE,Primera mención,OTRAS,10,10,7.8,8
Entrevistado_115,Entrevistado_115,LEÓN,BAJIO,Primera mención,OTRAS,10,8,7.8,10
Entrevistado_116,Entrevistado_116,VILLAHERMOSA,SUR,Primera mención,OTRAS,7,8,2,6
Entrevistado_117,Entrevistado_117,MONTERREY,NORTE,Primera mención,OTRAS,7,6,7,8
Entrevistado_118,Entrevistado_118,VILLAHERMOSA,SUR,Primera mención,OTRAS,9,1,6,10
Entrevistado_119,Entrevistado_119,AGUASCALIENTES,BAJIO,Primera mención,OTRAS,9,8,3,8
Entrevistado_120,Entrevistado_120,CULIACÁN,OCCIDENTE,Primera mención,OTRAS,8,9,6,8
Entrevistado_121,Entrevistado_121,MEXICALI,OCCIDENTE,Primera mención,OTRAS,8,10,10,8
Entrevistado_122,Entrevistado_122,MORELIA,BAJIO,Primera mención,OTRAS,8.4,7,7.8,8
Entrevistado_123,Entrevistado_123,GUADALAJARA,BAJIO,Primera mención,OTRAS,5,6,7,8
Entrevistado_124,Entrevistado_124,AGUASCALIENTES,BAJIO,Primera mención,OTRAS,9,10,7.8,8
Entrevistado_125,Entrevistado_125,LA PAZ,OCCIDENTE,Primera mención,OTRAS,8,8,5,8
Entrevistado_126,Entrevistado_126,GUADALAJARA,BAJIO,Primera mención,OTRAS,5,5,10,8
Entrevistado_127,Entrevistado_127,HERMOSILLO,OCCIDENTE,Primera mención,OTRAS,9,8,7.8,8
Entrevistado_128,Entrevistado_128,IRAPUATO,BAJIO,Primera mención,OTRAS,6,4,10,8
Entrevistado_129,Entrevistado_129,TEPIC,OCCIDENTE,Primera mención,OTRAS,7,10,9,8
Entrevistado_130,Entrevistado_130,LEÓN,BAJIO,Primera mención,OTRAS,10,10,10,8
Entrevistado_131,Entrevistado_131,IRAPUATO,BAJIO,Primera mención,OTRAS,10,6,7.8,8
Entrevistado_132,Entrevistado_132,MAZATLÁN,OCCIDENTE,Primera mención,OTRAS,8.4,9,7,9
Entrevistado_133,Entrevistado_133,CIUDAD DE MÉXICO,CENTRO,Primera mención,OTRAS,8.4,8,10,10
Entrevistado_134,Entrevistado_134,TEPIC,OCCIDENTE,Primera mención,OTRAS,9,8,6,10
Entrevistado_135,Entrevistado_135,COATZACOALCOS,SUR,Primera mención,OTRAS,10,9,5,9
Entrevistado_136,Entrevistado_136,QUERÉTARO,CENTRO,Primera mención,ANÁHUAC,8,10,7.8,8
Entrevistado_137,Entrevistado_137,COATZACOALCOS,SUR,Primera mención,OTRAS,8.4,8,10,9
Entrevistado_138,Entrevistado_138,LA PAZ,OCCIDENTE,Primera mención,OTRAS,10,2,9,10
Entrevistado_139,Entrevistado_139,AGUASCALIENTES,BAJIO,Primera mención,OTRAS,8,8,3,8
Entrevistado_140,Entrevistado_140,VILLAHERMOSA,SUR,Primera mención,UVM,8.4,8,1,10
Entrevistado_141,Entrevistado_141,GUADALAJARA,BAJIO,Primera mención,OTRAS,7,8,6,10
Entrevistado_142,Entrevistado_142,QUERÉTARO,CENTRO,Primera mención,ANÁHUAC,8.4,6,7.8,8
Entrevistado_143,Entrevistado_143,CIUDAD DE MÉXICO,CENTRO,Primera mención,UVM,7,8,10,8
Entrevistado_144,Entrevistado_144,ZAMORA,BAJIO,Primera mención,OTRAS,8.4,10,10,8
Entrevistado_145,Entrevistado_145,IRAPUATO,BAJIO,Primera mención,OTRAS,9,10,9,10
Entrevistado_146,Entrevistado_146,CIUDAD DE MÉXICO,CENTRO,Primera mención,OTRAS,8.4,1,10,10
Entrevistado_147,Entrevistado_147,ZAMORA,BAJIO,Primera mención,OTRAS,10,8,10,7
Entrevistado_148,Entrevistado_148,GUADALAJARA,BAJIO,Primera mención,OTRAS,8.4,3,7.8,6
Entrevistado_149,Entrevistado_149,QUERÉTARO,CENTRO,Primera mención,ANÁHUAC,9,8,7.8,10
Entrevistado_150,Entrevistado_150,QUERÉTARO,CENTRO,Primera mención,UVM,8,8,7.8,8
Entrevistado_151,Entrevistado_151,TIJUANA,OCCIDENTE,Primera mención,OTRAS,7,10,8,8
Entrevistado_152,Entrevistado_152,TEPIC,OCCIDENTE,Primera mención,OTRAS,5,10,5,7
Entrevistado_153,Entrevistado_153,MORELIA,BAJIO,Primera mención,OTRAS,9,8,7.8,10
Entrevistado_154,Entrevistado_154,AGUASCALIENTES,BAJIO,Primera mención,OTRAS,7,9,7.8,8
Entrevistado_155,Entrevistado_155,CIUDAD DE MÉXICO,CENTRO,Primera mención,ITESM,8,8,4,10
Entrevistado_156,Entrevistado_156,AGUASCALIENTES,BAJIO,Primera mención,OTRAS,7,4,2,2
Entrevistado_157,Entrevistado_157,LEÓN,BAJIO,Primera mención,OTRAS,9,8,7.8,8
Entrevistado_158,Entrevistado_158,TUXTLA GUTIÉRREZ,SUR,Primera mención,OTRAS,8,5,7.8,10
Entrevistado_159,Entrevistado_159,MORELIA,BAJIO,Primera mención,OTRAS,10,8,7.8,9
Entrevistado_160,Entrevistado_160,CULIACÁN,OCCIDENTE,Primera mención,OTRAS,8,9,8,8
Entrevistado_161,Entrevistado_161,GUADALAJARA,BAJIO,Primera mención,OTRAS,8.4,8,7.8,7
Entrevistado_162,Entrevistado_162,GUADALAJARA,BAJIO,Primera mención,OTRAS,8,8,7.8,5
Entrevistado_163,Entrevistado_163,GUADALAJARA,BAJIO,Primera mención,UVM,10,9,10,8
Entrevistado_164,Entrevistado_164,GUADALAJARA,BAJIO,Primera mención,OTRAS,8.4,10,8,6
Entrevistado_165,Entrevistado_165,GUADALAJARA,BAJIO,Primera mención,OTRAS,8.4,5,10,9
Entrevistado_166,Entrevistado_166,VILLAHERMOSA,SUR,Primera mención,UVM,6,9,7.8,2
Entrevistado_167,Entrevistado_167,MORELIA,BAJIO,Primera mención,OTRAS,10,8,5,8
Entrevistado_168,Entrevistado_168,COATZACOALCOS,SUR,Primera mención,OTRAS,9,5,10,8
Entrevistado_169,Entrevistado_169,MAZATLÁN,OCCIDENTE,Primera mención,OTRAS,9,10,3,8
Entrevistado_170,Entrevistado_170,GUADALAJARA,BAJIO,Primera mención,OTRAS,8.4,8,2,2
Entrevistado_171,Entrevistado_171,MORELIA,BAJIO,Primera mención,OTRAS,8.4,7,3,5
Entrevistado_172,Entrevistado_172,GUADALAJARA,BAJIO,Primera mención,OTRAS,9,9,3,8
Entrevistado_173,Entrevistado_173,LA PAZ,OCCIDENTE,Primera mención,OTRAS,9,8,10,7
Entrevistado_174,Entrevistado_174,MORELIA,BAJIO,Primera mención,OTRAS,8,8,5,10
Entrevistado_175,Entrevistado_175,GUADALAJARA,BAJIO,Primera mención,OTRAS,8.4,8,3,6
Entrevistado_176,Entrevistado_176,VILLAHERMOSA,SUR,Primera mención,UVM,8.4,8,10,8
Entrevistado_177,Entrevistado_177,MORELIA,BAJIO,Primera mención,OTRAS,6,6,10,8
Entrevistado_178,Entrevistado_178,GUADALAJARA,BAJIO,Primera mención,UVM,8,10,7.8,8
Entrevistado_179,Entrevistado_179,LEÓN,BAJIO,Primera mención,OTRAS,6,5,2,8
Entrevistado_180,Entrevistado_180,PUEBLA,CENTRO,Primera mención,OTRAS,8.4,10,7.8,9
Entrevistado_181,Entrevistado_181,LEÓN,BAJIO,Primera mención,OTRAS,7,9,7.8,8
Entrevistado_182,Entrevistado_182,GUADALAJARA,BAJIO,Primera mención,OTRAS,9,8,4,9
Entrevistado_183,Entrevistado_183,TUXTLA GUTIÉRREZ,SUR,Primera mención,OTRAS,8,6,7.8,10
Entrevistado_184,Entrevistado_184,AGUASCALIENTES,BAJIO,Primera mención,OTRAS,10,6,7.8,10
Entrevistado_185,Entrevistado_185,TIJUANA,OCCIDENTE,Primera mención,OTRAS,8,6,5,8
Entrevistado_186,Entrevistado_186,GUADALAJARA,BAJIO,Primera mención,OTRAS,8.4,6,1,8
Entrevistado_187,Entrevistado_187,IRAPUATO,BAJIO,Primera mención,ITESM,8.4,8,9,9
Entrevistado_188,Entrevistado_188,TUXTLA GUTIÉRREZ,SUR,Primera mención,OTRAS,10,8,9,8
Entrevistado_189,Entrevistado_189,MEXICALI,OCCIDENTE,Primera mención,OTRAS,8.4,9,10,3
Entrevistado_190,Entrevistado_190,QUERÉTARO,CENTRO,Primera mención,UVM,7,9,7.8,8
Entrevistado_191,Entrevistado_191,MORELIA,BAJIO,Primera mención,OTRAS,7,8,7.8,8
Entrevistado_192,Entrevistado_192,AGUASCALIENTES,BAJIO,Primera mención,OTRAS,8.4,8,9,8
Entrevistado_193,Entrevistado_193,ZAMORA,BAJIO,Primera mención,OTRAS,10,9,7.8,8
Entrevistado_194,Entrevistado_194,LEÓN,BAJIO,Primera mención,OTRAS,7,10,7.8,9
Entrevistado_195,Entrevistado_195,TUXTLA GUTIÉRREZ,SUR,Primera mención,UVM,9,10,7.8,8
Entrevistado_196,Entrevistado_196,XALAPA,ORIENTE,Primera mención,OTRAS,10,8,10,8
Entrevistado_197,Entrevistado_197,MORELIA,BAJIO,Primera mención,OTRAS,10,8,7.8,8
Entrevistado_198,Entrevistado_198,VILLAHERMOSA,SUR,Primera mención,OTRAS,8,8,7.8,6
Entrevistado_199,Entrevistado_199,CIUDAD DE MÉXICO,CENTRO,Primera mención,OTRAS,8,5,7.8,8
Entrevistado_200,Entrevistado_200,VERACRUZ,ORIENTE,Primera mención,OTRAS,10,9,1,7
Entrevistado_201,Entrevistado_201,TAPACHULA,SUR,Primera mención,OTRAS,10,5,10,8
Entrevistado_202,Entrevistado_202,MORELIA,BAJIO,Primera mención,OTRAS,8.4,10,7.8,8
Entrevistado_203,Entrevistado_203,AGUASCALIENTES,BAJIO,Primera mención,OTRAS,10,10,7.8,9
Entrevistado_204,Entrevistado_204,GUADALAJARA,BAJIO,Primera mención,OTRAS,10,8,7.8,8
Entrevistado_205,Entrevistado_205,MEXICALI,OCCIDENTE,Primera mención,OTRAS,5,8,7.8,8
Entrevistado_206,Entrevistado_206,GUADALAJARA,BAJIO,Primera mención,OTRAS,9,10,3,7
Entrevistado_207,Entrevistado_207,HERMOSILLO,OCCIDENTE,Primera mención,ITESM,8.4,8,7.8,8
Entrevistado_208,Entrevistado_208,TUXTLA GUTIÉRREZ,SUR,Primera mención,OTRAS,10,9,6,8
Entrevistado_209,Entrevistado_209,CIUDAD DE MÉXICO,CENTRO,Primera mención,ITESM,8.4,8,7.8,8
Entrevistado_210,Entrevistado_210,GUADALAJARA,BAJIO,Primera mención,OTRAS,10,6,10,4
Entrevistado_211,Entrevistado_211,MORELIA,BAJIO,Primera mención,OTRAS,9,6,7.8,9
Entrevistado_212,Entrevistado_212,COATZACOALCOS,SUR,Primera mención,OTRAS,10,9,1,8
Entrevistado_213,Entrevistado_213,GUADALAJARA,BAJIO,Primera mención,OTRAS,9,8,6,8
Entrevistado_214,Entrevistado_214,GUADALAJARA,BAJIO,Primera mención,OTRAS,9,3,6,8
Entrevistado_215,Entrevistado_215,ZAMORA,BAJIO,Primera mención,OTRAS,8,7,10,8
Entrevistado_216,Entrevistado_216,MEXICALI,OCCIDENTE,Primera mención,OTRAS,8.4,10,7.8,8
Entrevistado_217,Entrevistado_217,TEPIC,OCCIDENTE,Primera mención,OTRAS,8.4,8,7.8,8
Entrevistado_218,Entrevistado_218,ZAMORA,BAJIO,Primera mención,OTRAS,6,10,5,8
Entrevistado_219,Entrevistado_219,IRAPUATO,BAJIO,Primera mención,OTRAS,8,8,8,8
Entrevistado_220,Entrevistado_220,LEÓN,BAJIO,Primera mención,OTRAS,8,10,4,4
Entrevistado_221,Entrevistado_221,MONTERREY,NORTE,Primera mención,OTRAS,8.4,10,10,8
Entrevistado_222,Entrevistado_222,LA PAZ,OCCIDENTE,Primera mención,OTRAS,5,8,9,8
Entrevistado_223,Entrevistado_223,MORELIA,BAJIO,Primera mención,OTRAS,8,8,4,1
Entrevistado_224,Entrevistado_224,VILLAHERMOSA,SUR,Primera mención,OTRAS,9,9,7.8,6
Entrevistado_225,Entrevistado_225,MORELIA,BAJIO,Primera mención,OTRAS,9,10,6,8
Entrevistado_226,Entrevistado_226,MORELIA,BAJIO,Primera mención,OTRAS,8,8,7.8,3
Entrevistado_227,Entrevistado_227,CULIACÁN,OCCIDENTE,Primera mención,OTRAS,9,4,10,8
Entrevistado_228,Entrevistado_228,CULIACÁN,OCCIDENTE,Primera mención,OTRAS,6,10,7.8,8
Entrevistado_229,Entrevistado_229,VILLAHERMOSA,SUR,Primera mención,OTRAS,8,8,7.8,6
Entrevistado_230,Entrevistado_230,CULIACÁN,OCCIDENTE,Primera mención,OTRAS,10,8,4,7
Entrevistado_231,Entrevistado_231,COATZACOALCOS,SUR,Primera mención,OTRAS,5,8,10,8
Entrevistado_232,Entrevistado_232,CULIACÁN,OCCIDENTE,Primera mención,ITESM,8.4,8,7.8,10
Entrevistado_233,Entrevistado_233,LA PAZ,OCCIDENTE,Primera mención,OTRAS,10,8,7.8,10
Entrevistado_234,Entrevistado_234,MORELIA,BAJIO,Primera mención,OTRAS,8,10,7,9
Entrevistado_235,Entrevistado_235,GUADALAJARA,BAJIO,Primera mención,UVM,8.4,8,7.8,5
Entrevistado_236,Entrevistado_236,MORELIA,BAJIO,Primera mención,OTRAS,9,8,7.8,4
Entrevistado_237,Entrevistado_237,GUADALAJARA,BAJIO,Primera mención,OTRAS,7,8,7.8,8
Entrevistado_238,Entrevistado_238,MAZATLÁN,OCCIDENTE,Primera mención,OTRAS,8.4,5,6,8
Entrevistado_239,Entrevistado_239,COATZACOALCOS,SUR,Primera mención,OTRAS,9,10,7.8,8
Entrevistado_240,Entrevistado_240,LOS CABOS,OCCIDENTE,Primera mención,OTRAS,8,6,8,8
Entrevistado_241,Entrevistado_241,HERMOSILLO,OCCIDENTE,Primera mención,OTRAS,4,8,10,8
Entrevistado_242,Entrevistado_242,CIUDAD DE MÉXICO,CENTRO,Primera mención,OTRAS,8,8,9,8
Entrevistado_243,Entrevistado_243,GUADALAJARA,BAJIO,Primera mención,OTRAS,10,6,7.8,8
Entrevistado_244,Entrevistado_244,TEPIC,OCCIDENTE,Primera mención,OTRAS,10,8,4,8
Entrevistado_245,Entrevistado_245,GUADALAJARA,BAJIO,Primera mención,OTRAS,9,3,10,5
Entrevistado_246,Entrevistado_246,TEPIC,OCCIDENTE,Primera mención,OTRAS,8,10,7.8,8
Entrevistado_247,Entrevistado_247,GUADALAJARA,BAJIO,Primera mención,OTRAS,5,10,1,8
Entrevistado_248,Entrevistado_248,GUADALAJARA,BAJIO,Primera mención,OTRAS,8,9,7.8,4
Entrevistado_249,Entrevistado_249,VILLAHERMOSA,SUR,Primera mención,UVM,6,8,7,8
Entrevistado_250,Entrevistado_250,GUADALAJARA,BAJIO,Primera mención,OTRAS,6,9,7.8,2
Entrevistado_251,Entrevistado_251,CULIACÁN,OCCIDENTE,Primera mención,OTRAS,6,8,10,10
Entrevistado_252,Entrevistado_252,CULIACÁN,OCCIDENTE,Primera mención,ITESM,8,8,1,8
Entrevistado_253,Entrevistado_253,MEXICALI,OCCIDENTE,Primera mención,OTRAS,7,8,7.8,8
Entrevistado_254,Entrevistado_254,CIUDAD DE MÉXICO,CENTRO,Primera mención,OTRAS,7,1,3,8
Entrevistado_255,Entrevistado_255,COATZACOALCOS,SUR,Primera mención,OTRAS,8.4,8,10,10
Entrevistado_256,Entrevistado_256,GUADALAJARA,BAJIO,Primera mención,OTRAS,8.4,8,7,10
Entrevistado_257,Entrevistado_257,GUADALAJARA,BAJIO,Primera mención,OTRAS,8.4,10,2,9
Entrevistado_258,Entrevistado_258,GUADALAJARA,BAJIO,Primera mención,OTRAS,8,8,10,8
Entrevistado_259,Entrevistado_259,CULIACÁN,OCCIDENTE,Primera mención,OTRAS,8.4,8,10,8
Entrevistado_260,Entrevistado_260,LA PAZ,OCCIDENTE,Primera mención,OTRAS,10,7,7.8,8
Entrevistado_261,Entrevistado_261,MORELIA,BAJIO,Primera mención,OTRAS,10,5,4,8
Entrevistado_262,Entrevistado_262,GUADALAJARA,BAJIO,Primera mención,OTRAS,7,8,5,10
Entrevistado_263,Entrevistado_263,GUADALAJARA,BAJIO,Primera mención,OTRAS,10,10,7,8
Entrevistado_264,Entrevistado_264,MAZATLÁN,OCCIDENTE,Primera mención,OTRAS,10,7,7.8,10
Entrevistado_265,Entrevistado_265,MORELIA,BAJIO,Primera mención,OTRAS,10,7,10,8
Entrevistado_266,Entrevistado_266,AGUASCALIENTES,BAJIO,Primera mención,ITESM,7,10,8,8
Entrevistado_267,Entrevistado_267,MONTERREY,NORTE,Primera mención,ITESM,10,10,10,8
Entrevistado_268,Entrevistado_268,GUADALAJARA,BAJIO,Primera mención,OTRAS,10,8,2,8
Entrevistado_269,Entrevistado_269,MORELIA,BAJIO,Primera mención,OTRAS,8,8,7.8,10
Entrevistado_270,Entrevistado_270,GUADALAJARA,BAJIO,Primera mención,ITESM,10,7,10,9
Entrevistado_271,Entrevistado_271,VILLAHERMOSA,SUR,Primera mención,UVM,9,7,7.8,8
Entrevistado_272,Entrevistado_272,MONTERREY,NORTE,Primera mención,ITESM,9,7,6,5
Entrevistado_273,Entrevistado_273,TUXTLA GUTIÉRREZ,SUR,Primera mención,ITESM,8,1,9,8
Entrevistado_274,Entrevistado_274,MORELIA,BAJIO,Primera mención,OTRAS,8.4,2,8,8
Entrevistado_275,Entrevistado_275,HERMOSILLO,OCCIDENTE,Primera mención,OTRAS,10,7,7.8,6
Entrevistado_276,Entrevistado_276,VILLAHERMOSA,SUR,Primera mención,UVM,7,3,7.8,7
Entrevistado_277,Entrevistado_277,COATZACOALCOS,SUR,Primera mención,OTRAS,9,8,6,8
Entrevistado_278,Entrevistado_278,MÉRIDA,SUR,Primera mención,OTRAS,9,8,7.8,8
Entrevistado_279,Entrevistado_279,HERMOSILLO,OCCIDENTE,Primera mención,OTRAS,8.4,10,7,6
Entrevistado_280,Entrevistado_280,CIUDAD DE MÉXICO,CENTRO,Primera mención,ITESM,9,3,7.8,8
Entrevistado_281,Entrevistado_281,QUERÉTARO,CENTRO,Primera mención,ANÁHUAC,5,8,8,7
Entrevistado_282,Entrevistado_282,GUADALAJARA,BAJIO,Primera mención,OTRAS,9,9,4,8
Entrevistado_283,Entrevistado_283,HERMOSILLO,OCCIDENTE,Primera mención,OTRAS,8,10,7.8,10
Entrevistado_284,Entrevistado_284,IRAPUATO,BAJIO,Primera mención,OTRAS,8.4,10,7.8,10
Entrevistado_285,Entrevistado_285,COATZACOALCOS,SUR,Primera mención,OTRAS,10,7,7.8,8
Entrevistado_286,Entrevistado_286,VILLAHERMOSA,SUR,Primera mención,OTRAS,10,8,10,10
Entrevistado_287,Entrevistado_287,MEXICALI,OCCIDENTE,Primera mención,OTRAS,7,10,6,6
Entrevistado_288,Entrevistado_288,GUADALAJARA,BAJIO,Primera mención,OTRAS,6,10,1,6
Entrevistado_289,Entrevistado_289,LEÓN,BAJIO,Primera mención,OTRAS,7,8,5,8
Entrevistado_290,Entrevistado_290,GUADALAJARA,BAJIO,Primera mención,OTRAS,6,8,2,9
Entrevistado_291,Entrevistado_291,PUEBLA,CENTRO,Primera mención,OTRAS,10,10,10,8
Entrevistado_292,Entrevistado_292,GUADALAJARA,BAJIO,Primera mención,OTRAS,7,8,1,10
Entrevistado_293,Entrevistado_293,HERMOSILLO,OCCIDENTE,Primera mención,OTRAS,10,8,7.8,8
Entrevistado_294,Entrevistado_294,IRAPUATO,BAJIO,Primera mención,OTRAS,10,7,8,8
Entrevistado_295,Entrevistado_295,GUADALAJARA,BAJIO,Primera mención,OTRAS,7,8,10,8
Entrevistado_296,Entrevistado_296,AGUASCALIENTES,BAJIO,Primera mención,UVM,8.4,10,7.8,10
Entrevistado_297,Entrevistado_297,MORELIA,BAJIO,Primera mención,OTRAS,9,8,7.8,8
Entrevistado_298,Entrevistado_298,COATZACOALCOS,SUR,Primera mención,OTRAS,8,10,7.8,10
Entrevistado_299,Entrevistado_299,COATZACOALCOS,SUR,Primera mención,OTRAS,8.4,10,7.8,7
Entrevistado_300,Entrevistado_300,GUADALAJARA,BAJIO,Primera mención,OTRAS,9,8,3,10
Entrevistado_301,Entrevistado_301,VERACRUZ,ORIENTE,Primera mención,OTRAS,7,8,7,9
Entrevistado_302,Entrevistado_302,MORELIA,BAJIO,Primera mención,OTRAS,10,6,10,7
Entrevistado_303,Entrevistado_303,CÓRDOBA,ORIENTE,Primera mención,ITESM,6,8,5,8
Entrevistado_304,Entrevistado_304,CIUDAD DE MÉXICO,CENTRO,Primera mención,OTRAS,6,5,9,5
Entrevistado_305,Entrevistado_305,IRAPUATO,BAJIO,Primera mención,OTRAS,10,10,7.8,4
Entrevistado_306,Entrevistado_306,TUXTLA GUTIÉRREZ,SUR,Primera mención,OTRAS,7,10,10,8
Entrevistado_307,Entrevistado_307,TEPIC,OCCIDENTE,Primera mención,OTRAS,10,3,9,8
Entrevistado_308,Entrevistado_308,TUXTLA GUTIÉRREZ,SUR,Primera mención,OTRAS,8.4,9,7.8,8
Entrevistado_309,Entrevistado_309,GUADALAJARA,BAJIO,Primera mención,OTRAS,8.4,6,7.8,8
Entrevistado_310,Entrevistado_310,CULIACÁN,OCCIDENTE,Primera mención,OTRAS,8.4,9,3,10
Entrevistado_311,Entrevistado_311,LEÓN,BAJIO,Primera mención,OTRAS,8,10,7.8,8
Entrevistado_312,Entrevistado_312,TUXTLA GUTIÉRREZ,SUR,Primera mención,OTRAS,10,6,7.8,10
Entrevistado_313,Entrevistado_313,MORELIA,BAJIO,Primera mención,OTRAS,8,7,7.8,8
Entrevistado_314,Entrevistado_314,GUADALAJARA,BAJIO,Primera mención,OTRAS,9,9,5,8
Entrevistado_315,Entrevistado_315,MORELIA,BAJIO,Primera mención,OTRAS,10,8,5,8
Entrevistado_316,Entrevistado_316,MORELIA,BAJIO,Primera mención,OTRAS,8.4,8,7.8,6
Entrevistado_317,Entrevistado_317,QUERÉTARO,CENTRO,Primera mención,UVM,7,8,7.8,7
Entrevistado_318,Entrevistado_318,HERMOSILLO,OCCIDENTE,Primera mención,OTRAS,9,10,7.8,8
Entrevistado_319,Entrevistado_319,TIJUANA,OCCIDENTE,Primera mención,OTRAS,6,6,7.8,8
Entrevistado_320,Entrevistado_320,IRAPUATO,BAJIO,Primera mención,OTRAS,7,8,10,5
Entrevistado_321,Entrevistado_321,VILLAHERMOSA,SUR,Primera mención,OTRAS,8,8,10,8
Entrevistado_322,Entrevistado_322,VILLAHERMOSA,SUR,Primera mención,OTRAS,5,8,7.8,2
Entrevistado_323,Entrevistado_323,TIJUANA,OCCIDENTE,Primera mención,OTRAS,8.4,6,7.8,10
Entrevistado_324,Entrevistado_324,GUADALAJARA,BAJIO,Primera mención,OTRAS,10,8,6,8
Entrevistado_325,Entrevistado_325,CIUDAD DE MÉXICO,CENTRO,Primera mención,ITESM,8,9,6,8
Entrevistado_326,Entrevistado_326,MONTERREY,NORTE,Primera mención,ITESM,8.4,9,7,8
Entrevistado_327,Entrevistado_327,TAPACHULA,SUR,Primera mención,OTRAS,8.4,1,7.8,8
Entrevistado_328,Entrevistado_328,TEPIC,OCCIDENTE,Primera mención,OTRAS,8,5,7.8,8
Entrevistado_329,Entrevistado_329,COATZACOALCOS,SUR,Primera mención,OTRAS,8.4,8,7.8,9
Entrevistado_330,Entrevistado_330,GUADALAJARA,BAJIO,Primera mención,ITESM,8.4,10,6,3
Entrevistado_331,Entrevistado_331,MONTERREY,NORTE,Primera mención,ITESM,10,6,7.8,8
Entrevistado_332,Entrevistado_332,HERMOSILLO,OCCIDENTE,Primera mención,UVM,8.4,9,10,10
Entrevistado_333,Entrevistado_333,COATZACOALCOS,SUR,Primera mención,OTRAS,9,8,7.8,10
Entrevistado_334,Entrevistado_334,AGUASCALIENTES,BAJIO,Primera mención,UVM,10,4,10,8
Entrevistado_335,Entrevistado_335,AGUASCALIENTES,BAJIO,Primera mención,UVM,10,6,7.8,8
Entrevistado_336,Entrevistado_336,VILLAHERMOSA,SUR,Primera mención,UVM,10,9,7.8,10
Entrevistado_337,Entrevistado_337,MONTERREY,NORTE,Primera mención,ITESM,8.4,10,10,10
Entrevistado_338,Entrevistado_338,LEÓN,BAJIO,Primera mención,ITESM,8.4,8,10,6
Entrevistado_339,Entrevistado_339,LEÓN,BAJIO,Primera mención,OTRAS,8.4,10,10,10
Entrevistado_340,Entrevistado_340,QUERÉTARO,CENTRO,Primera mención,UVM,8.4,10,7.8,8
Entrevistado_341,Entrevistado_341,LA PAZ,OCCIDENTE,Primera mención,OTRAS,8,10,2,8
Entrevistado_342,Entrevistado_342,GUADALAJARA,BAJIO,Primera mención,OTRAS,9,10,6,10
Entrevistado_343,Entrevistado_343,GUADALAJARA,BAJIO,Primera mención,OTRAS,10,10,7.8,8
Entrevistado_344,Entrevistado_344,CULIACÁN,OCCIDENTE,Primera mención,OTRAS,7,9,10,8
Entrevistado_345,Entrevistado_345,CIUDAD DE MÉXICO,CENTRO,Primera mención,ITESM,10,8,7.8,5
Entrevistado_346,Entrevistado_346,AGUASCALIENTES,BAJIO,Primera mención,ITESM,10,8,9,6
Entrevistado_347,Entrevistado_347,CD. OBREGÓN,OCCIDENTE,Primera mención,OTRAS,9,8,8,5
Entrevistado_348,Entrevistado_348,AGUASCALIENTES,BAJIO,Primera mención,OTRAS,10,8,3,8
Entrevistado_349,Entrevistado_349,MAZATLÁN,OCCIDENTE,Primera mención,OTRAS,10,8,10,2
Entrevistado_350,Entrevistado_350,QUERÉTARO,CENTRO,Primera mención,UVM,5,8,8,8
Entrevistado_351,Entrevistado_351,VILLAHERMOSA,SUR,Primera mención,OTRAS,9,8,10,8
Entrevistado_352,Entrevistado_352,MEXICALI,OCCIDENTE,Primera mención,OTRAS,6,8,10,8
Entrevistado_353,Entrevistado_353,TEPIC,OCCIDENTE,Primera mención,OTRAS,8,8,7.8,8
Entrevistado_354,Entrevistado_354,CIUDAD DE MÉXICO,CENTRO,Primera mención,ITESM,10,8,8,7
Entrevistado_355,Entrevistado_355,PUEBLA,CENTRO,Primera mención,OTRAS,10,8,7.8,8
Entrevistado_356,Entrevistado_356,MORELIA,BAJIO,Primera mención,OTRAS,10,8,2,8
Entrevistado_357,Entrevistado_357,MORELIA,BAJIO,Primera mención,OTRAS,9,8,10,1
Entrevistado_358,Entrevistado_358,VILLAHERMOSA,SUR,Primera mención,OTRAS,10,9,10,8
Entrevistado_359,Entrevistado_359,COATZACOALCOS,SUR,Primera mención,OTRAS,10,1,10,8
Entrevistado_360,Entrevistado_360,VILLAHERMOSA,SUR,Primera mención,OTRAS,8.4,7,8,8
Entrevistado_361,Entrevistado_361,GUADALAJARA,BAJIO,Primera mención,OTRAS,8.4,7,7.8,8
Entrevistado_362,Entrevistado_362,AGUASCALIENTES,BAJIO,Primera mención,OTRAS,10,8,7.8,7
Entrevistado_363,Entrevistado_363,IRAPUATO,BAJIO,Primera mención,ITESM,6,8,7.8,7
Entrevistado_364,Entrevistado_364,CULIACÁN,OCCIDENTE,Primera mención,OTRAS,8,9,5,9
Entrevistado_365,Entrevistado_365,COATZACOALCOS,SUR,Primera mención,OTRAS,9,8,10,10
Entrevistado_366,Entrevistado_366,MORELIA,BAJIO,Primera mención,OTRAS,8.4,6,9,10
Entrevistado_367,Entrevistado_367,MORELIA,BAJIO,Primera mención,OTRAS,5,9,7.8,9
Entrevistado_368,Entrevistado_368,LEÓN,BAJIO,Primera mención,OTRAS,8,10,10,10
Entrevistado_369,Entrevistado_369,AGUASCALIENTES,BAJIO,Primera mención,OTRAS,6,4,7.8,8
Entrevistado_370,Entrevistado_370,GUADALAJARA,BAJIO,Primera mención,OTRAS,5,3,7,10
Entrevistado_371,Entrevistado_371,MORELIA,BAJIO,Primera mención,OTRAS,7,10,7.8,8
Entrevistado_372,Entrevistado_372,MORELIA,BAJIO,Primera mención,OTRAS,10,10,6,4
Entrevistado_373,Entrevistado_373,MONTERREY,NORTE,Primera mención,OTRAS,5,7,7.8,10
Entrevistado_374,Entrevistado_374,TEPIC,OCCIDENTE,Primera mención,OTRAS,10,8,6,6
Entrevistado_375,Entrevistado_375,GUADALAJARA,BAJIO,Primera mención,ITESM,9,8,8,8
Entrevistado_376,Entrevistado_376,GUADALAJARA,BAJIO,Primera mención,UVM,9,9,10,8
Entrevistado_377,Entrevistado_377,GUADALAJARA,BAJIO,Primera mención,UVM,10,8,1,3
Entrevistado_378,Entrevistado_378,MORELIA,BAJIO,Primera mención,OTRAS,8,3,7.8,7
Entrevistado_379,Entrevistado_379,GUADALAJARA,BAJIO,Primera mención,OTRAS,8.4,9,4,8
Entrevistado_380,Entrevistado_380,LEÓN,BAJIO,Primera mención,OTRAS,10,8,7.8,9
Entrevistado_381,Entrevistado_381,AGUASCALIENTES,BAJIO,Primera mención,UVM,10,5,3,3
Entrevistado_382,Entrevistado_382,IRAPUATO,BAJIO,Primera mención,OTRAS,7,4,7.8,10
Entrevistado_383,Entrevistado_383,LOS CABOS,OCCIDENTE,Primera mención,OTRAS,10,8,7.8,6
Entrevistado_384,Entrevistado_384,PUEBLA,CENTRO,Primera mención,OTRAS,8.4,10,7.8,8
Entrevistado_385,Entrevistado_385,GUADALAJARA,BAJIO,Primera mención,OTRAS,8.4,7,10,8
Entrevistado_386,Entrevistado_386,AGUASCALIENTES,BAJIO,Primera mención,OTRAS,9,10,7.8,8
Entrevistado_387,Entrevistado_387,GUADALAJARA,BAJIO,Primera mención,OTRAS,10,9,7,8
Entrevistado_388,Entrevistado_388,TEPIC,OCCIDENTE,Primera mención,OTRAS,8.4,8,10,8
Entrevistado_389,Entrevistado_389,CIUDAD DE MÉXICO,CENTRO,Primera mención,OTRAS,7,7,8,8
Entrevistado_390,Entrevistado_390,GUADALAJARA,BAJIO,Primera mención,OTRAS,7,7,7.8,8
Entrevistado_391,Entrevistado_391,IRAPUATO,BAJIO,Primera mención,OTRAS,5,6,10,8
Entrevistado_392,Entrevistado_392,TUXTLA GUTIÉRREZ,SUR,Primera mención,OTRAS,10,9,6,8
Entrevistado_393,Entrevistado_393,LEÓN,BAJIO,Primera mención,OTRAS,10,10,7.8,8
Entrevistado_394,Entrevistado_394,PUEBLA,CENTRO,Primera mención,OTRAS,6,8,4,10
Entrevistado_395,Entrevistado_395,COATZACOALCOS,SUR,Primera mención,OTRAS,10,10,4,8
Entrevistado_396,Entrevistado_396,GUADALAJARA,BAJIO,Primera mención,OTRAS,8.4,10,6,9
Entrevistado_397,Entrevistado_397,VILLAHERMOSA,SUR,Primera mención,OTRAS,10,10,7.8,10
Entrevistado_398,Entrevistado_398,LA PAZ,OCCIDENTE,Primera mención,OTRAS,7,8,4,8
Entrevistado_399,Entrevistado_399,AGUASCALIENTES,BAJIO,Primera mención,UVM,10,10,10,8
Entrevistado_400,Entrevistado_400,TUXTLA GUTIÉRREZ,SUR,Primera mención,OTRAS,7,8,7.8,8
Entrevistado_401,Entrevistado_401,COATZACOALCOS,SUR,Primera mención,OTRAS,9,8,10,8
Entrevistado_402,Entrevistado_402,IRAPUATO,BAJIO,Primera mención,OTRAS,7,6,1,8
Entrevistado_403,Entrevistado_403,CIUDAD DE MÉXICO,CENTRO,Primera mención,ANÁHUAC,10,8,4,8
Entrevistado_404,Entrevistado_404,CULIACÁN,OCCIDENTE,Primera mención,OTRAS,8,8,6,10
Entrevistado_405,Entrevistado_405,GUADALAJARA,BAJIO,Primera mención,OTRAS,8,8,2,7
Entrevistado_406,Entrevistado_406,GUADALAJARA,BAJIO,Primera mención,OTRAS,5,8,10,8
Entrevistado_407,Entrevistado_407,CIUDAD DE MÉXICO,CENTRO,Primera mención,UVM,10,5,7.8,10
Entrevistado_408,Entrevistado_408,LEÓN,BAJIO,Primera mención,OTRAS,8.4,6,7.8,10
Entrevistado_409,Entrevistado_409,MORELIA,BAJIO,Primera mención,OTRAS,10,8,7,8
Entrevistado_410,Entrevistado_410,GUADALAJARA,BAJIO,Primera mención,OTRAS,8,5,8,8
Entrevistado_411,Entrevistado_411,LEÓN,BAJIO,Primera mención,OTRAS,8,10,7.8,8
Entrevistado_412,Entrevistado_412,GUADALAJARA,BAJIO,Primera mención,OTRAS,8,7,7.8,8
Entrevistado_413,Entrevistado_413,GUADALAJARA,BAJIO,Primera mención,OTRAS,8,8,2,3
Entrevistado_414,Entrevistado_414,GUADALAJARA,BAJIO,Primera mención,OTRAS,3,10,7.8,7
Entrevistado_415,Entrevistado_415,QUERÉTARO,CENTRO,Primera mención,OTRAS,9,8,10,9
Entrevistado_416,Entrevistado_416,HERMOSILLO,OCCIDENTE,Primera mención,OTRAS,9,10,3,9
Entrevistado_417,Entrevistado_417,MEXICALI,OCCIDENTE,Primera mención,OTRAS,10,8,5,8
Entrevistado_418,Entrevistado_418,CIUDAD DE MÉXICO,CENTRO,Primera mención,OTRAS,7,8,9,8
Entrevistado_419,Entrevistado_419,GUADALAJARA,BAJIO,Primera mención,OTRAS,9,10,7.8,9
Entrevistado_420,Entrevistado_420,HERMOSILLO,OCCIDENTE,Primera mención,ITESM,7,8,7.8,8
Entrevistado_421,Entrevistado_421,TEPIC,OCCIDENTE,Primera mención,OTRAS,9,7,7.8,8
Entrevistado_422,Entrevistado_422,GUADALAJARA,BAJIO,Primera mención,OTRAS,10,1,7.8,7
Entrevistado_423,Entrevistado_423,GUADALAJARA,BAJIO,Primera mención,ITESM,5,8,7,8
Entrevistado_424,Entrevistado_424,MORELIA,BAJIO,Primera mención,OTRAS,10,8,10,8
Entrevistado_425,Entrevistado_425,GUADALAJARA,BAJIO,Primera mención,OTRAS,10,8,7.8,8
Entrevistado_426,Entrevistado_426,GUADALAJARA,BAJIO,Primera mención,OTRAS,7,6,10,8
Entrevistado_427,Entrevistado_427,TUXTLA GUTIÉRREZ,SUR,Primera mención,OTRAS,10,5,1,8
Entrevistado_428,Entrevistado_428,GUADALAJARA,BAJIO,Primera mención,OTRAS,10,10,7.8,8
Entrevistado_429,Entrevistado_429,COATZACOALCOS,SUR,Primera mención,OTRAS,9,8,8,6
Entrevistado_430,Entrevistado_430,LEÓN,BAJIO,Primera mención,OTRAS,8,10,10,8
Entrevistado_431,Entrevistado_431,VERACRUZ,ORIENTE,Primera mención,OTRAS,8.4,4,4,8
Entrevistado_432,Entrevistado_432,GUADALAJARA,BAJIO,Primera mención,OTRAS,10,8,7.8,8
Entrevistado_433,Entrevistado_433,COATZACOALCOS,SUR,Primera mención,OTRAS,10,10,10,8
Entrevistado_434,Entrevistado_434,VILLAHERMOSA,SUR,Primera mención,OTRAS,8.4,10,7.8,5
Entrevistado_435,Entrevistado_435,LA PAZ,OCCIDENTE,Primera mención,OTRAS,8.4,8,1,10
Entrevistado_436,Entrevistado_436,VILLAHERMOSA,SUR,Primera mención,OTRAS,8.4,8,8,4
Entrevistado_437,Entrevistado_437,MONTERREY,NORTE,Primera mención,ITESM,10,8,7.8,9
Entrevistado_438,Entrevistado_438,MONTERREY,NORTE,Primera mención,OTRAS,8.4,9,7.8,7
Entrevistado_439,Entrevistado_439,GUADALAJARA,BAJIO,Primera mención,ITESM,7,4,6,8
Entrevistado_440,Entrevistado_440,MORELIA,BAJIO,Primera mención,OTRAS,10,8,7.8,8
Entrevistado_441,Entrevistado_441,CULIACÁN,OCCIDENTE,Primera mención,OTRAS,8.4,9,5,8
Entrevistado_442,Entrevistado_442,TEPIC,OCCIDENTE,Primera mención,OTRAS,9,8,7.8,9
Entrevistado_443,Entrevistado_443,GUADALAJARA,BAJIO,Primera mención,OTRAS,6,10,6,8
Entrevistado_444,Entrevistado_444,GUADALAJARA,BAJIO,Primera mención,OTRAS,7,6,10,8
Entrevistado_445,Entrevistado_445,ZAMORA,BAJIO,Primera mención,OTRAS,5,9,10,7
Entrevistado_446,Entrevistado_446,LEÓN,BAJIO,Primera mención,OTRAS,8.4,3,7.8,8
Entrevistado_447,Entrevistado_447,MORELIA,BAJIO,Primera mención,OTRAS,6,5,9,8
Entrevistado_448,Entrevistado_448,LEÓN,BAJIO,Primera mención,OTRAS,8,8,7.8,8
Entrevistado_449,Entrevistado_449,LOS CABOS,OCCIDENTE,Primera mención,OTRAS,8.4,6,7.8,9
Entrevistado_450,Entrevistado_450,VILLAHERMOSA,SUR,Primera mención,OTRAS,5,8,7.8,8
Entrevistado_451,Entrevistado_451,LEÓN,BAJIO,Primera mención,ITESM,8.4,6,7.8,8
Entrevistado_452,Entrevistado_452,LEÓN,BAJIO,Primera mención,OTRAS,4,6,4,10
Entrevistado_453,Entrevistado_453,COATZACOALCOS,SUR,Primera mención,OTRAS,10,8,9,8
Entrevistado_454,Entrevistado_454,VILLAHERMOSA,SUR,Primera mención,UVM,10,7,7.8,8
Entrevistado_455,Entrevistado_455,GUADALAJARA,BAJIO,Primera mención,OTRAS,10,7,1,8
Entrevistado_456,Entrevistado_456,VILLAHERMOSA,SUR,Primera mención,OTRAS,8.4,2,6,8
Entrevistado_457,Entrevistado_457,TEPIC,OCCIDENTE,Primera mención,OTRAS,8,9,9,10
Entrevistado_458,Entrevistado_458,MAZATLÁN,OCCIDENTE,Primera mención,OTRAS,8.4,6,9,8
Entrevistado_459,Entrevistado_459,CIUDAD DE MÉXICO,CENTRO,Primera mención,ITESM,9,8,7.8,8
Entrevistado_460,Entrevistado_460,LEÓN,BAJIO,Primera mención,OTRAS,10,8,3,5
Entrevistado_461,Entrevistado_461,VILLAHERMOSA,SUR,Primera mención,OTRAS,7,10,7,8
Entrevistado_462,Entrevistado_462,LA PAZ,OCCIDENTE,Primera mención,OTRAS,3,6,5,8
Entrevistado_463,Entrevistado_463,HERMOSILLO,OCCIDENTE,Primera mención,OTRAS,9,5,6,8
Entrevistado_464,Entrevistado_464,MEXICALI,OCCIDENTE,Primera mención,OTRAS,8,7,8,8
Entrevistado_465,Entrevistado_465,GUADALAJARA,BAJIO,Primera mención,OTRAS,8.4,4,7.8,7
Entrevistado_466,Entrevistado_466,MEXICALI,OCCIDENTE,Primera mención,OTRAS,5,8,2,9
Entrevistado_467,Entrevistado_467,CIUDAD DE MÉXICO,CENTRO,Primera mención,OTRAS,7,10,7.8,5
Entrevistado_468,Entrevistado_468,GUADALAJARA,BAJIO,Primera mención,OTRAS,9,6,7.8,8
Entrevistado_469,Entrevistado_469,MEXICALI,OCCIDENTE,Primera mención,OTRAS,10,6,2,8
Entrevistado_470,Entrevistado_470,HERMOSILLO,OCCIDENTE,Primera mención,OTRAS,8.4,8,9,5
Entrevistado_471,Entrevistado_471,HERMOSILLO,OCCIDENTE,Primera mención,OTRAS,10,5,10,6
Entrevistado_472,Entrevistado_472,TEPIC,OCCIDENTE,Primera mención,OTRAS,8,6,7.8,10
Entrevistado_473,Entrevistado_473,VILLAHERMOSA,SUR,Primera mención,OTRAS,8.4,8,7.8,8
Entrevistado_474,Entrevistado_474,MORELIA,BAJIO,Primera mención,OTRAS,9,6,7.8,9
Entrevistado_475,Entrevistado_475,GUADALAJARA,BAJIO,Primera mención,OTRAS,8,8,7.8,8
Entrevistado_476,Entrevistado_476,GUADALAJARA,BAJIO,Primera mención,OTRAS,9,9,2,8
Entrevistado_477,Entrevistado_477,VILLAHERMOSA,SUR,Primera mención,OTRAS,10,8,7.8,8
Entrevistado_478,Entrevistado_478,GUADALAJARA,BAJIO,Primera mención,OTRAS,10,8,5,8
Entrevistado_479,Entrevistado_479,GUADALAJARA,BAJIO,Primera mención,OTRAS,10,6,1,8
Entrevistado_480,Entrevistado_480,GUADALAJARA,BAJIO,Primera mención,OTRAS,10,8,7,10
Entrevistado_481,Entrevistado_481,QUERÉTARO,CENTRO,Primera mención,ANÁHUAC,6,9,7.8,7
Entrevistado_482,Entrevistado_482,MEXICALI,OCCIDENTE,Primera mención,OTRAS,10,9,2,8
Entrevistado_483,Entrevistado_483,GUADALAJARA,BAJIO,Primera mención,ITESM,8.4,4,2,8
Entrevistado_484,Entrevistado_484,CIUDAD DE MÉXICO,CENTRO,Primera mención,UVM,8,8,7.8,9
Entrevistado_485,Entrevistado_485,TUXTLA GUTIÉRREZ,SUR,Primera mención,UVM,9,5,7.8,7
Entrevistado_486,Entrevistado_486,VILLAHERMOSA,SUR,Primera mención,UVM,8.4,10,7.8,10
Entrevistado_487,Entrevistado_487,VILLAHERMOSA,SUR,Primera mención,UVM,8.4,9,7.8,8
Entrevistado_488,Entrevistado_488,LOS CABOS,OCCIDENTE,Primera mención,OTRAS,8,7,10,8
Entrevistado_489,Entrevistado_489,TEPIC,OCCIDENTE,Primera mención,OTRAS,7,10,6,8
Entrevistado_490,Entrevistado_490,GUADALAJARA,BAJIO,Primera mención,OTRAS,10,8,7.8,10
Entrevistado_491,Entrevistado_491,AGUASCALIENTES,BAJIO,Primera mención,OTRAS,10,8,10,8
Entrevistado_492,Entrevistado_492,MORELIA,BAJIO,Primera mención,OTRAS,9,10,1,8
Entrevistado_493,Entrevistado_493,GUADALAJARA,BAJIO,Primera mención,OTRAS,8.4,8,4,8
Entrevistado_494,Entrevistado_494,PUEBLA,CENTRO,Primera mención,OTRAS,9,8,1,9
Entrevistado_495,Entrevistado_495,GUADALAJARA,BAJIO,Primera mención,OTRAS,10,8,10,8
Entrevistado_496,Entrevistado_496,VILLAHERMOSA,SUR,Primera mención,UVM,10,6,10,8
Entrevistado_497,Entrevistado_497,IRAPUATO,BAJIO,Primera mención,OTRAS,10,8,7.8,8
Entrevistado_498,Entrevistado_498,CIUDAD DE MÉXICO,CENTRO,Primera mención,OTRAS,10,8,7.8,10
Entrevistado_499,Entrevistado_499,GUADALAJARA,BAJIO,Primera mención,OTRAS,8.4,10,5,8
Entrevistado_500,Entrevistado_500,MORELIA,BAJIO,Primera mención,ITESM,9,7,7.8,8
Entrevistado_501,Entrevistado_501,TUXTLA GUTIÉRREZ,SUR,Primera mención,ITESM,10,6,7.8,8
Entrevistado_502,Entrevistado_502,QUERÉTARO,CENTRO,Primera mención,UVM,8,5,7.8,8
Entrevistado_503,Entrevistado_503,CIUDAD DE MÉXICO,CENTRO,Primera mención,ITESM,8.4,7,7.8,9
Entrevistado_504,Entrevistado_504,GUADALAJARA,BAJIO,Primera mención,OTRAS,8,8,7.8,8
Entrevistado_505,Entrevistado_505,IRAPUATO,BAJIO,Primera mención,OTRAS,10,8,7.8,10
Entrevistado_506,Entrevistado_506,TEPIC,OCCIDENTE,Primera mención,OTRAS,10,8,8,8
Entrevistado_507,Entrevistado_507,MORELIA,BAJIO,Primera mención,OTRAS,10,4,8,1
Entrevistado_508,Entrevistado_508,GUADALAJARA,BAJIO,Primera mención,OTRAS,10,6,10,8
Entrevistado_509,Entrevistado_509,HERMOSILLO,OCCIDENTE,Primera mención,ITESM,10,10,7,8
Entrevistado_510,Entrevistado_510,GUADALAJARA,BAJIO,Primera mención,OTRAS,10,8,7.8,8
Entrevistado_511,Entrevistado_511,TUXTLA GUTIÉRREZ,SUR,Primera mención,OTRAS,9,10,7.8,9
Entrevistado_512,Entrevistado_512,CIUDAD DE MÉXICO,CENTRO,Primera mención,ITESM,8,10,7.8,10
Entrevistado_513,Entrevistado_513,TEPIC,OCCIDENTE,Primera mención,OTRAS,7,1,4,8
Entrevistado_514,Entrevistado_514,MORELIA,BAJIO,Primera mención,OTRAS,5,8,7.8,8
Entrevistado_515,Entrevistado_515,GUADALAJARA,BAJIO,Primera mención,OTRAS,8.4,8,7.8,7
Entrevistado_516,Entrevistado_516,VILLAHERMOSA,SUR,Primera mención,OTRAS,8,8,2,8
Entrevistado_517,Entrevistado_517,ZAMORA,BAJIO,Primera mención,OTRAS,8.4,1,7,8
Entrevistado_518,Entrevistado_518,TUXTLA GUTIÉRREZ,SUR,Primera mención,OTRAS,8.4,8,10,7
Entrevistado_519,Entrevistado_519,MORELIA,BAJIO,Primera mención,OTRAS,8.4,8,7.8,10
Entrevistado_520,Entrevistado_520,LA PAZ,OCCIDENTE,Primera mención,OTRAS,6,8,7.8,7
Entrevistado_521,Entrevistado_521,CULIACÁN,OCCIDENTE,Primera mención,OTRAS,8,8,5,8
Entrevistado_522,Entrevistado_522,GUADALAJARA,BAJIO,Primera mención,OTRAS,10,8,7.8,8
Entrevistado_523,Entrevistado_523,LEÓN,BAJIO,Primera mención,OTRAS,10,8,10,8
Entrevistado_524,Entrevistado_524,CULIACÁN,OCCIDENTE,Primera mención,OTRAS,8,8,4,8
Entrevistado_525,Entrevistado_525,IRAPUATO,BAJIO,Primera mención,OTRAS,8.4,8,10,8
Entrevistado_526,Entrevistado_526,PUEBLA,CENTRO,Primera mención,OTRAS,6,8,7.8,10
Entrevistado_527,Entrevistado_527,LA PAZ,OCCIDENTE,Primera mención,OTRAS,10,8,7.8,8
Entrevistado_528,Entrevistado_528,GUADALAJARA,BAJIO,Primera mención,OTRAS,10,6,7.8,6
Entrevistado_529,Entrevistado_529,GUADALAJARA,BAJIO,Primera mención,OTRAS,5,7,7.8,8
Entrevistado_530,Entrevistado_530,MORELIA,BAJIO,Primera mención,OTRAS,10,10,10,10
Entrevistado_531,Entrevistado_531,MONTERREY,NORTE,Primera mención,ITESM,9,9,7.8,8
Entrevistado_532,Entrevistado_532,COATZACOALCOS,SUR,Primera mención,OTRAS,8.4,10,7,3
Entrevistado_533,Entrevistado_533,CULIACÁN,OCCIDENTE,Primera mención,OTRAS,8.4,8,7.8,10
Entrevistado_534,Entrevistado_534,MEXICALI,OCCIDENTE,Primera mención,UVM,5,8,10,8
Entrevistado_535,Entrevistado_535,MÉRIDA,SUR,Primera mención,ANÁHUAC,7,10,8,10
Entrevistado_536,Entrevistado_536,LEÓN,BAJIO,Primera mención,ITESM,9,8,10,7
Entrevistado_537,Entrevistado_537,GUADALAJARA,BAJIO,Primera mención,OTRAS,6,8,1,5
Entrevistado_538,Entrevistado_538,VILLAHERMOSA,SUR,Primera mención,OTRAS,6,8,10,8
Entrevistado_539,Entrevistado_539,CIUDAD DE MÉXICO,CENTRO,Primera mención,OTRAS,7,8,10,8
Entrevistado_540,Entrevistado_540,GUADALAJARA,BAJIO,Primera mención,OTRAS,10,8,10,6
Entrevistado_541,Entrevistado_541,LEÓN,BAJIO,Primera mención,OTRAS,8,8,5,5
Entrevistado_542,Entrevistado_542,MEXICALI,OCCIDENTE,Primera mención,OTRAS,6,9,7,8
Entrevistado_543,Entrevistado_543,TUXTLA GUTIÉRREZ,SUR,Primera mención,OTRAS,7,8,10,8
Entrevistado_544,Entrevistado_544,HERMOSILLO,OCCIDENTE,Primera mención,OTRAS,8.4,10,7.8,8
Entrevistado_545,Entrevistado_545,ZAMORA,BAJIO,Primera mención,OTRAS,10,8,7.8,4
Entrevistado_546,Entrevistado_546,GUADALAJARA,BAJIO,Primera mención,OTRAS,10,10,8,6
Entrevistado_547,Entrevistado_547,VILLAHERMOSA,SUR,Primera mención,OTRAS,10,8,10,8
Entrevistado_548,Entrevistado_548,ZAMORA,BAJIO,Primera mención,OTRAS,6,10,6,8
Entrevistado_549,Entrevistado_549,GUADALAJARA,BAJIO,Primera mención,OTRAS,8.4,8,5,8
Entrevistado_550,Entrevistado_550,TEPIC,OCCIDENTE,Primera mención,OTRAS,8,5,7.8,8
Entrevistado_551,Entrevistado_551,TAPACHULA,SUR,Primera mención,OTRAS,8.4,9,9,8
Entrevistado_552,Entrevistado_552,TUXTLA GUTIÉRREZ,SUR,Primera mención,UVM,8.4,4,7,10
Entrevistado_553,Entrevistado_553,VILLAHERMOSA,SUR,Primera mención,UVM,10,8,7.8,10
Entrevistado_554,Entrevistado_554,COATZACOALCOS,SUR,Primera mención,OTRAS,8,8,6,6
Entrevistado_555,Entrevistado_555,VILLAHERMOSA,SUR,Primera mención,OTRAS,4,1,2,8
Entrevistado_556,Entrevistado_556,TEPIC,OCCIDENTE,Primera mención,OTRAS,10,10,2,7
Entrevistado_557,Entrevistado_557,CULIACÁN,OCCIDENTE,Primera mención,OTRAS,8.4,5,7.8,6
Entrevistado_558,Entrevistado_558,CULIACÁN,OCCIDENTE,Primera mención,OTRAS,8.4,6,7.8,9
Entrevistado_559,Entrevistado_559,GUADALAJARA,BAJIO,Primera mención,OTRAS,10,8,7.8,10
Entrevistado_560,Entrevistado_560,CULIACÁN,OCCIDENTE,Primera mención,OTRAS,8.4,6,8,8
Entrevistado_561,Entrevistado_561,HERMOSILLO,OCCIDENTE,Primera mención,OTRAS,6,10,7.8,8
Entrevistado_562,Entrevistado_562,MEXICALI,OCCIDENTE,Primera mención,OTRAS,8,8,7.8,9
Entrevistado_563,Entrevistado_563,GUADALAJARA,BAJIO,Primera mención,OTRAS,10,6,7.8,8
Entrevistado_564,Entrevistado_564,QUERÉTARO,CENTRO,Primera mención,UVM,6,7,5,5
Entrevistado_565,Entrevistado_565,MORELIA,BAJIO,Primera mención,OTRAS,8,8,6,8
Entrevistado_566,Entrevistado_566,GUADALAJARA,BAJIO,Primera mención,UVM,8.4,10,7,9
Entrevistado_567,Entrevistado_567,GUADALAJARA,BAJIO,Primera mención,OTRAS,8.4,8,7,9
Entrevistado_568,Entrevistado_568,MORELIA,BAJIO,Primera mención,OTRAS,8.4,8,7.8,8
Entrevistado_569,Entrevistado_569,GUADALAJARA,BAJIO,Primera mención,OTRAS,8.4,5,7.8,1
Entrevistado_570,Entrevistado_570,GUADALAJARA,BAJIO,Primera mención,OTRAS,10,8,7.8,8
Entrevistado_571,Entrevistado_571,GUADALAJARA,BAJIO,Primera mención,OTRAS,9,10,7.8,10
Entrevistado_572,Entrevistado_572,MORELIA,BAJIO,Primera mención,OTRAS,10,3,7.8,8
Entrevistado_573,Entrevistado_573,LOS CABOS,OCCIDENTE,Primera mención,OTRAS,8,4,7.8,8
Entrevistado_574,Entrevistado_574,CIUDAD DE MÉXICO,CENTRO,Primera mención,UVM,7,8,10,6
Entrevistado_575,Entrevistado_575,GUADALAJARA,BAJIO,Primera mención,OTRAS,10,4,6,4
Entrevistado_576,Entrevistado_576,LOS CABOS,OCCIDENTE,Primera mención,OTRAS,10,9,7.8,8
Entrevistado_577,Entrevistado_577,GUADALAJARA,BAJIO,Primera mención,OTRAS,8,8,6,8
Entrevistado_578,Entrevistado_578,VILLAHERMOSA,SUR,Primera mención,UVM,10,7,7.8,8
Entrevistado_579,Entrevistado_579,GUADALAJARA,BAJIO,Primera mención,UVM,8.4,8,7.8,8
Entrevistado_580,Entrevistado_580,TEPIC,OCCIDENTE,Primera mención,OTRAS,8.4,8,7.8,8
Entrevistado_581,Entrevistado_581,TEPIC,OCCIDENTE,Primera mención,OTRAS,7,8,7.8,10
Entrevistado_582,Entrevistado_582,MONTERREY,NORTE,Primera mención,ITESM,10,3,5,8
Entrevistado_583,Entrevistado_583,LEÓN,BAJIO,Primera mención,OTRAS,6,10,7.8,5
Entrevistado_584,Entrevistado_584,AGUASCALIENTES,BAJIO,Primera mención,UVM,10,7,7.8,8
Entrevistado_585,Entrevistado_585,COATZACOALCOS,SUR,Primera mención,OTRAS,9,8,7.8,8
Entrevistado_586,Entrevistado_586,COATZACOALCOS,SUR,Primera mención,OTRAS,7,9,3,8
Entrevistado_587,Entrevistado_587,MEXICALI,OCCIDENTE,Primera mención,OTRAS,9,6,8,8
Entrevistado_588,Entrevistado_588,TEPIC,OCCIDENTE,Primera mención,OTRAS,7,8,7.8,8
Entrevistado_589,Entrevistado_589,COATZACOALCOS,SUR,Primera mención,OTRAS,7,8,10,8
Entrevistado_590,Entrevistado_590,GUADALAJARA,BAJIO,Primera mención,UVM,10,7,7.8,8
Entrevistado_591,Entrevistado_591,MORELIA,BAJIO,Primera mención,OTRAS,9,8,7.8,8
Entrevistado_592,Entrevistado_592,GUADALAJARA,BAJIO,Primera mención,OTRAS,8.4,4,7.8,8
Entrevistado_593,Entrevistado_593,LA PAZ,OCCIDENTE,Primera mención,OTRAS,8.4,8,7.8,5
Entrevistado_594,Entrevistado_594,PUEBLA,CENTRO,Primera mención,OTRAS,7,8,1,10
Entrevistado_595,Entrevistado_595,GUADALAJARA,BAJIO,Primera mención,ITESM,10,9,7.8,8
Entrevistado_596,Entrevistado_596,ZAMORA,BAJIO,Primera mención,OTRAS,8.4,10,4,8
Entrevistado_597,Entrevistado_597,TUXTLA GUTIÉRREZ,SUR,Primera mención,OTRAS,10,10,9,8
Entrevistado_598,Entrevistado_598,LEÓN,BAJIO,Primera mención,OTRAS,10,1,7.8,8
Entrevistado_599,Entrevistado_599,MAZATLÁN,OCCIDENTE,Primera mención,OTRAS,5,8,1,8
Entrevistado_600,Entrevistado_600,ZAMORA,BAJIO,Primera mención,OTRAS,7,9,7.8,8
Entrevistado_601,Entrevistado_601,GUADALAJARA,BAJIO,Primera mención,OTRAS,8.4,10,9,8
Entrevistado_602,Entrevistado_602,LOS CABOS,OCCIDENTE,Primera mención,OTRAS,8.4,9,1,8
Entrevistado_603,Entrevistado_603,PUEBLA,CENTRO,Primera mención,OTRAS,10,8,6,8
Entrevistado_604,Entrevistado_604,TUXTLA GUTIÉRREZ,SUR,Primera mención,OTRAS,10,5,10,5
Entrevistado_605,Entrevistado_605,VILLAHERMOSA,SUR,Primera mención,OTRAS,9,8,7.8,8
Entrevistado_606,Entrevistado_606,GUADALAJARA,BAJIO,Primera mención,OTRAS,10,8,5,8
Entrevistado_607,Entrevistado_607,AGUASCALIENTES,BAJIO,Primera mención,ITESM,7,10,10,7
Entrevistado_608,Entrevistado_608,COATZACOALCOS,SUR,Primera mención,OTRAS,9,10,10,8
Entrevistado_609,Entrevistado_609,TIJUANA,OCCIDENTE,Primera mención,OTRAS,9,8,7.8,8
Entrevistado_610,Entrevistado_610,ENSENADA,OCCIDENTE,Primera mención,OTRAS,9,7,1,9
Entrevistado_611,Entrevistado_611,MONTERREY,NORTE,Primera mención,OTRAS,10,10,7.8,8
Entrevistado_612,Entrevistado_612,GUADALAJARA,BAJIO,Primera mención,OTRAS,7,9,7.8,8
Entrevistado_613,Entrevistado_613,TEPIC,OCCIDENTE,Primera mención,OTRAS,8,8,10,7
Entrevistado_614,Entrevistado_614,PUEBLA,CENTRO,Primera mención,OTRAS,8.4,7,7.8,7
Entrevistado_615,Entrevistado_615,GUADALAJARA,BAJIO,Primera mención,OTRAS,8.4,10,10,8
Entrevistado_616,Entrevistado_616,LOS MOCHIS,OCCIDENTE,Primera mención,OTRAS,9,8,1,8
Entrevistado_617,Entrevistado_617,MEXICALI,OCCIDENTE,Primera mención,OTRAS,8,10,10,6
Entrevistado_618,Entrevistado_618,CIUDAD DE MÉXICO,CENTRO,Primera mención,UVM,10,8,1,7
Entrevistado_619,Entrevistado_619,GUADALAJARA,BAJIO,Primera mención,OTRAS,8.4,10,7.8,8
Entrevistado_620,Entrevistado_620,CULIACÁN,OCCIDENTE,Primera mención,OTRAS,7,9,6,8
Entrevistado_621,Entrevistado_621,TEPIC,OCCIDENTE,Primera mención,OTRAS,8,10,10,9
Entrevistado_622,Entrevistado_622,CIUDAD DE MÉXICO,CENTRO,Primera mención,UVM,8.4,5,7.8,2
Entrevistado_623,Entrevistado_623,COATZACOALCOS,SUR,Primera mención,OTRAS,8.4,8,9,10
Entrevistado_624,Entrevistado_624,GUADALAJARA,BAJIO,Primera mención,OTRAS,8.4,7,10,8
Entrevistado_625,Entrevistado_625,MEXICALI,OCCIDENTE,Primera mención,OTRAS,8.4,8,10,2
Entrevistado_626,Entrevistado_626,VILLAHERMOSA,SUR,Primera mención,OTRAS,10,1,5,8
Entrevistado_627,Entrevistado_627,MORELIA,BAJIO,Primera mención,OTRAS,10,5,7.8,8
Entrevistado_628,Entrevistado_628,QUERÉTARO,CENTRO,Primera mención,ANÁHUAC,7,1,7,8
Entrevistado_629,Entrevistado_629,CD. OBREGÓN,OCCIDENTE,Primera mención,OTRAS,6,10,7.8,8
Entrevistado_630,Entrevistado_630,TUXTLA GUTIÉRREZ,SUR,Primera mención,OTRAS,9,7,7.8,6
Entrevistado_631,Entrevistado_631,VILLAHERMOSA,SUR,Primera mención,UVM,10,10,6,8
Entrevistado_632,Entrevistado_632,TUXTLA GUTIÉRREZ,SUR,Primera mención,UVM,8,9,7.8,8
Entrevistado_633,Entrevistado_633,MAZATLÁN,OCCIDENTE,Primera mención,OTRAS,8,10,7.8,8
Entrevistado_634,Entrevistado_634,LOS CABOS,OCCIDENTE,Primera mención,OTRAS,8.4,5,5,8
Entrevistado_635,Entrevistado_635,TIJUANA,OCCIDENTE,Primera mención,OTRAS,8,8,8,8
Entrevistado_636,Entrevistado_636,VILLAHERMOSA,SUR,Primera mención,OTRAS,8.4,8,7.8,8
Entrevistado_637,Entrevistado_637,PUEBLA,CENTRO,Primera mención,OTRAS,9,8,7.8,9
Entrevistado_638,Entrevistado_638,CIUDAD DE MÉXICO,CENTRO,Primera mención,UVM,8.4,9,8,10
Entrevistado_639,Entrevistado_639,VILLAHERMOSA,SUR,Primera mención,UVM,8.4,8,8,8
Entrevistado_640,Entrevistado_640,GUADALAJARA,BAJIO,Primera mención,OTRAS,7,7,4,6
Entrevistado_641,Entrevistado_641,TUXTLA GUTIÉRREZ,SUR,Primera mención,UVM,8,10,1,8
Entrevistado_642,Entrevistado_642,MONTERREY,NORTE,Primera mención,ITESM,9,8,4,8
Entrevistado_643,Entrevistado_643,HERMOSILLO,OCCIDENTE,Primera mención,UVM,8,8,7.8,10
Entrevistado_644,Entrevistado_644,GUADALAJARA,BAJIO,Primera mención,OTRAS,5,8,4,5
Entrevistado_645,Entrevistado_645,MORELIA,BAJIO,Primera mención,OTRAS,5,8,4,8
Entrevistado_646,Entrevistado_646,GUADALAJARA,BAJIO,Primera mención,OTRAS,10,8,7.8,6
Entrevistado_647,Entrevistado_647,MORELIA,BAJIO,Primera mención,OTRAS,8,8,1,8
Entrevistado_648,Entrevistado_648,MEXICALI,OCCIDENTE,Primera mención,OTRAS,10,8,5,9
Entrevistado_649,Entrevistado_649,COATZACOALCOS,SUR,Primera mención,OTRAS,8.4,7,8,9
Entrevistado_650,Entrevistado_650,IRAPUATO,BAJIO,Primera mención,OTRAS,8,8,10,8
Entrevistado_651,Entrevistado_651,GUADALAJARA,BAJIO,Primera mención,OTRAS,8,8,7.8,8
Entrevistado_652,Entrevistado_652,GUADALAJARA,BAJIO,Primera mención,OTRAS,8.4,8,5,10
Entrevistado_653,Entrevistado_653,GUADALAJARA,BAJIO,Primera mención,OTRAS,9,10,7.8,7
Entrevistado_654,Entrevistado_654,CULIACÁN,OCCIDENTE,Primera mención,OTRAS,10,10,7.8,8
Entrevistado_655,Entrevistado_655,TEPIC,OCCIDENTE,Primera mención,OTRAS,8.4,6,8,8
Entrevistado_656,Entrevistado_656,GUADALAJARA,BAJIO,Primera mención,OTRAS,8,10,6,8
Entrevistado_657,Entrevistado_657,MORELIA,BAJIO,Primera mención,OTRAS,7,8,7.8,10
Entrevistado_658,Entrevistado_658,IRAPUATO,BAJIO,Primera mención,OTRAS,9,10,7.8,8
Entrevistado_659,Entrevistado_659,GUADALAJARA,BAJIO,Primera mención,OTRAS,8.4,8,6,10
Entrevistado_660,Entrevistado_660,QUERÉTARO,CENTRO,Primera mención,ANÁHUAC,8.4,10,7.8,8
Entrevistado_661,Entrevistado_661,AGUASCALIENTES,BAJIO,Primera mención,OTRAS,8.4,9,9,8
Entrevistado_662,Entrevistado_662,MORELIA,BAJIO,Primera mención,OTRAS,8.4,10,7.8,8
Entrevistado_663,Entrevistado_663,VILLAHERMOSA,SUR,Primera mención,OTRAS,10,10,7.8,8
Entrevistado_664,Entrevistado_664,MEXICALI,OCCIDENTE,Primera mención,OTRAS,8.4,4,8,8
Entrevistado_665,Entrevistado_665,AGUASCALIENTES,BAJIO,Primera mención,UVM,8,9,7.8,9
Entrevistado_666,Entrevistado_666,MAZATLÁN,OCCIDENTE,Primera mención,OTRAS,10,6,7.8,8
Entrevistado_667,Entrevistado_667,GUADALAJARA,BAJIO,Primera mención,OTRAS,8.4,10,7.8,10
Entrevistado_668,Entrevistado_668,HERMOSILLO,OCCIDENTE,Primera mención,OTRAS,8.4,5,9,8
Entrevistado_669,Entrevistado_669,CIUDAD DE MÉXICO,CENTRO,Primera mención,ITESM,9,3,7.8,6
Entrevistado_670,Entrevistado_670,HERMOSILLO,OCCIDENTE,Primera mención,OTRAS,9,10,6,8
Entrevistado_671,Entrevistado_671,QUERÉTARO,CENTRO,Primera mención,UVM,10,10,7.8,8
Entrevistado_672,Entrevistado_672,CULIACÁN,OCCIDENTE,Primera mención,OTRAS,8,8,7.8,8
Entrevistado_673,Entrevistado_673,MORELIA,BAJIO,Primera mención,OTRAS,8,8,7.8,10
Entrevistado_674,Entrevistado_674,ENSENADA,OCCIDENTE,Primera mención,OTRAS,9,7,10,3
Entrevistado_675,Entrevistado_675,MORELIA,BAJIO,Primera mención,OTRAS,9,8,7.8,1
Entrevistado_676,Entrevistado_676,TUXTLA GUTIÉRREZ,SUR,Primera mención,OTRAS,10,8,7.8,8
Entrevistado_677,Entrevistado_677,MEXICALI,OCCIDENTE,Primera mención,OTRAS,9,8,10,8
Entrevistado_678,Entrevistado_678,GUADALAJARA,BAJIO,Primera mención,OTRAS,4,8,7.8,9
Entrevistado_679,Entrevistado_679,CIUDAD DE MÉXICO,CENTRO,Primera mención,UVM,10,4,2,7
Entrevistado_680,Entrevistado_680,MORELIA,BAJIO,Primera mención,OTRAS,9,8,10,7
Entrevistado_681,Entrevistado_681,GUADALAJARA,BAJIO,Primera mención,OTRAS,8,8,7.8,5
Entrevistado_682,Entrevistado_682,TUXTLA GUTIÉRREZ,SUR,Primera mención,OTRAS,8.4,8,9,5
Entrevistado_683,Entrevistado_683,MEXICALI,OCCIDENTE,Primera mención,OTRAS,9,4,5,4
Entrevistado_684,Entrevistado_684,MORELIA,BAJIO,Primera mención,OTRAS,8,9,7.8,9
Entrevistado_685,Entrevistado_685,MORELIA,BAJIO,Primera mención,OTRAS,6,6,10,6
Entrevistado_686,Entrevistado_686,PUEBLA,CENTRO,Primera mención,ANÁHUAC,10,8,7.8,8
Entrevistado_687,Entrevistado_687,TUXTLA GUTIÉRREZ,SUR,Primera mención,OTRAS,8.4,8,7.8,10
Entrevistado_688,Entrevistado_688,TUXTLA GUTIÉRREZ,SUR,Primera mención,OTRAS,8.4,10,7.8,10
Entrevistado_689,Entrevistado_689,TEPIC,OCCIDENTE,Primera mención,OTRAS,10,10,10,10
Entrevistado_690,Entrevistado_690,AGUASCALIENTES,BAJIO,Primera mención,OTRAS,5,10,1,8
Entrevistado_691,Entrevistado_691,MORELIA,BAJIO,Primera mención,ITESM,8,7,7.8,10
Entrevistado_692,Entrevistado_692,VILLAHERMOSA,SUR,Primera mención,OTRAS,10,8,4,10
Entrevistado_693,Entrevistado_693,MORELIA,BAJIO,Primera mención,OTRAS,8,10,6,5
Entrevistado_694,Entrevistado_694,CULIACÁN,OCCIDENTE,Primera mención,OTRAS,10,10,7.8,10
Entrevistado_695,Entrevistado_695,GUADALAJARA,BAJIO,Primera mención,OTRAS,8.4,6,7.8,8
Entrevistado_696,Entrevistado_696,GUADALAJARA,BAJIO,Primera mención,OTRAS,8.4,7,8,8
Entrevistado_697,Entrevistado_697,TEPIC,OCCIDENTE,Primera mención,OTRAS,9,8,8,1
Entrevistado_698,Entrevistado_698,HERMOSILLO,OCCIDENTE,Primera mención,OTRAS,6,7,7.8,10
Entrevistado_699,Entrevistado_699,MONTERREY,NORTE,Primera mención,ITESM,9,10,7.8,10
Entrevistado_700,Entrevistado_700,ZAMORA,BAJIO,Primera mención,OTRAS,9,7,10,10
Entrevistado_701,Entrevistado_701,QUERÉTARO,CENTRO,Primera mención,UVM,10,7,7.8,6
Entrevistado_702,Entrevistado_702,VILLAHERMOSA,SUR,Primera mención,OTRAS,7,8,7.8,8
Entrevistado_703,Entrevistado_703,HERMOSILLO,OCCIDENTE,Primera mención,OTRAS,8.4,8,7.8,8
Entrevistado_704,Entrevistado_704,GUADALAJARA,BAJIO,Primera mención,OTRAS,6,3,4,8
Entrevistado_705,Entrevistado_705,COATZACOALCOS,SUR,Primera mención,OTRAS,10,8,7.8,8
Entrevistado_706,Entrevistado_706,MORELIA,BAJIO,Primera mención,OTRAS,6,10,7.8,8
Entrevistado_707,Entrevistado_707,GUADALAJARA,BAJIO,Primera mención,OTRAS,10,10,7.8,8
Entrevistado_708,Entrevistado_708,COATZACOALCOS,SUR,Primera mención,OTRAS,7,9,6,8
Entrevistado_709,Entrevistado_709,COATZACOALCOS,SUR,Primera mención,OTRAS,10,8,9,8
Entrevistado_710,Entrevistado_710,HERMOSILLO,OCCIDENTE,Primera mención,UVM,8.4,10,7.8,8
Entrevistado_711,Entrevistado_711,LEÓN,BAJIO,Primera mención,ITESM,10,8,8,6
Entrevistado_712,Entrevistado_712,LOS CABOS,OCCIDENTE,Primera mención,OTRAS,7,6,6,7
Entrevistado_713,Entrevistado_713,QUERÉTARO,CENTRO,Primera mención,OTRAS,8,9,3,8
Entrevistado_714,Entrevistado_714,CULIACÁN,OCCIDENTE,Primera mención,OTRAS,7,7,7.8,8
Entrevistado_715,Entrevistado_715,IRAPUATO,BAJIO,Primera mención,OTRAS,10,6,7.8,8
Entrevistado_716,Entrevistado_716,AGUASCALIENTES,BAJIO,Primera mención,OTRAS,10,9,10,9
Entrevistado_717,Entrevistado_717,CULIACÁN,OCCIDENTE,Primera mención,OTRAS,8.4,3,2,5
Entrevistado_718,Entrevistado_718,MORELIA,BAJIO,Primera mención,OTRAS,10,10,7,8
Entrevistado_719,Entrevistado_719,MORELIA,BAJIO,Primera mención,OTRAS,10,9,7.8,8
Entrevistado_720,Entrevistado_720,MORELIA,BAJIO,Primera mención,OTRAS,9,10,7.8,7
Entrevistado_721,Entrevistado_721,GUADALAJARA,BAJIO,Primera mención,OTRAS,10,8,7.8,8
Entrevistado_722,Entrevistado_722,GUADALAJARA,BAJIO,Primera mención,ITESM,8.4,8,7.8,8
Entrevistado_723,Entrevistado_723,MORELIA,BAJIO,Primera mención,OTRAS,8.4,5,6,6
Entrevistado_724,Entrevistado_724,MORELIA,BAJIO,Primera mención,OTRAS,8,9,3,8
Entrevistado_725,Entrevistado_725,CIUDAD DE MÉXICO,CENTRO,Primera mención,OTRAS,8.4,6,10,8
Entrevistado_726,Entrevistado_726,TEPIC,OCCIDENTE,Primera mención,OTRAS,7,10,7.8,4
Entrevistado_727,Entrevistado_727,MONTERREY,NORTE,Primera mención,ITESM,10,10,10,8
Entrevistado_728,Entrevistado_728,CULIACÁN,OCCIDENTE,Primera mención,OTRAS,8.4,10,6,7
Entrevistado_729,Entrevistado_729,GUADALAJARA,BAJIO,Primera mención,OTRAS,10,8,4,7
Entrevistado_730,Entrevistado_730,CIUDAD DE MÉXICO,CENTRO,Primera mención,ITESM,8.4,2,9,1
Entrevistado_731,Entrevistado_731,LEÓN,BAJIO,Primera mención,OTRAS,9,8,7.8,7
Entrevistado_732,Entrevistado_732,IRAPUATO,BAJIO,Primera mención,OTRAS,9,9,4,8
Entrevistado_733,Entrevistado_733,MORELIA,BAJIO,Primera mención,OTRAS,7,5,6,10
Entrevistado_734,Entrevistado_734,CIUDAD DE MÉXICO,CENTRO,Primera mención,OTRAS,8.4,6,7.8,10
Entrevistado_735,Entrevistado_735,CULIACÁN,OCCIDENTE,Primera mención,OTRAS,9,8,10,7
Entrevistado_736,Entrevistado_736,HERMOSILLO,OCCIDENTE,Primera mención,OTRAS,9,10,5,10
Entrevistado_737,Entrevistado_737,MORELIA,BAJIO,Primera mención,OTRAS,5,3,7.8,8
Entrevistado_738,Entrevistado_738,MONTERREY,NORTE,Primera mención,ITESM,8.4,8,7,8
Entrevistado_739,Entrevistado_739,LEÓN,BAJIO,Primera mención,OTRAS,10,8,6,10
Entrevistado_740,Entrevistado_740,GUADALAJARA,BAJIO,Primera mención,OTRAS,6,10,7.8,8
Entrevistado_741,Entrevistado_741,MORELIA,BAJIO,Primera mención,OTRAS,10,8,7.8,7
Entrevistado_742,Entrevistado_742,TUXTLA GUTIÉRREZ,SUR,Primera mención,OTRAS,7,8,10,8
Entrevistado_743,Entrevistado_743,GUADALAJARA,BAJIO,Primera mención,OTRAS,10,8,7.8,8
Entrevistado_744,Entrevistado_744,COATZACOALCOS,SUR,Primera mención,OTRAS,7,8,7.8,10
Entrevistado_745,Entrevistado_745,VILLAHERMOSA,SUR,Primera mención,OTRAS,7,4,7.8,8
Entrevistado_746,Entrevistado_746,LEÓN,BAJIO,Primera mención,OTRAS,7,8,3,8
Entrevistado_747,Entrevistado_747,GUADALAJARA,BAJIO,Primera mención,OTRAS,6,5,7.8,8
Entrevistado_748,Entrevistado_748,LA PAZ,OCCIDENTE,Primera mención,OTRAS,8.4,10,7.8,4
Entrevistado_749,Entrevistado_749,CIUDAD DE MÉXICO,CENTRO,Primera mención,OTRAS,9,10,7.8,8
Entrevistado_750,Entrevistado_750,TEPIC,OCCIDENTE,Primera mención,OTRAS,8.4,7,3,8
Entrevistado_751,Entrevistado_751,ZAMORA,BAJIO,Primera mención,OTRAS,10,5,10,8
Entrevistado_752,Entrevistado_752,GUADALAJARA,BAJIO,Primera mención,OTRAS,7,8,10,3
Entrevistado_753,Entrevistado_753,CULIACÁN,OCCIDENTE,Primera mención,OTRAS,8.4,5,10,10
Entrevistado_754,Entrevistado_754,TIJUANA,OCCIDENTE,Primera mención,OTRAS,8.4,8,1,8
Entrevistado_755,Entrevistado_755,GUADALAJARA,BAJIO,Primera mención,OTRAS,8.4,8,10,5
Entrevistado_756,Entrevistado_756,GUADALAJARA,BAJIO,Primera mención,OTRAS,7,3,7.8,8
Entrevistado_757,Entrevistado_757,ENSENADA,OCCIDENTE,Primera mención,OTRAS,9,8,10,8
Entrevistado_758,Entrevistado_758,CULIACÁN,OCCIDENTE,Primera mención,OTRAS,9,8,7.8,8
Entrevistado_759,Entrevistado_759,AGUASCALIENTES,BAJIO,Primera mención,UVM,10,10,7,8
Entrevistado_760,Entrevistado_760,CD. OBREGÓN,OCCIDENTE,Primera mención,OTRAS,8.4,8,7.8,8
Entrevistado_761,Entrevistado_761,TUXTLA GUTIÉRREZ,SUR,Primera mención,OTRAS,8,8,7.8,10
Entrevistado_762,Entrevistado_762,GUADALAJARA,BAJIO,Primera mención,OTRAS,10,9,7.8,8
Entrevistado_763,Entrevistado_763,CIUDAD DE MÉXICO,CENTRO,Primera mención,OTRAS,8,5,7.8,8
Entrevistado_764,Entrevistado_764,LA PAZ,OCCIDENTE,Primera mención,OTRAS,10,5,7.8,9
Entrevistado_765,Entrevistado_765,GUADALAJARA,BAJIO,Primera mención,OTRAS,9,5,1,10
Entrevistado_766,Entrevistado_766,MÉRIDA,SUR,Primera mención,ANÁHUAC,8.4,8,7.8,8
Entrevistado_767,Entrevistado_767,VILLAHERMOSA,SUR,Primera mención,UVM,8.4,5,7.8,8
Entrevistado_768,Entrevistado_768,LA PAZ,OCCIDENTE,Primera mención,OTRAS,5,9,7.8,8
Entrevistado_769,Entrevistado_769,GUADALAJARA,BAJIO,Primera mención,ITESM,8.4,3,7.8,10
Entrevistado_770,Entrevistado_770,CULIACÁN,OCCIDENTE,Primera mención,OTRAS,9,3,1,8
Entrevistado_771,Entrevistado_771,GUADALAJARA,BAJIO,Primera mención,OTRAS,8,8,7,9
Entrevistado_772,Entrevistado_772,LA PAZ,OCCIDENTE,Primera mención,OTRAS,8,6,7.8,8
Entrevistado_773,Entrevistado_773,AGUASCALIENTES,BAJIO,Primera mención,OTRAS,10,8,7.8,8
Entrevistado_774,Entrevistado_774,MORELIA,BAJIO,Primera mención,OTRAS,5,8,10,8
Entrevistado_775,Entrevistado_775,MORELIA,BAJIO,Primera mención,OTRAS,8,10,10,8
Entrevistado_776,Entrevistado_776,COATZACOALCOS,SUR,Primera mención,OTRAS,10,10,10,8
Entrevistado_777,Entrevistado_777,QUERÉTARO,CENTRO,Primera mención,OTRAS,10,8,10,5
Entrevistado_778,Entrevistado_778,TEPIC,OCCIDENTE,Primera mención,OTRAS,9,3,10,8
Entrevistado_779,Entrevistado_779,LEÓN,BAJIO,Primera mención,OTRAS,8,4,5,4
Entrevistado_780,Entrevistado_780,VILLAHERMOSA,SUR,Primera mención,UVM,6,9,5,8
Entrevistado_781,Entrevistado_781,TUXTLA GUTIÉRREZ,SUR,Primera mención,UVM,10,10,7.8,10
Entrevistado_782,Entrevistado_782,TEPIC,OCCIDENTE,Primera mención,OTRAS,10,10,7.8,10
Entrevistado_783,Entrevistado_783,TAPACHULA,SUR,Primera mención,OTRAS,9,8,7,10
Entrevistado_784,Entrevistado_784,MORELIA,BAJIO,Primera mención,OTRAS,8.4,10,7.8,10
Entrevistado_785,Entrevistado_785,GUADALAJARA,BAJIO,Primera mención,OTRAS,8,6,7.8,8
Entrevistado_786,Entrevistado_786,MONTERREY,NORTE,Primera mención,ITESM,8,10,7.8,7
Entrevistado_787,Entrevistado_787,LA PAZ,OCCIDENTE,Primera mención,OTRAS,5,5,7.8,8
Entrevistado_788,Entrevistado_788,GUADALAJARA,BAJIO,Primera mención,OTRAS,8.4,6,10,7
Entrevistado_789,Entrevistado_789,CULIACÁN,OCCIDENTE,Primera mención,OTRAS,8.4,8,6,8
Entrevistado_790,Entrevistado_790,LEÓN,BAJIO,Primera mención,OTRAS,10,5,7.8,8
Entrevistado_791,Entrevistado_791,TUXTLA GUTIÉRREZ,SUR,Primera mención,OTRAS,10,8,7,6
Entrevistado_792,Entrevistado_792,TEPIC,OCCIDENTE,Primera mención,OTRAS,9,6,10,10
Entrevistado_793,Entrevistado_793,GUADALAJARA,BAJIO,Primera mención,OTRAS,7,5,7.8,8
Entrevistado_794,Entrevistado_794,QUERÉTARO,CENTRO,Primera mención,ITESM,8.4,8,4,3
Entrevistado_795,Entrevistado_795,CULIACÁN,OCCIDENTE,Primera mención,OTRAS,8.4,10,9,8
Entrevistado_796,Entrevistado_796,GUADALAJARA,BAJIO,Primera mención,OTRAS,7,9,7,8
Entrevistado_797,Entrevistado_797,MONTERREY,NORTE,Primera mención,OTRAS,9,8,7.8,8
Entrevistado_798,Entrevistado_798,GUADALAJARA,BAJIO,Primera mención,OTRAS,9,7,10,8
Entrevistado_799,Entrevistado_799,AGUASCALIENTES,BAJIO,Primera mención,OTRAS,6,10,6,8
Entrevistado_800,Entrevistado_800,GUADALAJARA,BAJIO,Primera mención,OTRAS,9,8,9,9
Entrevistado_801,Entrevistado_801,TIJUANA,OCCIDENTE,Primera mención,OTRAS,9,8,6,8
Entrevistado_802,Entrevistado_802,GUADALAJARA,BAJIO,Primera mención,OTRAS,10,10,7.8,8
Entrevistado_803,Entrevistado_803,MONTERREY,NORTE,Primera mención,ITESM,8.4,8,7.8,8
Entrevistado_804,Entrevistado_804,CULIACÁN,OCCIDENTE,Primera mención,OTRAS,8.4,7,7.8,6
Entrevistado_805,Entrevistado_805,GUADALAJARA,BAJIO,Primera mención,OTRAS,8.4,7,6,8
Entrevistado_806,Entrevistado_806,CIUDAD DE MÉXICO,CENTRO,Primera mención,UVM,8,8,7.8,8
Entrevistado_807,Entrevistado_807,MORELIA,BAJIO,Primera mención,ITESM,9,8,3,8
Entrevistado_808,Entrevistado_808,MONTERREY,NORTE,Primera mención,ITESM,8,7,7.8,8
Entrevistado_809,Entrevistado_809,TEPIC,OCCIDENTE,Primera mención,OTRAS,7,6,9,3
Entrevistado_810,Entrevistado_810,CIUDAD DE MÉXICO,CENTRO,Primera mención,OTRAS,8.4,8,10,9
Entrevistado_811,Entrevistado_811,CULIACÁN,OCCIDENTE,Primera mención,ITESM,6,8,10,6
Entrevistado_812,Entrevistado_812,MONTERREY,NORTE,Primera mención,ITESM,10,4,7.8,8
Entrevistado_813,Entrevistado_813,MORELIA,BAJIO,Primera mención,OTRAS,10,10,2,10
Entrevistado_814,Entrevistado_814,IRAPUATO,BAJIO,Primera mención,OTRAS,8.4,1,7.8,10
Entrevistado_815,Entrevistado_815,TUXTLA GUTIÉRREZ,SUR,Primera mención,UVM,7,9,10,8
Entrevistado_816,Entrevistado_816,HERMOSILLO,OCCIDENTE,Primera mención,OTRAS,9,8,7.8,8
Entrevistado_817,Entrevistado_817,AGUASCALIENTES,BAJIO,Primera mención,OTRAS,9,10,10,8
Entrevistado_818,Entrevistado_818,GUADALAJARA,BAJIO,Primera mención,OTRAS,10,10,7,6
Entrevistado_819,Entrevistado_819,TUXTLA GUTIÉRREZ,SUR,Primera mención,UVM,8.4,10,10,10
Entrevistado_820,Entrevistado_820,GUADALAJARA,BAJIO,Primera mención,OTRAS,8.4,6,3,6
Entrevistado_821,Entrevistado_821,MORELIA,BAJIO,Primera mención,OTRAS,5,8,7.8,8
Entrevistado_822,Entrevistado_822,IRAPUATO,BAJIO,Primera mención,OTRAS,6,8,7.8,8
Entrevistado_823,Entrevistado_823,GUADALAJARA,BAJIO,Primera mención,OTRAS,10,10,5,8
Entrevistado_824,Entrevistado_824,AGUASCALIENTES,BAJIO,Primera mención,OTRAS,7,10,7,8
Entrevistado_825,Entrevistado_825,TIJUANA,OCCIDENTE,Primera mención,OTRAS,10,9,9,8
Entrevistado_826,Entrevistado_826,COATZACOALCOS,SUR,Primera mención,OTRAS,10,8,1,8
Entrevistado_827,Entrevistado_827,CIUDAD DE MÉXICO,CENTRO,Primera mención,OTRAS,10,10,7.8,5
Entrevistado_828,Entrevistado_828,MORELIA,BAJIO,Primera mención,OTRAS,5,6,5,10
Entrevistado_829,Entrevistado_829,VILLAHERMOSA,SUR,Primera mención,UVM,9,8,7.8,10
Entrevistado_830,Entrevistado_830,GUADALAJARA,BAJIO,Primera mención,OTRAS,8.4,10,7.8,8
Entrevistado_831,Entrevistado_831,TEPIC,OCCIDENTE,Primera mención,OTRAS,8.4,10,10,8
Entrevistado_832,Entrevistado_832,PUEBLA,CENTRO,Primera mención,ANÁHUAC,10,8,7.8,8
Entrevistado_833,Entrevistado_833,MORELIA,BAJIO,Primera mención,OTRAS,10,5,7.8,2
Entrevistado_834,Entrevistado_834,LA PAZ,OCCIDENTE,Primera mención,OTRAS,8.4,3,1,7
Entrevistado_835,Entrevistado_835,COATZACOALCOS,SUR,Primera mención,OTRAS,10,8,7.8,10
Entrevistado_836,Entrevistado_836,IRAPUATO,BAJIO,Primera mención,OTRAS,9,8,7,8
Entrevistado_837,Entrevistado_837,MORELIA,BAJIO,Primera mención,OTRAS,7,8,1,8
Entrevistado_838,Entrevistado_838,LA PAZ,OCCIDENTE,Primera mención,OTRAS,10,8,10,8
Entrevistado_839,Entrevistado_839,VILLAHERMOSA,SUR,Primera mención,OTRAS,10,8,10,8
Entrevistado_840,Entrevistado_840,LEÓN,BAJIO,Primera mención,OTRAS,9,9,7.8,8
Entrevistado_841,Entrevistado_841,GUADALAJARA,BAJIO,Primera mención,OTRAS,7,9,8,10
Entrevistado_842,Entrevistado_842,MAZATLÁN,OCCIDENTE,Primera mención,OTRAS,10,8,7.8,8
Entrevistado_843,Entrevistado_843,GUADALAJARA,BAJIO,Primera mención,OTRAS,8.4,3,1,5
Entrevistado_844,Entrevistado_844,IRAPUATO,BAJIO,Primera mención,OTRAS,9,9,7.8,8
Entrevistado_845,Entrevistado_845,GUADALAJARA,BAJIO,Primera mención,OTRAS,7,6,10,8
Entrevistado_846,Entrevistado_846,GUADALAJARA,BAJIO,Primera mención,OTRAS,9,10,9,8
Entrevistado_847,Entrevistado_847,TEPIC,OCCIDENTE,Primera mención,OTRAS,10,8,7.8,10
Entrevistado_848,Entrevistado_848,PUEBLO NUEVO,ORIENTE,Primera mención,OTRAS,8,8,7.8,8
Entrevistado_849,Entrevistado_849,AGUASCALIENTES,BAJIO,Primera mención,OTRAS,8,8,7.8,7
Entrevistado_850,Entrevistado_850,MAZATLÁN,OCCIDENTE,Primera mención,OTRAS,9,7,7.8,8
Entrevistado_851,Entrevistado_851,GUADALAJARA,BAJIO,Primera mención,OTRAS,7,7,7.8,8
Entrevistado_852,Entrevistado_852,CULIACÁN,OCCIDENTE,Primera mención,OTRAS,8.4,4,7.8,10
Entrevistado_853,Entrevistado_853,QUERÉTARO,CENTRO,Primera mención,ANÁHUAC,8,8,7.8,8
Entrevistado_854,Entrevistado_854,AGUASCALIENTES,BAJIO,Primera mención,OTRAS,10,10,10,8
Entrevistado_855,Entrevistado_855,ENSENADA,OCCIDENTE,Primera mención,OTRAS,7,9,7.8,10
Entrevistado_856,Entrevistado_856,GUADALAJARA,BAJIO,Primera mención,OTRAS,8.4,4,7.8,9
Entrevistado_857,Entrevistado_857,GUADALAJARA,BAJIO,Primera mención,OTRAS,8,8,1,8
Entrevistado_858,Entrevistado_858,GUADALAJARA,BAJIO,Primera mención,OTRAS,10,5,7.8,8
Entrevistado_859,Entrevistado_859,ZAMORA,BAJIO,Primera mención,OTRAS,8.4,8,10,8
Entrevistado_860,Entrevistado_860,VILLAHERMOSA,SUR,Primera mención,UVM,10,8,10,9
Entrevistado_861,Entrevistado_861,GUADALAJARA,BAJIO,Primera mención,OTRAS,5,5,7.8,8
Entrevistado_862,Entrevistado_862,IRAPUATO,BAJIO,Primera mención,OTRAS,9,4,2,8
Entrevistado_863,Entrevistado_863,HERMOSILLO,OCCIDENTE,Primera mención,OTRAS,10,8,10,8
Entrevistado_864,Entrevistado_864,GUADALAJARA,BAJIO,Primera mención,OTRAS,8.4,7,7.8,8
Entrevistado_865,Entrevistado_865,TEPIC,OCCIDENTE,Primera mención,OTRAS,10,10,7.8,10
Entrevistado_866,Entrevistado_866,MORELIA,BAJIO,Primera mención,OTRAS,8.4,8,9,10
Entrevistado_867,Entrevistado_867,GUADALAJARA,BAJIO,Primera mención,OTRAS,10,5,7.8,8
Entrevistado_868,Entrevistado_868,TEPIC,OCCIDENTE,Primera mención,OTRAS,10,10,7.8,7
Entrevistado_869,Entrevistado_869,GUADALAJARA,BAJIO,Primera mención,OTRAS,8.4,10,7.8,6
Entrevistado_870,Entrevistado_870,GUADALAJARA,BAJIO,Primera mención,OTRAS,6,5,9,8
Entrevistado_871,Entrevistado_871,GUADALAJARA,BAJIO,Primera mención,OTRAS,9,8,4,5
Entrevistado_872,Entrevistado_872,MONTERREY,NORTE,Primera mención,ITESM,10,7,9,8
Entrevistado_873,Entrevistado_873,VILLAHERMOSA,SUR,Primera mención,OTRAS,7,9,10,8
Entrevistado_874,Entrevistado_874,MORELIA,BAJIO,Primera mención,OTRAS,7,10,5,8
Entrevistado_875,Entrevistado_875,LOS CABOS,OCCIDENTE,Primera mención,OTRAS,8,8,7.8,8
Entrevistado_876,Entrevistado_876,GUADALAJARA,BAJIO,Primera mención,OTRAS,10,9,7,8
Entrevistado_877,Entrevistado_877,MORELIA,BAJIO,Primera mención,OTRAS,10,5,10,8
Entrevistado_878,Entrevistado_878,CULIACÁN,OCCIDENTE,Primera mención,OTRAS,8.4,8,5,9
Entrevistado_879,Entrevistado_879,MORELIA,BAJIO,Primera mención,OTRAS,10,5,5,3
Entrevistado_880,Entrevistado_880,ZAMORA,BAJIO,Primera mención,OTRAS,8,8,10,8
Entrevistado_881,Entrevistado_881,VILLAHERMOSA,SUR,Primera mención,OTRAS,10,8,7.8,9
Entrevistado_882,Entrevistado_882,TEPIC,OCCIDENTE,Primera mención,OTRAS,8.4,7,7.8,8
Entrevistado_883,Entrevistado_883,COATZACOALCOS,SUR,Primera mención,OTRAS,9,8,7.8,10
Entrevistado_884,Entrevistado_884,LEÓN,BAJIO,Primera mención,OTRAS,10,8,8,8
Entrevistado_885,Entrevistado_885,LOS CABOS,OCCIDENTE,Primera mención,OTRAS,8.4,6,3,5
Entrevistado_886,Entrevistado_886,MONTERREY,NORTE,Primera mención,ITESM,7,8,7.8,8
Entrevistado_887,Entrevistado_887,MONTERREY,NORTE,Primera mención,OTRAS,8.4,10,7.8,8
Entrevistado_888,Entrevistado_888,MEXICALI,OCCIDENTE,Primera mención,OTRAS,9,8,7.8,8
Entrevistado_889,Entrevistado_889,GUADALAJARA,BAJIO,Primera mención,OTRAS,9,6,8,5
Entrevistado_890,Entrevistado_890,VILLAHERMOSA,SUR,Primera mención,OTRAS,8.4,2,7.8,8
Entrevistado_891,Entrevistado_891,CIUDAD DE MÉXICO,CENTRO,Primera mención,OTRAS,8.4,9,8,5
Entrevistado_892,Entrevistado_892,MEXICALI,OCCIDENTE,Primera mención,OTRAS,8.4,10,7.8,8
Entrevistado_893,Entrevistado_893,CULIACÁN,OCCIDENTE,Primera mención,OTRAS,8.4,8,1,5
Entrevistado_894,Entrevistado_894,IRAPUATO,BAJIO,Primera mención,OTRAS,8.4,8,7.8,8
Entrevistado_895,Entrevistado_895,CULIACÁN,OCCIDENTE,Primera mención,OTRAS,8.4,6,9,2
Entrevistado_896,Entrevistado_896,QUERÉTARO,CENTRO,Primera mención,ANÁHUAC,10,4,8,8
Entrevistado_897,Entrevistado_897,LEÓN,BAJIO,Primera mención,OTRAS,6,8,1,10
Entrevistado_898,Entrevistado_898,MONTERREY,NORTE,Primera mención,ITESM,7,8,7.8,8
Entrevistado_899,Entrevistado_899,AGUASCALIENTES,BAJIO,Primera mención,OTRAS,8.4,7,7.8,10
Entrevistado_900,Entrevistado_900,CIUDAD DE MÉXICO,CENTRO,Primera mención,OTRAS,8,8,8,9
Entrevistado_901,Entrevistado_901,CULIACÁN,OCCIDENTE,Primera mención,ITESM,4,8,7.8,8
Entrevistado_902,Entrevistado_902,GUADALAJARA,BAJIO,Primera mención,OTRAS,10,3,6,7
Entrevistado_903,Entrevistado_903,LEÓN,BAJIO,Primera mención,OTRAS,8.4,9,7.8,7
Entrevistado_904,Entrevistado_904,VILLAHERMOSA,SUR,Primera mención,UVM,7,4,7,9
Entrevistado_905,Entrevistado_905,MAZATLÁN,OCCIDENTE,Primera mención,OTRAS,10,9,7,8
Entrevistado_906,Entrevistado_906,GUADALAJARA,BAJIO,Primera mención,OTRAS,8.4,6,7.8,8
Entrevistado_907,Entrevistado_907,CULIACÁN,OCCIDENTE,Primera mención,OTRAS,10,10,2,10
Entrevistado_908,Entrevistado_908,CULIACÁN,OCCIDENTE,Primera mención,OTRAS,10,3,7.8,9
Entrevistado_909,Entrevistado_909,GUADALAJARA,BAJIO,Primera mención,OTRAS,9,4,5,5
Entrevistado_910,Entrevistado_910,LEÓN,BAJIO,Primera mención,OTRAS,8,8,7,9
Entrevistado_911,Entrevistado_911,TEPIC,OCCIDENTE,Primera mención,OTRAS,10,9,3,6
Entrevistado_912,Entrevistado_912,MORELIA,BAJIO,Primera mención,OTRAS,10,6,10,8
Entrevistado_913,Entrevistado_913,MORELIA,BAJIO,Primera mención,OTRAS,10,8,10,7
Entrevistado_914,Entrevistado_914,AGUASCALIENTES,BAJIO,Primera mención,OTRAS,9,8,10,10
Entrevistado_915,Entrevistado_915,GUADALAJARA,BAJIO,Primera mención,OTRAS,8,8,7,8
Entrevistado_916,Entrevistado_916,LEÓN,BAJIO,Primera mención,ITESM,8.4,10,7.8,1
Entrevistado_917,Entrevistado_917,PUEBLA,CENTRO,Primera mención,OTRAS,7,8,7.8,4
Entrevistado_918,Entrevistado_918,HERMOSILLO,OCCIDENTE,Primera mención,OTRAS,10,9,10,9
Entrevistado_919,Entrevistado_919,COATZACOALCOS,SUR,Primera mención,OTRAS,10,6,10,7
Entrevistado_920,Entrevistado_920,TEPIC,OCCIDENTE,Primera mención,OTRAS,7,8,10,8
Entrevistado_921,Entrevistado_921,TEPIC,OCCIDENTE,Primera mención,OTRAS,8,10,6,8
Entrevistado_922,Entrevistado_922,PUEBLA,CENTRO,Primera mención,OTRAS,8.4,4,9,8
Entrevistado_923,Entrevistado_923,CIUDAD DE MÉXICO,CENTRO,Primera mención,OTRAS,10,9,7.8,9
Entrevistado_924,Entrevistado_924,VILLAHERMOSA,SUR,Primera mención,OTRAS,8,9,7.8,8
Entrevistado_925,Entrevistado_925,TEPIC,OCCIDENTE,Primera mención,OTRAS,9,9,7.8,8
Entrevistado_926,Entrevistado_926,TUXTLA GUTIÉRREZ,SUR,Primera mención,OTRAS,8,8,7,7
Entrevistado_927,Entrevistado_927,MORELIA,BAJIO,Primera mención,OTRAS,8.4,10,2,8
Entrevistado_928,Entrevistado_928,LEÓN,BAJIO,Primera mención,OTRAS,8,8,9,7
Entrevistado_929,Entrevistado_929,GUADALAJARA,BAJIO,Primera mención,OTRAS,7,8,8,7
Entrevistado_930,Entrevistado_930,HERMOSILLO,OCCIDENTE,Primera mención,UVM,8,8,10,8
Entrevistado_931,Entrevistado_931,AGUASCALIENTES,BAJIO,Primera mención,UVM,9,9,10,9
Entrevistado_932,Entrevistado_932,PUEBLA,CENTRO,Primera mención,OTRAS,10,8,10,8
Entrevistado_933,Entrevistado_933,GUADALAJARA,BAJIO,Primera mención,OTRAS,6,10,8,10
Entrevistado_934,Entrevistado_934,TAPACHULA,SUR,Primera mención,OTRAS,9,8,9,8
Entrevistado_935,Entrevistado_935,HERMOSILLO,OCCIDENTE,Primera mención,OTRAS,8.4,8,8,8
Entrevistado_936,Entrevistado_936,TUXTLA GUTIÉRREZ,SUR,Primera mención,OTRAS,8,7,2,8
Entrevistado_937,Entrevistado_937,GUADALAJARA,BAJIO,Primera mención,OTRAS,7,7,7.8,8
Entrevistado_938,Entrevistado_938,TEPIC,OCCIDENTE,Primera mención,OTRAS,10,10,10,8
Entrevistado_939,Entrevistado_939,AGUASCALIENTES,BAJIO,Primera mención,OTRAS,10,9,7.8,8
Entrevistado_940,Entrevistado_940,GUADALAJARA,BAJIO,Primera mención,OTRAS,8.4,8,1,5
Entrevistado_941,Entrevistado_941,IRAPUATO,BAJIO,Primera mención,OTRAS,8.4,8,8,8
Entrevistado_942,Entrevistado_942,LA PAZ,OCCIDENTE,Primera mención,OTRAS,7,8,3,4
Entrevistado_943,Entrevistado_943,LEÓN,BAJIO,Primera mención,OTRAS,10,10,7.8,10
Entrevistado_944,Entrevistado_944,AGUASCALIENTES,BAJIO,Primera mención,ITESM,10,3,10,8
Entrevistado_945,Entrevistado_945,MORELIA,BAJIO,Primera mención,OTRAS,9,4,7.8,4
Entrevistado_946,Entrevistado_946,GUADALAJARA,BAJIO,Primera mención,OTRAS,6,8,7.8,8
Entrevistado_947,Entrevistado_947,TEPIC,OCCIDENTE,Primera mención,OTRAS,8.4,10,7.8,8
Entrevistado_948,Entrevistado_948,MONTERREY,NORTE,Primera mención,ITESM,10,6,7.8,8
Entrevistado_949,Entrevistado_949,LEÓN,BAJIO,Primera mención,ITESM,9,10,4,8
Entrevistado_950,Entrevistado_950,IRAPUATO,BAJIO,Primera mención,OTRAS,6,7,4,8
Entrevistado_951,Entrevistado_951,MORELIA,BAJIO,Primera mención,OTRAS,9,10,10,8
Entrevistado_952,Entrevistado_952,VERACRUZ,ORIENTE,Primera mención,OTRAS,9,9,7.8,7
Entrevistado_953,Entrevistado_953,MONTERREY,NORTE,Primera mención,ITESM,8.4,9,7.8,8
Entrevistado_954,Entrevistado_954,MEXICALI,OCCIDENTE,Primera mención,OTRAS,8.4,7,4,8
Entrevistado_955,Entrevistado_955,MAZATLÁN,OCCIDENTE,Primera mención,OTRAS,8,10,4,7
Entrevistado_956,Entrevistado_956,VILLAHERMOSA,SUR,Primera mención,OTRAS,7,10,6,8
Entrevistado_957,Entrevistado_957,MORELIA,BAJIO,Primera mención,OTRAS,9,4,2,8
Entrevistado_958,Entrevistado_958,COATZACOALCOS,SUR,Primera mención,OTRAS,10,8,7.8,8
Entrevistado_959,Entrevistado_959,CULIACÁN,OCCIDENTE,Primera mención,OTRAS,8.4,10,7.8,4
Entrevistado_960,Entrevistado_960,IRAPUATO,BAJIO,Primera mención,OTRAS,9,7,7.8,10
Entrevistado_961,Entrevistado_961,CULIACÁN,OCCIDENTE,Primera mención,OTRAS,8.4,10,7,7
Entrevistado_962,Entrevistado_962,TUXTLA GUTIÉRREZ,SUR,Primera mención,OTRAS,9,1,6,9
Entrevistado_963,Entrevistado_963,VILLAHERMOSA,SUR,Primera mención,UVM,8,7,2,8
Entrevistado_964,Entrevistado_964,VILLAHERMOSA,SUR,Primera mención,OTRAS,10,8,6,8
Entrevistado_965,Entrevistado_965,MORELIA,BAJIO,Primera mención,OTRAS,6,5,7.8,3
Entrevistado_966,Entrevistado_966,ENSENADA,OCCIDENTE,Primera mención,OTRAS,8,8,5,8
Entrevistado_967,Entrevistado_967,TUXTLA GUTIÉRREZ,SUR,Primera mención,OTRAS,8,7,3,8
Entrevistado_968,Entrevistado_968,GUADALAJARA,BAJIO,Primera mención,OTRAS,7,8,10,9
Entrevistado_969,Entrevistado_969,MORELIA,BAJIO,Primera mención,OTRAS,9,10,8,8
Entrevistado_970,Entrevistado_970,CULIACÁN,OCCIDENTE,Primera mención,OTRAS,7,8,10,6
Entrevistado_971,Entrevistado_971,TEPIC,OCCIDENTE,Primera mención,OTRAS,8.4,10,7,10
Entrevistado_972,Entrevistado_972,HERMOSILLO,OCCIDENTE,Primera mención,OTRAS,7,8,10,9
Entrevistado_973,Entrevistado_973,IRAPUATO,BAJIO,Primera mención,OTRAS,5,10,6,8
Entrevistado_974,Entrevistado_974,TEPIC,OCCIDENTE,Primera mención,OTRAS,9,6,5,8
Entrevistado_975,Entrevistado_975,GUADALAJARA,BAJIO,Primera mención,OTRAS,8.4,8,1,8
Entrevistado_976,Entrevistado_976,LA PAZ,OCCIDENTE,Primera mención,OTRAS,10,8,7.8,8
Entrevistado_977,Entrevistado_977,TEPIC,OCCIDENTE,Primera mención,OTRAS,8.4,6,8,8
Entrevistado_978,Entrevistado_978,GUADALAJARA,BAJIO,Primera mención,OTRAS,7,8,7.8,8
Entrevistado_979,Entrevistado_979,CULIACÁN,OCCIDENTE,Primera mención,OTRAS,8,5,7,2
Entrevistado_980,Entrevistado_980,GUADALAJARA,BAJIO,Primera mención,OTRAS,7,8,7.8,6
Entrevistado_981,Entrevistado_981,LA PAZ,OCCIDENTE,Primera mención,OTRAS,9,6,7.8,8
Entrevistado_982,Entrevistado_982,GUADALAJARA,BAJIO,Primera mención,OTRAS,9,6,7.8,8
Entrevistado_983,Entrevistado_983,GUADALAJARA,BAJIO,Primera mención,OTRAS,9,8,4,8
Entrevistado_984,Entrevistado_984,TAPACHULA,SUR,Primera mención,OTRAS,10,8,4,8
Entrevistado_985,Entrevistado_985,MORELIA,BAJIO,Primera mención,OTRAS,8.4,6,3,8
Entrevistado_986,Entrevistado_986,MONTERREY,NORTE,Primera mención,ITESM,7,3,7.8,10
Entrevistado_987,Entrevistado_987,CULIACÁN,OCCIDENTE,Primera mención,OTRAS,8,10,4,10
Entrevistado_988,Entrevistado_988,TIJUANA,OCCIDENTE,Primera mención,OTRAS,8,10,7.8,8
Entrevistado_989,Entrevistado_989,GUADALAJARA,BAJIO,Primera mención,OTRAS,9,5,1,8
Entrevistado_990,Entrevistado_990,TIJUANA,OCCIDENTE,Primera mención,OTRAS,10,8,6,8
Entrevistado_991,Entrevistado_991,VILLAHERMOSA,SUR,Primera mención,UVM,7,10,7.8,8
Entrevistado_992,Entrevistado_992,CD. OBREGÓN,OCCIDENTE,Primera mención,OTRAS,5,6,7.8,7
Entrevistado_993,Entrevistado_993,GUADALAJARA,BAJIO,Primera mención,OTRAS,8.4,4,7.8,10
Entrevistado_994,Entrevistado_994,TEPIC,OCCIDENTE,Primera mención,OTRAS,10,7,10,8
Entrevistado_995,Entrevistado_995,VILLAHERMOSA,SUR,Primera mención,UVM,8,8,10,6
Entrevistado_996,Entrevistado_996,MONTERREY,NORTE,Primera mención,ITESM,8.4,8,8,7
Entrevistado_997,Entrevistado_997,TEPIC,OCCIDENTE,Primera mención,OTRAS,7,10,7.8,9
Entrevistado_998,Entrevistado_998,VILLAHERMOSA,SUR,Primera mención,UVM,10,7,7.8,10
Entrevistado_999,Entrevistado_999,CIUDAD DE MÉXICO,CENTRO,Primera mención,OTRAS,8.4,8,10,7
Entrevistado_1000,Entrevistado_1000,MORELIA,BAJIO,Primera mención,OTRAS,8,6,7.8,10
Entrevistado_1001,Entrevistado_1001,MEXICALI,OCCIDENTE,Primera mención,OTRAS,9,10,7,6
Entrevistado_1002,Entrevistado_1002,AGUASCALIENTES,BAJIO,Primera mención,UVM,8.4,8,7.8,10
Entrevistado_1003,Entrevistado_1003,MONTERREY,NORTE,Primera mención,ITESM,9,6,10,8
Entrevistado_1004,Entrevistado_1004,GUADALAJARA,BAJIO,Primera mención,OTRAS,8,5,7.8,8
Entrevistado_1005,Entrevistado_1005,GUADALAJARA,BAJIO,Primera mención,OTRAS,8.4,8,2,8
Entrevistado_1006,Entrevistado_1006,MORELIA,BAJIO,Primera mención,OTRAS,9,5,5,3
Entrevistado_1007,Entrevistado_1007,GUADALAJARA,BAJIO,Primera mención,OTRAS,10,5,7.8,8
Entrevistado_1008,Entrevistado_1008,GUADALAJARA,BAJIO,Primera mención,OTRAS,6,8,10,8
Entrevistado_1009,Entrevistado_1009,CANCÚN,SUR,Primera mención,OTRAS,10,6,8,8
Entrevistado_1010,Entrevistado_1010,VILLAHERMOSA,SUR,Primera mención,OTRAS,8,10,7.8,10
Entrevistado_1011,Entrevistado_1011,IRAPUATO,BAJIO,Primera mención,OTRAS,8,8,7.8,10
Entrevistado_1012,Entrevistado_1012,CIUDAD DE MÉXICO,CENTRO,Primera mención,OTRAS,6,8,7.8,8
Entrevistado_1013,Entrevistado_1013,GUADALAJARA,BAJIO,Primera mención,OTRAS,7,8,4,8
Entrevistado_1014,Entrevistado_1014,LEÓN,BAJIO,Primera mención,OTRAS,9,8,7.8,10
Entrevistado_1015,Entrevistado_1015,GUADALAJARA,BAJIO,Primera mención,OTRAS,8,10,7.8,10
Entrevistado_1016,Entrevistado_1016,CULIACÁN,OCCIDENTE,Primera mención,OTRAS,8.4,8,5,6
Entrevistado_1017,Entrevistado_1017,PUEBLA,CENTRO,Primera mención,OTRAS,10,8,10,7
Entrevistado_1018,Entrevistado_1018,QUERÉTARO,CENTRO,Primera mención,UVM,9,10,7.8,8
Entrevistado_1019,Entrevistado_1019,VILLAHERMOSA,SUR,Primera mención,OTRAS,10,10,4,8
Entrevistado_1020,Entrevistado_1020,MEXICALI,OCCIDENTE,Primera mención,OTRAS,9,10,2,8
Entrevistado_1021,Entrevistado_1021,MAZATLÁN,OCCIDENTE,Primera mención,OTRAS,10,10,7.8,8
Entrevistado_1022,Entrevistado_1022,GUADALAJARA,BAJIO,Primera mención,OTRAS,10,8,7.8,8
Entrevistado_1023,Entrevistado_1023,TEPIC,OCCIDENTE,Primera mención,OTRAS,8,8,7.8,7
Entrevistado_1024,Entrevistado_1024,QUERÉTARO,CENTRO,Primera mención,ITESM,9,9,1,8
Entrevistado_1025,Entrevistado_1025,GUADALAJARA,BAJIO,Primera mención,UVM,7,8,6,8
Entrevistado_1026,Entrevistado_1026,MORELIA,BAJIO,Primera mención,OTRAS,8.4,8,6,8
Entrevistado_1027,Entrevistado_1027,GUADALAJARA,BAJIO,Primera mención,ITESM,8.4,7,7.8,9
Entrevistado_1028,Entrevistado_1028,TEPIC,OCCIDENTE,Primera mención,OTRAS,8.4,10,9,8
Entrevistado_1029,Entrevistado_1029,LEÓN,BAJIO,Primera mención,OTRAS,7,8,5,10
Entrevistado_1030,Entrevistado_1030,GUADALAJARA,BAJIO,Primera mención,ITESM,8.4,8,7.8,7
Entrevistado_1031,Entrevistado_1031,GUADALAJARA,BAJIO,Primera mención,OTRAS,10,8,10,8
Entrevistado_1032,Entrevistado_1032,GUADALAJARA,BAJIO,Primera mención,OTRAS,10,8,9,8
Entrevistado_1033,Entrevistado_1033,GUADALAJARA,BAJIO,Primera mención,OTRAS,7,8,7.8,8
Entrevistado_1034,Entrevistado_1034,VILLAHERMOSA,SUR,Primera mención,UVM,10,5,5,8
Entrevistado_1035,Entrevistado_1035,GUADALAJARA,BAJIO,Primera mención,OTRAS,8,8,10,10
Entrevistado_1036,Entrevistado_1036,TEPIC,OCCIDENTE,Primera mención,OTRAS,10,9,7.8,8
Entrevistado_1037,Entrevistado_1037,HERMOSILLO,OCCIDENTE,Primera mención,OTRAS,8.4,9,10,10
Entrevistado_1038,Entrevistado_1038,CULIACÁN,OCCIDENTE,Primera mención,OTRAS,8.4,4,7.8,10
Entrevistado_1039,Entrevistado_1039,CIUDAD DE MÉXICO,CENTRO,Primera mención,OTRAS,9,10,7.8,8
Entrevistado_1040,Entrevistado_1040,VILLAHERMOSA,SUR,Primera mención,OTRAS,9,8,10,8
Entrevistado_1041,Entrevistado_1041,COATZACOALCOS,SUR,Primera mención,OTRAS,8.4,9,9,8
Entrevistado_1042,Entrevistado_1042,MORELIA,BAJIO,Primera mención,OTRAS,7,8,5,1
Entrevistado_1043,Entrevistado_1043,TEPIC,OCCIDENTE,Primera mención,OTRAS,8,9,10,10
Entrevistado_1044,Entrevistado_1044,AGUASCALIENTES,BAJIO,Primera mención,OTRAS,8,8,9,9
Entrevistado_1045,Entrevistado_1045,CULIACÁN,OCCIDENTE,Primera mención,OTRAS,8.4,8,7.8,8
Entrevistado_1046,Entrevistado_1046,CIUDAD DE MÉXICO,CENTRO,Primera mención,OTRAS,8.4,9,7.8,6
Entrevistado_1047,Entrevistado_1047,GUADALAJARA,BAJIO,Primera mención,OTRAS,8.4,8,7.8,10
Entrevistado_1048,Entrevistado_1048,HERMOSILLO,OCCIDENTE,Primera mención,OTRAS,9,7,10,8
Entrevistado_1049,Entrevistado_1049,TUXTLA GUTIÉRREZ,SUR,Primera mención,OTRAS,6,10,7.8,8
Entrevistado_1050,Entrevistado_1050,GUADALAJARA,BAJIO,Primera mención,UVM,6,8,8,10
Entrevistado_1051,Entrevistado_1051,MORELIA,BAJIO,Primera mención,OTRAS,8.4,8,4,8
Entrevistado_1052,Entrevistado_1052,TEPIC,OCCIDENTE,Primera mención,OTRAS,10,8,7.8,8
Entrevistado_1053,Entrevistado_1053,TEPIC,OCCIDENTE,Primera mención,OTRAS,10,6,10,10
Entrevistado_1054,Entrevistado_1054,HERMOSILLO,OCCIDENTE,Primera mención,ITESM,10,8,7.8,8
Entrevistado_1055,Entrevistado_1055,GUADALAJARA,BAJIO,Primera mención,OTRAS,8.4,8,7.8,10
Entrevistado_1056,Entrevistado_1056,GUADALAJARA,BAJIO,Primera mención,OTRAS,8.4,8,3,8
Entrevistado_1057,Entrevistado_1057,ZAMORA,BAJIO,Primera mención,OTRAS,5,7,5,10
Entrevistado_1058,Entrevistado_1058,LEÓN,BAJIO,Primera mención,OTRAS,8,10,7.8,10
Entrevistado_1059,Entrevistado_1059,TUXTLA GUTIÉRREZ,SUR,Primera mención,OTRAS,10,4,4,9
Entrevistado_1060,Entrevistado_1060,ENSENADA,OCCIDENTE,Primera mención,OTRAS,8.4,5,10,8
Entrevistado_1061,Entrevistado_1061,AGUASCALIENTES,BAJIO,Primera mención,OTRAS,9,7,10,8
Entrevistado_1062,Entrevistado_1062,VILLAHERMOSA,SUR,Primera mención,OTRAS,8,8,1,8
Entrevistado_1063,Entrevistado_1063,GUADALAJARA,BAJIO,Primera mención,OTRAS,8.4,1,10,9
Entrevistado_1064,Entrevistado_1064,GUADALAJARA,BAJIO,Primera mención,OTRAS,10,8,10,8
Entrevistado_1065,Entrevistado_1065,LEÓN,BAJIO,Primera mención,OTRAS,5,8,5,8
Entrevistado_1066,Entrevistado_1066,LOS MOCHIS,OCCIDENTE,Primera mención,OTRAS,10,8,7.8,8
Entrevistado_1067,Entrevistado_1067,GUADALAJARA,BAJIO,Primera mención,OTRAS,7,10,7.8,8
Entrevistado_1068,Entrevistado_1068,MORELIA,BAJIO,Primera mención,OTRAS,8,10,10,8
Entrevistado_1069,Entrevistado_1069,MONTERREY,NORTE,Primera mención,ITESM,8.4,8,7.8,8
Entrevistado_1070,Entrevistado_1070,MEXICALI,OCCIDENTE,Primera mención,OTRAS,10,9,5,8
Entrevistado_1071,Entrevistado_1071,GUADALAJARA,BAJIO,Primera mención,OTRAS,8,6,7.8,8
Entrevistado_1072,Entrevistado_1072,GUADALAJARA,BAJIO,Primera mención,OTRAS,10,10,7.8,8
Entrevistado_1073,Entrevistado_1073,LEÓN,BAJIO,Primera mención,OTRAS,8,8,1,7
Entrevistado_1074,Entrevistado_1074,PUEBLA,CENTRO,Primera mención,OTRAS,8,10,7.8,8
Entrevistado_1075,Entrevistado_1075,TIJUANA,OCCIDENTE,Primera mención,OTRAS,10,10,8,8
Entrevistado_1076,Entrevistado_1076,ZAMORA,BAJIO,Primera mención,OTRAS,9,8,6,10
Entrevistado_1077,Entrevistado_1077,GUADALAJARA,BAJIO,Primera mención,OTRAS,8,7,7.8,6
Entrevistado_1078,Entrevistado_1078,MORELIA,BAJIO,Primera mención,OTRAS,10,7,2,8
Entrevistado_1079,Entrevistado_1079,MAZATLÁN,OCCIDENTE,Primera mención,OTRAS,6,6,6,8
Entrevistado_1080,Entrevistado_1080,GUADALAJARA,BAJIO,Primera mención,OTRAS,8.4,10,9,8
Entrevistado_1081,Entrevistado_1081,CIUDAD DE MÉXICO,CENTRO,Primera mención,ITESM,8.4,8,7,5
Entrevistado_1082,Entrevistado_1082,GUADALAJARA,BAJIO,Primera mención,OTRAS,10,7,7.8,8
Entrevistado_1083,Entrevistado_1083,LEÓN,BAJIO,Primera mención,OTRAS,8,8,10,10
Entrevistado_1084,Entrevistado_1084,GUADALAJARA,BAJIO,Primera mención,OTRAS,6,8,9,8
Entrevistado_1085,Entrevistado_1085,GUADALAJARA,BAJIO,Primera mención,OTRAS,10,8,7.8,10
Entrevistado_1086,Entrevistado_1086,LEÓN,BAJIO,Primera mención,ITESM,8,4,10,8
Entrevistado_1087,Entrevistado_1087,QUERÉTARO,CENTRO,Primera mención,UVM,7,8,7.8,8
Entrevistado_1088,Entrevistado_1088,GUADALAJARA,BAJIO,Primera mención,ITESM,10,8,10,8
Entrevistado_1089,Entrevistado_1089,MÉRIDA,SUR,Primera mención,ANÁHUAC,6,8,9,8
Entrevistado_1090,Entrevistado_1090,TAPACHULA,SUR,Primera mención,OTRAS,8.4,8,10,8
Entrevistado_1091,Entrevistado_1091,VILLAHERMOSA,SUR,Primera mención,OTRAS,7,8,7.8,3
Entrevistado_1092,Entrevistado_1092,GUADALAJARA,BAJIO,Primera mención,OTRAS,6,10,7.8,8
Entrevistado_1093,Entrevistado_1093,TUXTLA GUTIÉRREZ,SUR,Primera mención,OTRAS,10,10,7.8,8
Entrevistado_1094,Entrevistado_1094,GUADALAJARA,BAJIO,Primera mención,OTRAS,8,8,3,8
Entrevistado_1095,Entrevistado_1095,GUADALAJARA,BAJIO,Primera mención,OTRAS,10,8,7.8,10
Entrevistado_1096,Entrevistado_1096,HERMOSILLO,OCCIDENTE,Primera mención,OTRAS,9,8,9,8
Entrevistado_1097,Entrevistado_1097,MORELIA,BAJIO,Primera mención,OTRAS,7,3,4,9
Entrevistado_1098,Entrevistado_1098,GUADALAJARA,BAJIO,Primera mención,UVM,9,9,7.8,10
Entrevistado_1099,Entrevistado_1099,AGUASCALIENTES,BAJIO,Primera mención,OTRAS,10,8,7,8
Entrevistado_1100,Entrevistado_1100,MORELIA,BAJIO,Primera mención,OTRAS,8.4,8,4,8
Entrevistado_1101,Entrevistado_1101,GUADALAJARA,BAJIO,Primera mención,OTRAS,10,8,10,10
Entrevistado_1102,Entrevistado_1102,GUADALAJARA,BAJIO,Primera mención,OTRAS,8,8,7.8,8
Entrevistado_1103,Entrevistado_1103,QUERÉTARO,CENTRO,Primera mención,ANÁHUAC,9,10,7.8,6
Entrevistado_1104,Entrevistado_1104,LEÓN,BAJIO,Primera mención,OTRAS,6,8,10,4
Entrevistado_1105,Entrevistado_1105,PUEBLO NUEVO,ORIENTE,Primera mención,OTRAS,8.4,10,7.8,6
Entrevistado_1106,Entrevistado_1106,GUADALAJARA,BAJIO,Primera mención,OTRAS,6,5,4,6
Entrevistado_1107,Entrevistado_1107,AGUASCALIENTES,BAJIO,Primera mención,OTRAS,10,10,7.8,8
Entrevistado_1108,Entrevistado_1108,GUADALAJARA,BAJIO,Primera mención,OTRAS,9,5,2,8
Entrevistado_1109,Entrevistado_1109,COATZACOALCOS,SUR,Primera mención,OTRAS,9,9,3,8
Entrevistado_1110,Entrevistado_1110,HERMOSILLO,OCCIDENTE,Primera mención,UVM,8.4,8,7,8
Entrevistado_1111,Entrevistado_1111,MORELIA,BAJIO,Primera mención,OTRAS,8.4,8,10,10
Entrevistado_1112,Entrevistado_1112,VILLAHERMOSA,SUR,Primera mención,UVM,8,9,7.8,8
Entrevistado_1113,Entrevistado_1113,COATZACOALCOS,SUR,Primera mención,OTRAS,9,8,9,8
Entrevistado_1114,Entrevistado_1114,TEPIC,OCCIDENTE,Primera mención,OTRAS,5,5,8,8
Entrevistado_1115,Entrevistado_1115,COATZACOALCOS,SUR,Primera mención,OTRAS,9,10,6,9
Entrevistado_1116,Entrevistado_1116,HERMOSILLO,OCCIDENTE,Primera mención,OTRAS,7,10,7.8,10
Entrevistado_1117,Entrevistado_1117,CIUDAD DE MÉXICO,CENTRO,Primera mención,OTRAS,8.4,10,7.8,7
Entrevistado_1118,Entrevistado_1118,GUADALAJARA,BAJIO,Primera mención,OTRAS,9,8,8,8
Entrevistado_1119,Entrevistado_1119,MORELIA,BAJIO,Primera mención,OTRAS,8,7,7.8,10
Entrevistado_1120,Entrevistado_1120,LEÓN,BAJIO,Primera mención,OTRAS,10,8,7,8
Entrevistado_1121,Entrevistado_1121,TUXTLA GUTIÉRREZ,SUR,Primera mención,OTRAS,10,8,5,9
Entrevistado_1122,Entrevistado_1122,VILLAHERMOSA,SUR,Primera mención,UVM,9,8,7,9
Entrevistado_1123,Entrevistado_1123,TUXTLA GUTIÉRREZ,SUR,Primera mención,OTRAS,10,4,7.8,7
Entrevistado_1124,Entrevistado_1124,CULIACÁN,OCCIDENTE,Primera mención,ITESM,9,5,7.8,9
Entrevistado_1125,Entrevistado_1125,CIUDAD DE MÉXICO,CENTRO,Primera mención,UVM,8.4,8,10,9
Entrevistado_1126,Entrevistado_1126,ZAMORA,BAJIO,Primera mención,OTRAS,9,8,1,8
Entrevistado_1127,Entrevistado_1127,CULIACÁN,OCCIDENTE,Primera mención,OTRAS,10,8,10,8
Entrevistado_1128,Entrevistado_1128,MORELIA,BAJIO,Primera mención,OTRAS,7,7,7.8,8
Entrevistado_1129,Entrevistado_1129,CULIACÁN,OCCIDENTE,Primera mención,OTRAS,8.4,5,6,8
Entrevistado_1130,Entrevistado_1130,MORELIA,BAJIO,Primera mención,OTRAS,9,8,10,10
Entrevistado_1131,Entrevistado_1131,TUXTLA GUTIÉRREZ,SUR,Primera mención,OTRAS,9,8,10,5
Entrevistado_1132,Entrevistado_1132,AGUASCALIENTES,BAJIO,Primera mención,OTRAS,7,8,7.8,9
Entrevistado_1133,Entrevistado_1133,VILLAHERMOSA,SUR,Primera mención,OTRAS,10,8,7.8,8
Entrevistado_1134,Entrevistado_1134,TUXTLA GUTIÉRREZ,SUR,Primera mención,OTRAS,8.4,8,7.8,10
Entrevistado_1135,Entrevistado_1135,MONTERREY,NORTE,Primera mención,OTRAS,6,10,7,8
Entrevistado_1136,Entrevistado_1136,MORELIA,BAJIO,Primera mención,OTRAS,8.4,8,2,9
Entrevistado_1137,Entrevistado_1137,CULIACÁN,OCCIDENTE,Primera mención,OTRAS,9,7,7.8,8
Entrevistado_1138,Entrevistado_1138,MORELIA,BAJIO,Primera mención,OTRAS,9,10,8,8
Entrevistado_1139,Entrevistado_1139,LA PAZ,OCCIDENTE,Primera mención,OTRAS,9,10,7.8,4
Entrevistado_1140,Entrevistado_1140,HERMOSILLO,OCCIDENTE,Primera mención,UVM,8.4,8,9,10
Entrevistado_1141,Entrevistado_1141,TAPACHULA,SUR,Primera mención,OTRAS,9,8,4,8
Entrevistado_1142,Entrevistado_1142,CÓRDOBA,ORIENTE,Primera mención,ITESM,10,8,6,10
Entrevistado_1143,Entrevistado_1143,TIJUANA,OCCIDENTE,Primera mención,OTRAS,9,5,6,8
Entrevistado_1144,Entrevistado_1144,HERMOSILLO,OCCIDENTE,Primera mención,OTRAS,9,8,7.8,8
Entrevistado_1145,Entrevistado_1145,GUADALAJARA,BAJIO,Primera mención,OTRAS,8.4,2,7.8,7
Entrevistado_1146,Entrevistado_1146,GUADALAJARA,BAJIO,Primera mención,OTRAS,8.4,8,4,10
Entrevistado_1147,Entrevistado_1147,GUADALAJARA,BAJIO,Primera mención,OTRAS,9,8,9,4
Entrevistado_1148,Entrevistado_1148,GUADALAJARA,BAJIO,Primera mención,OTRAS,6,8,7.8,6
Entrevistado_1149,Entrevistado_1149,GUADALAJARA,BAJIO,Primera mención,UVM,9,8,7.8,8
Entrevistado_1150,Entrevistado_1150,CULIACÁN,OCCIDENTE,Primera mención,ITESM,8.4,8,7.8,3
Entrevistado_1151,Entrevistado_1151,GUADALAJARA,BAJIO,Primera mención,OTRAS,9,8,7.8,10
Entrevistado_1152,Entrevistado_1152,MORELIA,BAJIO,Primera mención,OTRAS,6,6,1,8
Entrevistado_1153,Entrevistado_1153,HERMOSILLO,OCCIDENTE,Primera mención,UVM,8.4,10,7.8,2
Entrevistado_1154,Entrevistado_1154,CD. OBREGÓN,OCCIDENTE,Primera mención,OTRAS,7,9,10,8
Entrevistado_1155,Entrevistado_1155,LEÓN,BAJIO,Primera mención,OTRAS,8,8,6,8
Entrevistado_1156,Entrevistado_1156,LEÓN,BAJIO,Primera mención,OTRAS,9,8,4,10
Entrevistado_1157,Entrevistado_1157,TUXTLA GUTIÉRREZ,SUR,Primera mención,OTRAS,8,5,8,10
Entrevistado_1158,Entrevistado_1158,VILLAHERMOSA,SUR,Primera mención,UVM,9,8,7.8,8
Entrevistado_1159,Entrevistado_1159,TUXTLA GUTIÉRREZ,SUR,Primera mención,OTRAS,10,8,6,8
Entrevistado_1160,Entrevistado_1160,MORELIA,BAJIO,Primera mención,OTRAS,8.4,8,7.8,8
Entrevistado_1161,Entrevistado_1161,VILLAHERMOSA,SUR,Primera mención,OTRAS,5,4,7.8,8
Entrevistado_1162,Entrevistado_1162,CIUDAD DE MÉXICO,CENTRO,Primera mención,OTRAS,10,8,2,8
Entrevistado_1163,Entrevistado_1163,TUXTLA GUTIÉRREZ,SUR,Primera mención,OTRAS,9,10,7.8,8
Entrevistado_1164,Entrevistado_1164,QUERÉTARO,CENTRO,Primera mención,ITESM,8.4,10,1,8
Entrevistado_1165,Entrevistado_1165,VILLAHERMOSA,SUR,Primera mención,OTRAS,8.4,10,7.8,8
Entrevistado_1166,Entrevistado_1166,MORELIA,BAJIO,Primera mención,OTRAS,9,2,7.8,10
Entrevistado_1167,Entrevistado_1167,PUEBLA,CENTRO,Primera mención,OTRAS,10,10,7.8,10
Entrevistado_1168,Entrevistado_1168,GUADALAJARA,BAJIO,Primera mención,OTRAS,8.4,8,5,8
Entrevistado_1169,Entrevistado_1169,VILLAHERMOSA,SUR,Primera mención,UVM,9,8,10,8
Entrevistado_1170,Entrevistado_1170,GUADALAJARA,BAJIO,Primera mención,OTRAS,6,8,1,8
Entrevistado_1171,Entrevistado_1171,GUADALAJARA,BAJIO,Primera mención,OTRAS,10,8,4,9
Entrevistado_1172,Entrevistado_1172,GUADALAJARA,BAJIO,Primera mención,OTRAS,10,8,10,8
Entrevistado_1173,Entrevistado_1173,GUADALAJARA,BAJIO,Primera mención,OTRAS,6,8,9,8
Entrevistado_1174,Entrevistado_1174,QUERÉTARO,CENTRO,Primera mención,OTRAS,7,4,3,8
Entrevistado_1175,Entrevistado_1175,GUADALAJARA,BAJIO,Primera mención,OTRAS,6,8,2,10
Entrevistado_1176,Entrevistado_1176,CIUDAD DE MÉXICO,CENTRO,Primera mención,OTRAS,8,8,5,10
Entrevistado_1177,Entrevistado_1177,IRAPUATO,BAJIO,Primera mención,OTRAS,9,8,7.8,8
Entrevistado_1178,Entrevistado_1178,CULIACÁN,OCCIDENTE,Primera mención,OTRAS,8,8,1,9
Entrevistado_1179,Entrevistado_1179,GUADALAJARA,BAJIO,Primera mención,ITESM,8.4,8,7,10
Entrevistado_1180,Entrevistado_1180,COATZACOALCOS,SUR,Primera mención,OTRAS,10,8,7.8,8
Entrevistado_1181,Entrevistado_1181,MORELIA,BAJIO,Primera mención,OTRAS,8.4,5,7.8,8
Entrevistado_1182,Entrevistado_1182,CULIACÁN,OCCIDENTE,Primera mención,OTRAS,10,8,7.8,5
Entrevistado_1183,Entrevistado_1183,HERMOSILLO,OCCIDENTE,Primera mención,OTRAS,8.4,4,7.8,8
Entrevistado_1184,Entrevistado_1184,GUADALAJARA,BAJIO,Primera mención,OTRAS,8.4,6,7.8,9
Entrevistado_1185,Entrevistado_1185,CIUDAD DE MÉXICO,CENTRO,Primera mención,OTRAS,8,10,7.8,10
Entrevistado_1186,Entrevistado_1186,LA PAZ,OCCIDENTE,Primera mención,OTRAS,8.4,8,7,8
Entrevistado_1187,Entrevistado_1187,TAPACHULA,SUR,Primera mención,OTRAS,8.4,10,6,10
Entrevistado_1188,Entrevistado_1188,TEPIC,OCCIDENTE,Primera mención,OTRAS,9,9,7.8,8
Entrevistado_1189,Entrevistado_1189,MORELIA,BAJIO,Primera mención,OTRAS,10,8,6,8
Entrevistado_1190,Entrevistado_1190,IRAPUATO,BAJIO,Primera mención,OTRAS,9,7,7.8,10
Entrevistado_1191,Entrevistado_1191,CULIACÁN,OCCIDENTE,Primera mención,OTRAS,8,8,6,6
Entrevistado_1192,Entrevistado_1192,TIJUANA,OCCIDENTE,Primera mención,OTRAS,8,8,8,2
Entrevistado_1193,Entrevistado_1193,CIUDAD DE MÉXICO,CENTRO,Primera mención,UVM,8.4,8,3,7
Entrevistado_1194,Entrevistado_1194,QUERÉTARO,CENTRO,Primera mención,ANÁHUAC,10,8,10,10
Entrevistado_1195,Entrevistado_1195,MEXICALI,OCCIDENTE,Primera mención,OTRAS,7,9,7.8,9
Entrevistado_1196,Entrevistado_1196,GUADALAJARA,BAJIO,Primera mención,OTRAS,5,10,9,6
Entrevistado_1197,Entrevistado_1197,GUADALAJARA,BAJIO,Primera mención,OTRAS,8,8,7.8,10
Entrevistado_1198,Entrevistado_1198,CIUDAD DE MÉXICO,CENTRO,Primera mención,UVM,8.4,10,7.8,5
Entrevistado_1199,Entrevistado_1199,GUADALAJARA,BAJIO,Primera mención,OTRAS,10,10,7.8,8
Entrevistado_1200,Entrevistado_1200,TUXTLA GUTIÉRREZ,SUR,Primera mención,OTRAS,10,5,7.8,8
Entrevistado_1201,Entrevistado_1201,MAZATLÁN,OCCIDENTE,Primera mención,OTRAS,8.4,6,1,8
Entrevistado_1202,Entrevistado_1202,TEPIC,OCCIDENTE,Primera mención,OTRAS,8.4,10,7.8,8
Entrevistado_1203,Entrevistado_1203,CULIACÁN,OCCIDENTE,Primera mención,OTRAS,8,8,7.8,6
Entrevistado_1204,Entrevistado_1204,CULIACÁN,OCCIDENTE,Primera mención,OTRAS,10,10,7.8,8
Entrevistado_1205,Entrevistado_1205,LOS CABOS,OCCIDENTE,Primera mención,OTRAS,10,6,10,8
Entrevistado_1206,Entrevistado_1206,CULIACÁN,OCCIDENTE,Primera mención,OTRAS,6,8,7.8,8
Entrevistado_1207,Entrevistado_1207,CULIACÁN,OCCIDENTE,Primera mención,OTRAS,10,10,6,8
Entrevistado_1208,Entrevistado_1208,CULIACÁN,OCCIDENTE,Primera mención,OTRAS,10,10,10,8
Entrevistado_1209,Entrevistado_1209,GUADALAJARA,BAJIO,Primera mención,OTRAS,9,9,5,8
Entrevistado_1210,Entrevistado_1210,LEÓN,BAJIO,Primera mención,OTRAS,8.4,7,7.8,8
Entrevistado_1211,Entrevistado_1211,QUERÉTARO,CENTRO,Primera mención,ANÁHUAC,10,8,7.8,10
Entrevistado_1212,Entrevistado_1212,GUADALAJARA,BAJIO,Primera mención,OTRAS,6,8,10,6
Entrevistado_1213,Entrevistado_1213,GUADALAJARA,BAJIO,Primera mención,OTRAS,6,10,9,10
Entrevistado_1214,Entrevistado_1214,PUEBLA,CENTRO,Primera mención,OTRAS,8.4,9,1,10
Entrevistado_1215,Entrevistado_1215,CULIACÁN,OCCIDENTE,Primera mención,OTRAS,10,7,7.8,8
Entrevistado_1216,Entrevistado_1216,MORELIA,BAJIO,Primera mención,OTRAS,7,8,6,8
Entrevistado_1217,Entrevistado_1217,GUADALAJARA,BAJIO,Primera mención,OTRAS,8,10,8,8
Entrevistado_1218,Entrevistado_1218,GUADALAJARA,BAJIO,Primera mención,OTRAS,7,6,7.8,7
Entrevistado_1219,Entrevistado_1219,HERMOSILLO,OCCIDENTE,Primera mención,OTRAS,8.4,10,10,8
Entrevistado_1220,Entrevistado_1220,GUADALAJARA,BAJIO,Primera mención,OTRAS,8.4,7,9,8
Entrevistado_1221,Entrevistado_1221,LEÓN,BAJIO,Primera mención,OTRAS,6,8,2,8
Entrevistado_1222,Entrevistado_1222,GUADALAJARA,BAJIO,Primera mención,OTRAS,8.4,8,7.8,10
Entrevistado_1223,Entrevistado_1223,TEPIC,OCCIDENTE,Primera mención,OTRAS,9,1,8,8
Entrevistado_1224,Entrevistado_1224,LEÓN,BAJIO,Primera mención,OTRAS,8.4,10,7,8
Entrevistado_1225,Entrevistado_1225,HERMOSILLO,OCCIDENTE,Primera mención,UVM,10,7,5,8
Entrevistado_1226,Entrevistado_1226,LOS MOCHIS,OCCIDENTE,Primera mención,OTRAS,8.4,10,7.8,8
Entrevistado_1227,Entrevistado_1227,GUADALAJARA,BAJIO,Primera mención,OTRAS,8,8,7.8,2
Entrevistado_1228,Entrevistado_1228,VILLAHERMOSA,SUR,Primera mención,UVM,10,10,3,10
Entrevistado_1229,Entrevistado_1229,AGUASCALIENTES,BAJIO,Primera mención,OTRAS,6,8,7.8,9
Entrevistado_1230,Entrevistado_1230,LA PAZ,OCCIDENTE,Primera mención,OTRAS,8.4,7,7.8,8
Entrevistado_1231,Entrevistado_1231,GUADALAJARA,BAJIO,Primera mención,OTRAS,9,1,7.8,1
Entrevistado_1232,Entrevistado_1232,ENSENADA,OCCIDENTE,Primera mención,OTRAS,8,8,2,6
Entrevistado_1233,Entrevistado_1233,TEPIC,OCCIDENTE,Primera mención,OTRAS,6,8,7.8,8
Entrevistado_1234,Entrevistado_1234,LEÓN,BAJIO,Primera mención,OTRAS,6,8,3,8
Entrevistado_1235,Entrevistado_1235,TIJUANA,OCCIDENTE,Primera mención,OTRAS,10,10,7.8,8
Entrevistado_1236,Entrevistado_1236,AGUASCALIENTES,BAJIO,Primera mención,OTRAS,10,10,10,7
Entrevistado_1237,Entrevistado_1237,CULIACÁN,OCCIDENTE,Primera mención,OTRAS,10,10,7.8,7
Entrevistado_1238,Entrevistado_1238,IRAPUATO,BAJIO,Primera mención,OTRAS,10,9,7,8
Entrevistado_1239,Entrevistado_1239,MORELIA,BAJIO,Primera mención,OTRAS,9,5,7.8,5
Entrevistado_1240,Entrevistado_1240,ENSENADA,OCCIDENTE,Primera mención,OTRAS,10,6,10,8
Entrevistado_1241,Entrevistado_1241,CULIACÁN,OCCIDENTE,Primera mención,OTRAS,9,9,1,8
Entrevistado_1242,Entrevistado_1242,ZAMORA,BAJIO,Primera mención,OTRAS,9,9,7,10
Entrevistado_1243,Entrevistado_1243,AGUASCALIENTES,BAJIO,Primera mención,OTRAS,9,6,7.8,8
Entrevistado_1244,Entrevistado_1244,MONTERREY,NORTE,Primera mención,ITESM,10,8,3,10
Entrevistado_1245,Entrevistado_1245,GUADALAJARA,BAJIO,Primera mención,UVM,10,6,10,8
Entrevistado_1246,Entrevistado_1246,AGUASCALIENTES,BAJIO,Primera mención,OTRAS,8.4,8,4,10
Entrevistado_1247,Entrevistado_1247,GUADALAJARA,BAJIO,Primera mención,OTRAS,10,8,7.8,8
Entrevistado_1248,Entrevistado_1248,MORELIA,BAJIO,Primera mención,OTRAS,6,8,7.8,1
Entrevistado_1249,Entrevistado_1249,LEÓN,BAJIO,Primera mención,OTRAS,10,5,10,8
Entrevistado_1250,Entrevistado_1250,CULIACÁN,OCCIDENTE,Primera mención,OTRAS,10,8,5,7
Entrevistado_1251,Entrevistado_1251,CIUDAD DE MÉXICO,CENTRO,Primera mención,OTRAS,8.4,5,7.8,8
Entrevistado_1252,Entrevistado_1252,AGUASCALIENTES,BAJIO,Primera mención,OTRAS,10,8,5,8
Entrevistado_1253,Entrevistado_1253,COATZACOALCOS,SUR,Primera mención,OTRAS,10,9,9,8
Entrevistado_1254,Entrevistado_1254,MORELIA,BAJIO,Primera mención,OTRAS,8,8,7.8,7
Entrevistado_1255,Entrevistado_1255,CULIACÁN,OCCIDENTE,Primera mención,OTRAS,4,9,7,6
Entrevistado_1256,Entrevistado_1256,MORELIA,BAJIO,Primera mención,OTRAS,9,10,7.8,8
Entrevistado_1257,Entrevistado_1257,AGUASCALIENTES,BAJIO,Primera mención,OTRAS,8.4,8,10,7
Entrevistado_1258,Entrevistado_1258,LEÓN,BAJIO,Primera mención,OTRAS,8,8,8,8
Entrevistado_1259,Entrevistado_1259,TIJUANA,OCCIDENTE,Primera mención,OTRAS,8,8,7.8,8
Entrevistado_1260,Entrevistado_1260,CULIACÁN,OCCIDENTE,Primera mención,OTRAS,9,8,10,8
Entrevistado_1261,Entrevistado_1261,MORELIA,BAJIO,Primera mención,OTRAS,10,10,5,3
Entrevistado_1262,Entrevistado_1262,QUERÉTARO,CENTRO,Primera mención,OTRAS,7,10,7.8,10
Entrevistado_1263,Entrevistado_1263,GUADALAJARA,BAJIO,Primera mención,OTRAS,8,8,10,8
Entrevistado_1264,Entrevistado_1264,GUADALAJARA,BAJIO,Primera mención,UVM,7,9,7.8,10
Entrevistado_1265,Entrevistado_1265,CIUDAD DE MÉXICO,CENTRO,Primera mención,OTRAS,9,8,7.8,8
Entrevistado_1266,Entrevistado_1266,TEPIC,OCCIDENTE,Primera mención,OTRAS,6,8,9,8
Entrevistado_1267,Entrevistado_1267,MONTERREY,NORTE,Primera mención,ITESM,9,8,10,8
Entrevistado_1268,Entrevistado_1268,HERMOSILLO,OCCIDENTE,Primera mención,OTRAS,9,10,7.8,8
Entrevistado_1269,Entrevistado_1269,COATZACOALCOS,SUR,Primera mención,OTRAS,10,7,7.8,8
Entrevistado_1270,Entrevistado_1270,MONTERREY,NORTE,Primera mención,OTRAS,9,9,7.8,8
Entrevistado_1271,Entrevistado_1271,AGUASCALIENTES,BAJIO,Primera mención,OTRAS,9,10,7.8,8
Entrevistado_1272,Entrevistado_1272,QUERÉTARO,CENTRO,Primera mención,OTRAS,10,9,7.8,8
Entrevistado_1273,Entrevistado_1273,MAZATLÁN,OCCIDENTE,Primera mención,OTRAS,9,8,6,6
Entrevistado_1274,Entrevistado_1274,GUADALAJARA,BAJIO,Primera mención,OTRAS,10,8,5,8
Entrevistado_1275,Entrevistado_1275,GUADALAJARA,BAJIO,Primera mención,OTRAS,8,6,7,10
Entrevistado_1276,Entrevistado_1276,MEXICALI,OCCIDENTE,Primera mención,OTRAS,8.4,8,5,8
Entrevistado_1277,Entrevistado_1277,GUADALAJARA,BAJIO,Primera mención,OTRAS,8.4,8,3,8
Entrevistado_1278,Entrevistado_1278,LEÓN,BAJIO,Primera mención,OTRAS,7,8,10,9
Entrevistado_1279,Entrevistado_1279,IRAPUATO,BAJIO,Primera mención,OTRAS,5,10,7.8,8
Entrevistado_1280,Entrevistado_1280,CD. OBREGÓN,OCCIDENTE,Primera mención,OTRAS,8.4,2,6,8
Entrevistado_1281,Entrevistado_1281,CULIACÁN,OCCIDENTE,Primera mención,OTRAS,8.4,8,6,10
Entrevistado_1282,Entrevistado_1282,TEPIC,OCCIDENTE,Primera mención,OTRAS,7,10,5,8
Entrevistado_1283,Entrevistado_1283,MAZATLÁN,OCCIDENTE,Primera mención,OTRAS,8.4,8,7.8,4
Entrevistado_1284,Entrevistado_1284,MONTERREY,NORTE,Primera mención,OTRAS,8.4,10,7.8,10
Entrevistado_1285,Entrevistado_1285,CIUDAD DE MÉXICO,CENTRO,Primera mención,OTRAS,6,7,8,2
Entrevistado_1286,Entrevistado_1286,AGUASCALIENTES,BAJIO,Primera mención,ITESM,8,7,6,7
Entrevistado_1287,Entrevistado_1287,TUXTLA GUTIÉRREZ,SUR,Primera mención,OTRAS,8.4,8,2,8
Entrevistado_1288,Entrevistado_1288,GUADALAJARA,BAJIO,Primera mención,OTRAS,9,8,4,10
Entrevistado_1289,Entrevistado_1289,IRAPUATO,BAJIO,Primera mención,OTRAS,10,8,7,2
Entrevistado_1290,Entrevistado_1290,TIJUANA,OCCIDENTE,Primera mención,OTRAS,6,10,7,6
Entrevistado_1291,Entrevistado_1291,MONTERREY,NORTE,Primera mención,ITESM,8.4,8,7.8,8
Entrevistado_1292,Entrevistado_1292,AGUASCALIENTES,BAJIO,Primera mención,OTRAS,9,5,10,8
Entrevistado_1293,Entrevistado_1293,HERMOSILLO,OCCIDENTE,Primera mención,OTRAS,8.4,8,7,8
Entrevistado_1294,Entrevistado_1294,GUADALAJARA,BAJIO,Primera mención,OTRAS,8.4,8,6,8
Entrevistado_1295,Entrevistado_1295,LEÓN,BAJIO,Primera mención,OTRAS,8,8,6,8
Entrevistado_1296,Entrevistado_1296,AGUASCALIENTES,BAJIO,Primera mención,OTRAS,7,8,7.8,10
Entrevistado_1297,Entrevistado_1297,CULIACÁN,OCCIDENTE,Primera mención,OTRAS,9,10,10,8
Entrevistado_1298,Entrevistado_1298,MAZATLÁN,OCCIDENTE,Primera mención,OTRAS,8.4,6,3,8
Entrevistado_1299,Entrevistado_1299,CIUDAD DE MÉXICO,CENTRO,Primera mención,OTRAS,10,9,7.8,10
Entrevistado_1300,Entrevistado_1300,MORELIA,BAJIO,Primera mención,OTRAS,6,8,10,8
Entrevistado_1301,Entrevistado_1301,CULIACÁN,OCCIDENTE,Primera mención,OTRAS,10,8,1,8
Entrevistado_1302,Entrevistado_1302,VILLAHERMOSA,SUR,Primera mención,OTRAS,7,8,6,8
Entrevistado_1303,Entrevistado_1303,LEÓN,BAJIO,Primera mención,ITESM,10,4,7.8,8
Entrevistado_1304,Entrevistado_1304,CIUDAD DE MÉXICO,CENTRO,Primera mención,OTRAS,10,10,5,10
Entrevistado_1305,Entrevistado_1305,LOS MOCHIS,OCCIDENTE,Primera mención,OTRAS,8.4,10,7,5
Entrevistado_1306,Entrevistado_1306,GUADALAJARA,BAJIO,Primera mención,OTRAS,7,10,7.8,6
Entrevistado_1307,Entrevistado_1307,CD. OBREGÓN,OCCIDENTE,Primera mención,OTRAS,7,9,7.8,8
Entrevistado_1308,Entrevistado_1308,MORELIA,BAJIO,Primera mención,OTRAS,10,7,7.8,2
Entrevistado_1309,Entrevistado_1309,LEÓN,BAJIO,Primera mención,OTRAS,8.4,10,7.8,8
Entrevistado_1310,Entrevistado_1310,MORELIA,BAJIO,Primera mención,OTRAS,8,8,10,8
Entrevistado_1311,Entrevistado_1311,MORELIA,BAJIO,Primera mención,OTRAS,8,9,8,10
Entrevistado_1312,Entrevistado_1312,VILLAHERMOSA,SUR,Primera mención,UVM,10,8,10,10
Entrevistado_1313,Entrevistado_1313,GUADALAJARA,BAJIO,Primera mención,OTRAS,10,10,10,8
Entrevistado_1314,Entrevistado_1314,IRAPUATO,BAJIO,Primera mención,OTRAS,10,8,7,10
Entrevistado_1315,Entrevistado_1315,GUADALAJARA,BAJIO,Primera mención,OTRAS,10,9,7.8,6
Entrevistado_1316,Entrevistado_1316,IRAPUATO,BAJIO,Primera mención,ITESM,8,8,7.8,5
Entrevistado_1317,Entrevistado_1317,LA PAZ,OCCIDENTE,Primera mención,OTRAS,10,4,8,8
Entrevistado_1318,Entrevistado_1318,MEXICALI,OCCIDENTE,Primera mención,OTRAS,5,9,7.8,8
Entrevistado_1319,Entrevistado_1319,CIUDAD DE MÉXICO,CENTRO,Primera mención,OTRAS,9,10,7,10
Entrevistado_1320,Entrevistado_1320,GUADALAJARA,BAJIO,Primera mención,ITESM,10,10,7.8,6
Entrevistado_1321,Entrevistado_1321,TUXTLA GUTIÉRREZ,SUR,Primera mención,OTRAS,10,7,6,8
Entrevistado_1322,Entrevistado_1322,GUADALAJARA,BAJIO,Primera mención,OTRAS,10,8,7.8,8
Entrevistado_1323,Entrevistado_1323,MONTERREY,NORTE,Primera mención,ITESM,8.4,8,9,8
Entrevistado_1324,Entrevistado_1324,GUADALAJARA,BAJIO,Primera mención,OTRAS,6,8,8,5
Entrevistado_1325,Entrevistado_1325,LEÓN,BAJIO,Primera mención,OTRAS,5,8,7.8,8
Entrevistado_1326,Entrevistado_1326,COATZACOALCOS,SUR,Primera mención,OTRAS,8.4,10,5,8
Entrevistado_1327,Entrevistado_1327,COATZACOALCOS,SUR,Primera mención,OTRAS,10,9,7.8,5
Entrevistado_1328,Entrevistado_1328,CULIACÁN,OCCIDENTE,Primera mención,OTRAS,8.4,10,7,3
Entrevistado_1329,Entrevistado_1329,MEXICALI,OCCIDENTE,Primera mención,UVM,7,8,8,7
Entrevistado_1330,Entrevistado_1330,QUERÉTARO,CENTRO,Primera mención,ITESM,5,10,1,8
Entrevistado_1331,Entrevistado_1331,QUERÉTARO,CENTRO,Primera mención,UVM,9,6,7.8,8
Entrevistado_1332,Entrevistado_1332,HERMOSILLO,OCCIDENTE,Primera mención,UVM,9,10,7.8,9
Entrevistado_1333,Entrevistado_1333,COATZACOALCOS,SUR,Primera mención,OTRAS,10,9,2,8
Entrevistado_1334,Entrevistado_1334,TUXTLA GUTIÉRREZ,SUR,Primera mención,OTRAS,8.4,8,10,8
Entrevistado_1335,Entrevistado_1335,AGUASCALIENTES,BAJIO,Primera mención,OTRAS,8.4,8,7.8,8
Entrevistado_1336,Entrevistado_1336,LEÓN,BAJIO,Primera mención,OTRAS,9,8,10,8
Entrevistado_1337,Entrevistado_1337,IRAPUATO,BAJIO,Primera mención,OTRAS,7,6,8,8
Entrevistado_1338,Entrevistado_1338,AGUASCALIENTES,BAJIO,Primera mención,OTRAS,10,9,7.8,8
Entrevistado_1339,Entrevistado_1339,TEPIC,OCCIDENTE,Primera mención,OTRAS,6,8,10,10
Entrevistado_1340,Entrevistado_1340,LEÓN,BAJIO,Primera mención,OTRAS,10,8,5,6
Entrevistado_1341,Entrevistado_1341,LOS CABOS,OCCIDENTE,Primera mención,OTRAS,8.4,5,9,2
Entrevistado_1342,Entrevistado_1342,VILLAHERMOSA,SUR,Primera mención,OTRAS,8.4,8,6,8
Entrevistado_1343,Entrevistado_1343,VILLAHERMOSA,SUR,Primera mención,OTRAS,10,8,1,4
Entrevistado_1344,Entrevistado_1344,GUADALAJARA,BAJIO,Primera mención,OTRAS,8.4,10,3,10
Entrevistado_1345,Entrevistado_1345,HERMOSILLO,OCCIDENTE,Primera mención,OTRAS,5,6,7.8,7
Entrevistado_1346,Entrevistado_1346,CULIACÁN,OCCIDENTE,Primera mención,OTRAS,4,4,6,8
Entrevistado_1347,Entrevistado_1347,CULIACÁN,OCCIDENTE,Primera mención,OTRAS,9,10,7.8,8
Entrevistado_1348,Entrevistado_1348,MEXICALI,OCCIDENTE,Primera mención,OTRAS,9,10,10,10
Entrevistado_1349,Entrevistado_1349,GUADALAJARA,BAJIO,Primera mención,OTRAS,7,10,7.8,10
Entrevistado_1350,Entrevistado_1350,TUXTLA GUTIÉRREZ,SUR,Primera mención,OTRAS,8.4,10,8,8
Entrevistado_1351,Entrevistado_1351,MEXICALI,OCCIDENTE,Primera mención,OTRAS,9,9,5,10
Entrevistado_1352,Entrevistado_1352,LEÓN,BAJIO,Primera mención,OTRAS,10,8,10,10
Entrevistado_1353,Entrevistado_1353,LA PAZ,OCCIDENTE,Primera mención,OTRAS,10,8,7.8,6
Entrevistado_1354,Entrevistado_1354,GUADALAJARA,BAJIO,Primera mención,OTRAS,6,5,10,8
Entrevistado_1355,Entrevistado_1355,GUADALAJARA,BAJIO,Primera mención,OTRAS,10,7,10,10
Entrevistado_1356,Entrevistado_1356,CULIACÁN,OCCIDENTE,Primera mención,OTRAS,6,8,10,4
Entrevistado_1357,Entrevistado_1357,TIJUANA,OCCIDENTE,Primera mención,OTRAS,10,10,7.8,8
Entrevistado_1358,Entrevistado_1358,LEÓN,BAJIO,Primera mención,ITESM,6,8,7,10
Entrevistado_1359,Entrevistado_1359,MORELIA,BAJIO,Primera mención,OTRAS,8.4,10,7.8,6
Entrevistado_1360,Entrevistado_1360,LEÓN,BAJIO,Primera mención,OTRAS,9,10,3,5
Entrevistado_1361,Entrevistado_1361,GUADALAJARA,BAJIO,Primera mención,OTRAS,10,8,7.8,8
Entrevistado_1362,Entrevistado_1362,LEÓN,BAJIO,Primera mención,OTRAS,9,8,1,7
Entrevistado_1363,Entrevistado_1363,MORELIA,BAJIO,Primera mención,OTRAS,8,6,7.8,9
Entrevistado_1364,Entrevistado_1364,GUADALAJARA,BAJIO,Primera mención,OTRAS,8.4,10,7.8,6
Entrevistado_1365,Entrevistado_1365,VILLAHERMOSA,SUR,Primera mención,OTRAS,8,8,7.8,7
Entrevistado_1366,Entrevistado_1366,CULIACÁN,OCCIDENTE,Primera mención,OTRAS,9,10,7.8,10
Entrevistado_1367,Entrevistado_1367,GUADALAJARA,BAJIO,Primera mención,OTRAS,8.4,7,7.8,10
Entrevistado_1368,Entrevistado_1368,VILLAHERMOSA,SUR,Primera mención,UVM,8.4,10,10,8
Entrevistado_1369,Entrevistado_1369,MÉRIDA,SUR,Primera mención,ANÁHUAC,9,4,7.8,9
Entrevistado_1370,Entrevistado_1370,CIUDAD DE MÉXICO,CENTRO,Primera mención,ANÁHUAC,10,7,7.8,10
Entrevistado_1371,Entrevistado_1371,GUADALAJARA,BAJIO,Primera mención,OTRAS,8.4,1,8,7
Entrevistado_1372,Entrevistado_1372,TIJUANA,OCCIDENTE,Primera mención,OTRAS,9,10,6,10
Entrevistado_1373,Entrevistado_1373,CIUDAD DE MÉXICO,CENTRO,Primera mención,OTRAS,8,8,9,10
Entrevistado_1374,Entrevistado_1374,MÉRIDA,SUR,Primera mención,ANÁHUAC,8,8,10,8
Entrevistado_1375,Entrevistado_1375,GUADALAJARA,BAJIO,Primera mención,OTRAS,8.4,10,8,10
Entrevistado_1376,Entrevistado_1376,GUADALAJARA,BAJIO,Primera mención,OTRAS,10,8,7.8,8
Entrevistado_1377,Entrevistado_1377,AGUASCALIENTES,BAJIO,Primera mención,OTRAS,8.4,1,10,5
Entrevistado_1378,Entrevistado_1378,LEÓN,BAJIO,Primera mención,OTRAS,10,4,10,6
Entrevistado_1379,Entrevistado_1379,LA PAZ,OCCIDENTE,Primera mención,OTRAS,7,3,7.8,8
Entrevistado_1380,Entrevistado_1380,COATZACOALCOS,SUR,Primera mención,OTRAS,8.4,9,9,9
Entrevistado_1381,Entrevistado_1381,AGUASCALIENTES,BAJIO,Primera mención,ITESM,8.4,10,10,9
Entrevistado_1382,Entrevistado_1382,AGUASCALIENTES,BAJIO,Primera mención,ITESM,7,8,2,10
Entrevistado_1383,Entrevistado_1383,GUADALAJARA,BAJIO,Primera mención,OTRAS,10,7,4,10
Entrevistado_1384,Entrevistado_1384,HERMOSILLO,OCCIDENTE,Primera mención,OTRAS,7,5,7.8,8
Entrevistado_1385,Entrevistado_1385,GUADALAJARA,BAJIO,Primera mención,OTRAS,9,8,4,8
Entrevistado_1386,Entrevistado_1386,MAZATLÁN,OCCIDENTE,Primera mención,OTRAS,8,9,7.8,8
Entrevistado_1387,Entrevistado_1387,VILLAHERMOSA,SUR,Primera mención,UVM,9,5,10,10
Entrevistado_1388,Entrevistado_1388,GUADALAJARA,BAJIO,Primera mención,OTRAS,10,8,9,4
Entrevistado_1389,Entrevistado_1389,TEPIC,OCCIDENTE,Primera mención,OTRAS,10,8,7.8,8
Entrevistado_1390,Entrevistado_1390,GUADALAJARA,BAJIO,Primera mención,OTRAS,10,10,7.8,8
Entrevistado_1391,Entrevistado_1391,GUADALAJARA,BAJIO,Primera mención,OTRAS,8,1,7.8,8
Entrevistado_1392,Entrevistado_1392,IRAPUATO,BAJIO,Primera mención,OTRAS,8,8,3,8
Entrevistado_1393,Entrevistado_1393,TUXTLA GUTIÉRREZ,SUR,Primera mención,OTRAS,10,6,8,8
Entrevistado_1394,Entrevistado_1394,VILLAHERMOSA,SUR,Primera mención,OTRAS,10,10,2,8
Entrevistado_1395,Entrevistado_1395,COATZACOALCOS,SUR,Primera mención,OTRAS,10,8,7.8,8
Entrevistado_1396,Entrevistado_1396,TIJUANA,OCCIDENTE,Primera mención,OTRAS,9,7,8,8
Entrevistado_1397,Entrevistado_1397,GUADALAJARA,BAJIO,Primera mención,OTRAS,10,8,7.8,8
Entrevistado_1398,Entrevistado_1398,MAZATLÁN,OCCIDENTE,Primera mención,OTRAS,8.4,5,5,7
Entrevistado_1399,Entrevistado_1399,CÓRDOBA,ORIENTE,Primera mención,ITESM,8,9,7.8,8
Entrevistado_1400,Entrevistado_1400,VILLAHERMOSA,SUR,Primera mención,OTRAS,8.4,10,7.8,6
Entrevistado_1401,Entrevistado_1401,GUADALAJARA,BAJIO,Primera mención,OTRAS,8.4,4,2,8
Entrevistado_1402,Entrevistado_1402,GUADALAJARA,BAJIO,Primera mención,OTRAS,10,6,7.8,8
Entrevistado_1403,Entrevistado_1403,IRAPUATO,BAJIO,Primera mención,OTRAS,10,8,7.8,10
Entrevistado_1404,Entrevistado_1404,GUADALAJARA,BAJIO,Primera mención,OTRAS,10,10,1,8
Entrevistado_1405,Entrevistado_1405,TEPIC,OCCIDENTE,Primera mención,OTRAS,6,6,7.8,8
Entrevistado_1406,Entrevistado_1406,LEÓN,BAJIO,Primera mención,OTRAS,10,9,7.8,8
Entrevistado_1407,Entrevistado_1407,GUADALAJARA,BAJIO,Primera mención,OTRAS,9,2,9,7
Entrevistado_1408,Entrevistado_1408,GUADALAJARA,BAJIO,Primera mención,OTRAS,8.4,8,6,8
Entrevistado_1409,Entrevistado_1409,GUADALAJARA,BAJIO,Primera mención,OTRAS,8,10,1,8
Entrevistado_1410,Entrevistado_1410,GUADALAJARA,BAJIO,Primera mención,OTRAS,8.4,10,7.8,6
Entrevistado_1411,Entrevistado_1411,GUADALAJARA,BAJIO,Primera mención,OTRAS,10,8,1,5
Entrevistado_1412,Entrevistado_1412,MONTERREY,NORTE,Primera mención,ITESM,10,10,10,7
Entrevistado_1413,Entrevistado_1413,IRAPUATO,BAJIO,Primera mención,OTRAS,10,8,10,8
Entrevistado_1414,Entrevistado_1414,VILLAHERMOSA,SUR,Primera mención,OTRAS,10,8,10,4
Entrevistado_1415,Entrevistado_1415,MONTERREY,NORTE,Primera mención,OTRAS,8.4,8,7.8,4
Entrevistado_1416,Entrevistado_1416,VILLAHERMOSA,SUR,Primera mención,UVM,5,10,10,6
Entrevistado_1417,Entrevistado_1417,GUADALAJARA,BAJIO,Primera mención,OTRAS,10,5,7,8
Entrevistado_1418,Entrevistado_1418,MONTERREY,NORTE,Primera mención,ITESM,9,8,7.8,8
Entrevistado_1419,Entrevistado_1419,MONTERREY,NORTE,Primera mención,ITESM,8,8,10,10
Entrevistado_1420,Entrevistado_1420,GUADALAJARA,BAJIO,Primera mención,OTRAS,8.4,10,7.8,6
Entrevistado_1421,Entrevistado_1421,LEÓN,BAJIO,Primera mención,OTRAS,8,6,7.8,5
Entrevistado_1422,Entrevistado_1422,IRAPUATO,BAJIO,Primera mención,OTRAS,4,4,10,8
Entrevistado_1423,Entrevistado_1423,GUADALAJARA,BAJIO,Primera mención,OTRAS,9,9,7,4
Entrevistado_1424,Entrevistado_1424,AGUASCALIENTES,BAJIO,Primera mención,UVM,8,10,7.8,8
Entrevistado_1425,Entrevistado_1425,LA PAZ,OCCIDENTE,Primera mención,OTRAS,9,9,3,8
Entrevistado_1426,Entrevistado_1426,TIJUANA,OCCIDENTE,Primera mención,OTRAS,9,5,10,10
Entrevistado_1427,Entrevistado_1427,GUADALAJARA,BAJIO,Primera mención,OTRAS,8,3,6,4
Entrevistado_1428,Entrevistado_1428,GUADALAJARA,BAJIO,Primera mención,OTRAS,8,10,7.8,8
Entrevistado_1429,Entrevistado_1429,CULIACÁN,OCCIDENTE,Primera mención,OTRAS,10,10,8,8
Entrevistado_1430,Entrevistado_1430,IRAPUATO,BAJIO,Primera mención,OTRAS,8.4,6,6,6
Entrevistado_1431,Entrevistado_1431,MONTERREY,NORTE,Primera mención,ITESM,7,4,7,2
Entrevistado_1432,Entrevistado_1432,PUEBLA,CENTRO,Primera mención,OTRAS,8.4,9,10,8
Entrevistado_1433,Entrevistado_1433,GUADALAJARA,BAJIO,Primera mención,OTRAS,9,9,7.8,8
Entrevistado_1434,Entrevistado_1434,HERMOSILLO,OCCIDENTE,Primera mención,OTRAS,9,10,3,8
Entrevistado_1435,Entrevistado_1435,CIUDAD DE MÉXICO,CENTRO,Primera mención,UVM,10,10,5,8
Entrevistado_1436,Entrevistado_1436,COATZACOALCOS,SUR,Primera mención,OTRAS,7,8,3,8
Entrevistado_1437,Entrevistado_1437,GUADALAJARA,BAJIO,Primera mención,OTRAS,10,3,7.8,8
Entrevistado_1438,Entrevistado_1438,LA PAZ,OCCIDENTE,Primera mención,OTRAS,8.4,10,9,8
Entrevistado_1439,Entrevistado_1439,QUERÉTARO,CENTRO,Primera mención,ITESM,8.4,10,7.8,9
Entrevistado_1440,Entrevistado_1440,CIUDAD DE MÉXICO,CENTRO,Primera mención,OTRAS,8,9,7.8,10
Entrevistado_1441,Entrevistado_1441,LA PAZ,OCCIDENTE,Primera mención,OTRAS,10,5,4,8
Entrevistado_1442,Entrevistado_1442,HERMOSILLO,OCCIDENTE,Primera mención,OTRAS,8.4,8,10,8
Entrevistado_1443,Entrevistado_1443,GUADALAJARA,BAJIO,Primera mención,OTRAS,7,10,7.8,8
Entrevistado_1444,Entrevistado_1444,VILLAHERMOSA,SUR,Primera mención,UVM,8,8,10,7
Entrevistado_1445,Entrevistado_1445,CIUDAD DE MÉXICO,CENTRO,Primera mención,OTRAS,10,8,5,8
Entrevistado_1446,Entrevistado_1446,CULIACÁN,OCCIDENTE,Primera mención,OTRAS,6,10,7.8,9
Entrevistado_1447,Entrevistado_1447,GUADALAJARA,BAJIO,Primera mención,UVM,8.4,8,7.8,8
Entrevistado_1448,Entrevistado_1448,AGUASCALIENTES,BAJIO,Primera mención,OTRAS,9,8,7.8,6
Entrevistado_1449,Entrevistado_1449,QUERÉTARO,CENTRO,Primera mención,ITESM,10,10,7.8,8
Entrevistado_1450,Entrevistado_1450,TIJUANA,OCCIDENTE,Primera mención,OTRAS,9,10,10,6
Entrevistado_1451,Entrevistado_1451,TEPIC,OCCIDENTE,Primera mención,OTRAS,5,8,7.8,4
Entrevistado_1452,Entrevistado_1452,TUXTLA GUTIÉRREZ,SUR,Primera mención,OTRAS,9,8,7.8,8
Entrevistado_1453,Entrevistado_1453,MORELIA,BAJIO,Primera mención,OTRAS,8.4,10,7.8,8
Entrevistado_1454,Entrevistado_1454,CULIACÁN,OCCIDENTE,Primera mención,OTRAS,6,9,4,7
Entrevistado_1455,Entrevistado_1455,VILLAHERMOSA,SUR,Primera mención,OTRAS,8,4,10,8
Entrevistado_1456,Entrevistado_1456,AGUASCALIENTES,BAJIO,Primera mención,OTRAS,9,8,7,8
Entrevistado_1457,Entrevistado_1457,TEPIC,OCCIDENTE,Primera mención,OTRAS,8.4,10,7.8,8
Entrevistado_1458,Entrevistado_1458,MORELIA,BAJIO,Primera mención,OTRAS,10,8,7,10
Entrevistado_1459,Entrevistado_1459,TEPIC,OCCIDENTE,Primera mención,OTRAS,8.4,7,10,9
Entrevistado_1460,Entrevistado_1460,HERMOSILLO,OCCIDENTE,Primera mención,OTRAS,9,8,3,8
Entrevistado_1461,Entrevistado_1461,CULIACÁN,OCCIDENTE,Primera mención,OTRAS,8.4,8,8,8
Entrevistado_1462,Entrevistado_1462,QUERÉTARO,CENTRO,Primera mención,ANÁHUAC,8.4,8,9,7
Entrevistado_1463,Entrevistado_1463,QUERÉTARO,CENTRO,Primera mención,ITESM,10,7,7.8,2
Entrevistado_1464,Entrevistado_1464,MORELIA,BAJIO,Primera mención,OTRAS,8.4,7,10,8
Entrevistado_1465,Entrevistado_1465,GUADALAJARA,BAJIO,Primera mención,OTRAS,8.4,8,7.8,10
Entrevistado_1466,Entrevistado_1466,MONTERREY,NORTE,Primera mención,OTRAS,8.4,10,7.8,8
Entrevistado_1467,Entrevistado_1467,IRAPUATO,BAJIO,Primera mención,OTRAS,6,8,7.8,8
Entrevistado_1468,Entrevistado_1468,QUERÉTARO,CENTRO,Primera mención,OTRAS,7,5,2,8
Entrevistado_1469,Entrevistado_1469,GUADALAJARA,BAJIO,Primera mención,ITESM,10,6,7.8,8
Entrevistado_1470,Entrevistado_1470,VILLAHERMOSA,SUR,Primera mención,UVM,8.4,8,7.8,10
Entrevistado_1471,Entrevistado_1471,COATZACOALCOS,SUR,Primera mención,OTRAS,10,8,10,8
Entrevistado_1472,Entrevistado_1472,VILLAHERMOSA,SUR,Primera mención,UVM,7,8,7.8,9
Entrevistado_1473,Entrevistado_1473,MAZATLÁN,OCCIDENTE,Primera mención,OTRAS,10,10,1,8
Entrevistado_1474,Entrevistado_1474,GUADALAJARA,BAJIO,Primera mención,ITESM,6,10,6,8
Entrevistado_1475,Entrevistado_1475,GUADALAJARA,BAJIO,Primera mención,OTRAS,8.4,6,7.8,3
Entrevistado_1476,Entrevistado_1476,CIUDAD DE MÉXICO,CENTRO,Primera mención,OTRAS,8,10,4,3
Entrevistado_1477,Entrevistado_1477,ENSENADA,OCCIDENTE,Primera mención,OTRAS,8.4,10,7.8,8
Entrevistado_1478,Entrevistado_1478,COATZACOALCOS,SUR,Primera mención,OTRAS,7,10,7.8,5
Entrevistado_1479,Entrevistado_1479,TAPACHULA,SUR,Primera mención,OTRAS,10,7,8,8
Entrevistado_1480,Entrevistado_1480,VILLAHERMOSA,SUR,Primera mención,OTRAS,9,8,7.8,10
Entrevistado_1481,Entrevistado_1481,TEPIC,OCCIDENTE,Primera mención,OTRAS,2,8,10,3
Entrevistado_1482,Entrevistado_1482,QUERÉTARO,CENTRO,Primera mención,OTRAS,7,1,3,8
Entrevistado_1483,Entrevistado_1483,GUADALAJARA,BAJIO,Primera mención,OTRAS,8.4,6,6,8
Entrevistado_1484,Entrevistado_1484,QUERÉTARO,CENTRO,Primera mención,OTRAS,8.4,8,4,10
Entrevistado_1485,Entrevistado_1485,GUADALAJARA,BAJIO,Primera mención,OTRAS,8,5,7.8,9
Entrevistado_1486,Entrevistado_1486,GUADALAJARA,BAJIO,Primera mención,OTRAS,10,10,7.8,8
Entrevistado_1487,Entrevistado_1487,GUADALAJARA,BAJIO,Primera mención,OTRAS,8.4,8,3,8
Entrevistado_1488,Entrevistado_1488,TEPIC,OCCIDENTE,Primera mención,OTRAS,8.4,10,8,3
Entrevistado_1489,Entrevistado_1489,TUXTLA GUTIÉRREZ,SUR,Primera mención,UVM,10,8,5,10
Entrevistado_1490,Entrevistado_1490,COATZACOALCOS,SUR,Primera mención,OTRAS,10,7,4,10
Entrevistado_1491,Entrevistado_1491,HERMOSILLO,OCCIDENTE,Primera mención,OTRAS,8.4,8,5,5
Entrevistado_1492,Entrevistado_1492,VILLAHERMOSA,SUR,Primera mención,OTRAS,8,8,7.8,8
Entrevistado_1493,Entrevistado_1493,IRAPUATO,BAJIO,Primera mención,OTRAS,8,2,3,8
Entrevistado_1494,Entrevistado_1494,GUADALAJARA,BAJIO,Primera mención,OTRAS,9,7,7.8,8
Entrevistado_1495,Entrevistado_1495,VILLAHERMOSA,SUR,Primera mención,UVM,10,8,7.8,8
Entrevistado_1496,Entrevistado_1496,CULIACÁN,OCCIDENTE,Primera mención,OTRAS,8.4,4,7.8,10
Entrevistado_1497,Entrevistado_1497,HERMOSILLO,OCCIDENTE,Primera mención,UVM,8.4,8,2,10
Entrevistado_1498,Entrevistado_1498,QUERÉTARO,CENTRO,Primera mención,OTRAS,7,9,10,8
Entrevistado_1499,Entrevistado_1499,CIUDAD DE MÉXICO,CENTRO,Primera mención,ITESM,8,3,7.8,10
Entrevistado_1500,Entrevistado_1500,PUEBLA,CENTRO,Primera mención,OTRAS,8.4,6,4,4
Entrevistado_1501,Entrevistado_1501,GUADALAJARA,BAJIO,Primera mención,OTRAS,8.4,8,7.8,9
Entrevistado_1502,Entrevistado_1502,MORELIA,BAJIO,Primera mención,OTRAS,10,8,7.8,10
Entrevistado_1503,Entrevistado_1503,AGUASCALIENTES,BAJIO,Primera mención,UVM,5,10,7.8,8
Entrevistado_1504,Entrevistado_1504,QUERÉTARO,CENTRO,Primera mención,ANÁHUAC,7,8,5,6
Entrevistado_1505,Entrevistado_1505,CIUDAD DE MÉXICO,CENTRO,Primera mención,OTRAS,7,8,1,10
Entrevistado_1506,Entrevistado_1506,TEPIC,OCCIDENTE,Primera mención,OTRAS,8,6,8,9
Entrevistado_1507,Entrevistado_1507,AGUASCALIENTES,BAJIO,Primera mención,OTRAS,10,8,8,10
Entrevistado_1508,Entrevistado_1508,IRAPUATO,BAJIO,Primera mención,OTRAS,10,7,9,8
Entrevistado_1509,Entrevistado_1509,CIUDAD DE MÉXICO,CENTRO,Primera mención,OTRAS,10,8,7,8
Entrevistado_1510,Entrevistado_1510,MORELIA,BAJIO,Primera mención,OTRAS,8,5,7.8,10
Entrevistado_1511,Entrevistado_1511,CULIACÁN,OCCIDENTE,Primera mención,OTRAS,8.4,8,7.8,5
Entrevistado_1512,Entrevistado_1512,TUXTLA GUTIÉRREZ,SUR,Primera mención,OTRAS,10,8,10,8
Entrevistado_1513,Entrevistado_1513,CANCÚN,SUR,Primera mención,OTRAS,10,8,7.8,8
Entrevistado_1514,Entrevistado_1514,MEXICALI,OCCIDENTE,Primera mención,OTRAS,8,10,10,8
Entrevistado_1515,Entrevistado_1515,MORELIA,BAJIO,Primera mención,OTRAS,10,8,4,8
Entrevistado_1516,Entrevistado_1516,AGUASCALIENTES,BAJIO,Primera mención,OTRAS,10,8,7.8,3
Entrevistado_1517,Entrevistado_1517,LEÓN,BAJIO,Primera mención,OTRAS,9,5,7.8,8
Entrevistado_1518,Entrevistado_1518,GUADALAJARA,BAJIO,Primera mención,OTRAS,8.4,7,4,8
Entrevistado_1519,Entrevistado_1519,GUADALAJARA,BAJIO,Primera mención,OTRAS,8,10,7.8,8
Entrevistado_1520,Entrevistado_1520,LEÓN,BAJIO,Primera mención,OTRAS,10,8,7.8,8
Entrevistado_1521,Entrevistado_1521,TUXTLA GUTIÉRREZ,SUR,Primera mención,OTRAS,5,8,7.8,10
Entrevistado_1522,Entrevistado_1522,VILLAHERMOSA,SUR,Primera mención,UVM,9,8,7.8,8
Entrevistado_1523,Entrevistado_1523,VILLAHERMOSA,SUR,Primera mención,OTRAS,10,4,10,8
Entrevistado_1524,Entrevistado_1524,VILLAHERMOSA,SUR,Primera mención,UVM,7,8,1,8
Entrevistado_1525,Entrevistado_1525,TEPIC,OCCIDENTE,Primera mención,OTRAS,9,8,10,9
Entrevistado_1526,Entrevistado_1526,PUEBLA,CENTRO,Primera mención,OTRAS,8.4,8,10,9
Entrevistado_1527,Entrevistado_1527,GUADALAJARA,BAJIO,Primera mención,UVM,7,8,9,10
Entrevistado_1528,Entrevistado_1528,AGUASCALIENTES,BAJIO,Primera mención,ITESM,9,8,7,5
Entrevistado_1529,Entrevistado_1529,MORELIA,BAJIO,Primera mención,OTRAS,5,10,7.8,8
Entrevistado_1530,Entrevistado_1530,QUERÉTARO,CENTRO,Primera mención,OTRAS,7,4,2,3
Entrevistado_1531,Entrevistado_1531,CIUDAD DE MÉXICO,CENTRO,Primera mención,OTRAS,8.4,5,7.8,8
Entrevistado_1532,Entrevistado_1532,GUADALAJARA,BAJIO,Primera mención,UVM,10,5,6,8
Entrevistado_1533,Entrevistado_1533,GUADALAJARA,BAJIO,Primera mención,OTRAS,8.4,8,2,3
Entrevistado_1534,Entrevistado_1534,CULIACÁN,OCCIDENTE,Primera mención,OTRAS,9,9,7.8,9
Entrevistado_1535,Entrevistado_1535,COATZACOALCOS,SUR,Primera mención,OTRAS,8.4,9,7.8,8
Entrevistado_1536,Entrevistado_1536,MORELIA,BAJIO,Primera mención,OTRAS,10,10,7.8,2
Entrevistado_1537,Entrevistado_1537,COATZACOALCOS,SUR,Primera mención,OTRAS,10,8,8,8
Entrevistado_1538,Entrevistado_1538,COATZACOALCOS,SUR,Primera mención,OTRAS,10,8,7.8,4
Entrevistado_1539,Entrevistado_1539,MORELIA,BAJIO,Primera mención,OTRAS,8.4,7,8,8
Entrevistado_1540,Entrevistado_1540,GUADALAJARA,BAJIO,Primera mención,OTRAS,6,6,7.8,9
Entrevistado_1541,Entrevistado_1541,COMITÁN,ORIENTE,Primera mención,OTRAS,7,8,10,8
Entrevistado_1542,Entrevistado_1542,GUADALAJARA,BAJIO,Primera mención,UVM,8,8,1,4
Entrevistado_1543,Entrevistado_1543,QUERÉTARO,CENTRO,Primera mención,ITESM,4,6,7.8,4
Entrevistado_1544,Entrevistado_1544,TUXTLA GUTIÉRREZ,SUR,Primera mención,OTRAS,7,9,10,9
Entrevistado_1545,Entrevistado_1545,GUADALAJARA,BAJIO,Primera mención,OTRAS,6,6,10,9
Entrevistado_1546,Entrevistado_1546,GUADALAJARA,BAJIO,Primera mención,OTRAS,8,8,7.8,8
Entrevistado_1547,Entrevistado_1547,HERMOSILLO,OCCIDENTE,Primera mención,OTRAS,10,6,7.8,8
Entrevistado_1548,Entrevistado_1548,GUADALAJARA,BAJIO,Primera mención,OTRAS,8.4,5,7.8,3
Entrevistado_1549,Entrevistado_1549,CIUDAD DE MÉXICO,CENTRO,Primera mención,OTRAS,10,8,10,8
Entrevistado_1550,Entrevistado_1550,CULIACÁN,OCCIDENTE,Primera mención,OTRAS,10,5,7.8,2
Entrevistado_1551,Entrevistado_1551,GUADALAJARA,BAJIO,Primera mención,UVM,9,2,6,8
Entrevistado_1552,Entrevistado_1552,AGUASCALIENTES,BAJIO,Primera mención,OTRAS,8.4,3,7.8,8
Entrevistado_1553,Entrevistado_1553,GUADALAJARA,BAJIO,Primera mención,OTRAS,8,10,7.8,8
Entrevistado_1554,Entrevistado_1554,GUADALAJARA,BAJIO,Primera mención,UVM,8,8,7.8,10
Entrevistado_1555,Entrevistado_1555,MONTERREY,NORTE,Primera mención,ITESM,10,6,7.8,9
Entrevistado_1556,Entrevistado_1556,MORELIA,BAJIO,Primera mención,OTRAS,8.4,7,7.8,8
Entrevistado_1557,Entrevistado_1557,CIUDAD DE MÉXICO,CENTRO,Primera mención,OTRAS,8,8,10,8
Entrevistado_1558,Entrevistado_1558,CANCÚN,SUR,Primera mención,OTRAS,8,8,10,8
Entrevistado_1559,Entrevistado_1559,GUADALAJARA,BAJIO,Primera mención,UVM,8,8,7.8,10
Entrevistado_1560,Entrevistado_1560,MORELIA,BAJIO,Primera mención,OTRAS,8.4,8,4,4
Entrevistado_1561,Entrevistado_1561,MAZATLÁN,OCCIDENTE,Primera mención,OTRAS,3,6,8,8
Entrevistado_1562,Entrevistado_1562,CIUDAD DE MÉXICO,CENTRO,Primera mención,ITESM,8.4,5,10,8
Entrevistado_1563,Entrevistado_1563,MORELIA,BAJIO,Primera mención,OTRAS,10,6,6,8
Entrevistado_1564,Entrevistado_1564,GUADALAJARA,BAJIO,Primera mención,OTRAS,7,8,2,5
Entrevistado_1565,Entrevistado_1565,MONTERREY,NORTE,Primera mención,ITESM,7,8,4,9
Entrevistado_1566,Entrevistado_1566,MORELIA,BAJIO,Primera mención,OTRAS,8,7,7.8,10
Entrevistado_1567,Entrevistado_1567,GUADALAJARA,BAJIO,Primera mención,ITESM,6,8,7.8,8
Entrevistado_1568,Entrevistado_1568,AGUASCALIENTES,BAJIO,Primera mención,OTRAS,10,8,7.8,9
Entrevistado_1569,Entrevistado_1569,GUADALAJARA,BAJIO,Primera mención,OTRAS,10,8,7.8,6
Entrevistado_1570,Entrevistado_1570,VILLAHERMOSA,SUR,Primera mención,OTRAS,8,10,8,8
Entrevistado_1571,Entrevistado_1571,CULIACÁN,OCCIDENTE,Primera mención,ITESM,8.4,8,2,8
Entrevistado_1572,Entrevistado_1572,MORELIA,BAJIO,Primera mención,OTRAS,8,7,7,10
Entrevistado_1573,Entrevistado_1573,GUADALAJARA,BAJIO,Primera mención,OTRAS,10,10,8,8
Entrevistado_1574,Entrevistado_1574,IRAPUATO,BAJIO,Primera mención,ITESM,6,8,7.8,7
Entrevistado_1575,Entrevistado_1575,MORELIA,BAJIO,Primera mención,OTRAS,8.4,8,10,7
Entrevistado_1576,Entrevistado_1576,VILLAHERMOSA,SUR,Primera mención,OTRAS,9,7,7.8,8
Entrevistado_1577,Entrevistado_1577,GUADALAJARA,BAJIO,Primera mención,OTRAS,8.4,8,7.8,4
Entrevistado_1578,Entrevistado_1578,VILLAHERMOSA,SUR,Primera mención,OTRAS,10,8,9,10
Entrevistado_1579,Entrevistado_1579,GUADALAJARA,BAJIO,Primera mención,OTRAS,8.4,10,10,8
Entrevistado_1580,Entrevistado_1580,MORELIA,BAJIO,Primera mención,OTRAS,10,10,7.8,10
Entrevistado_1581,Entrevistado_1581,MAZATLÁN,OCCIDENTE,Primera mención,OTRAS,8.4,7,6,5
Entrevistado_1582,Entrevistado_1582,AGUASCALIENTES,BAJIO,Primera mención,OTRAS,9,8,7.8,7
Entrevistado_1583,Entrevistado_1583,ZAMORA,BAJIO,Primera mención,OTRAS,8,10,8,8
Entrevistado_1584,Entrevistado_1584,MONTERREY,NORTE,Primera mención,ITESM,10,8,4,8
Entrevistado_1585,Entrevistado_1585,HERMOSILLO,OCCIDENTE,Primera mención,OTRAS,8.4,10,9,9
Entrevistado_1586,Entrevistado_1586,GUADALAJARA,BAJIO,Primera mención,OTRAS,8.4,8,10,3
Entrevistado_1587,Entrevistado_1587,COATZACOALCOS,SUR,Primera mención,OTRAS,8,8,7.8,6
Entrevistado_1588,Entrevistado_1588,MAZATLÁN,OCCIDENTE,Primera mención,OTRAS,8.4,7,6,8
Entrevistado_1589,Entrevistado_1589,GUADALAJARA,BAJIO,Primera mención,OTRAS,8.4,5,1,8
Entrevistado_1590,Entrevistado_1590,PUEBLA,CENTRO,Primera mención,OTRAS,8.4,10,7,8
Entrevistado_1591,Entrevistado_1591,IRAPUATO,BAJIO,Primera mención,ITESM,8.4,8,10,8
Entrevistado_1592,Entrevistado_1592,MONTERREY,NORTE,Primera mención,ITESM,10,8,7.8,8
Entrevistado_1593,Entrevistado_1593,QUERÉTARO,CENTRO,Primera mención,OTRAS,10,9,3,4
Entrevistado_1594,Entrevistado_1594,AGUASCALIENTES,BAJIO,Primera mención,OTRAS,10,2,9,8
Entrevistado_1595,Entrevistado_1595,CULIACÁN,OCCIDENTE,Primera mención,ITESM,6,8,8,6
Entrevistado_1596,Entrevistado_1596,TUXTLA GUTIÉRREZ,SUR,Primera mención,UVM,8,10,6,8
Entrevistado_1597,Entrevistado_1597,CIUDAD DE MÉXICO,CENTRO,Primera mención,OTRAS,10,10,7.8,10
Entrevistado_1598,Entrevistado_1598,CULIACÁN,OCCIDENTE,Primera mención,ITESM,8.4,8,10,9
Entrevistado_1599,Entrevistado_1599,GUADALAJARA,BAJIO,Primera mención,ITESM,10,6,10,10
Entrevistado_1600,Entrevistado_1600,LA PAZ,OCCIDENTE,Primera mención,OTRAS,6,8,4,8
Entrevistado_1601,Entrevistado_1601,LA PAZ,OCCIDENTE,Primera mención,OTRAS,9,5,7.8,8
Entrevistado_1602,Entrevistado_1602,PUEBLA,CENTRO,Primera mención,OTRAS,7,4,7.8,8
Entrevistado_1603,Entrevistado_1603,GUADALAJARA,BAJIO,Primera mención,OTRAS,8,8,10,8
Entrevistado_1604,Entrevistado_1604,AGUASCALIENTES,BAJIO,Primera mención,ITESM,10,8,10,4
Entrevistado_1605,Entrevistado_1605,MORELIA,BAJIO,Primera mención,OTRAS,9,8,1,8
Entrevistado_1606,Entrevistado_1606,MEXICALI,OCCIDENTE,Primera mención,OTRAS,8,10,7.8,8
Entrevistado_1607,Entrevistado_1607,TUXTLA GUTIÉRREZ,SUR,Primera mención,OTRAS,10,8,7,8
Entrevistado_1608,Entrevistado_1608,CIUDAD DE MÉXICO,CENTRO,Primera mención,ITESM,7,8,10,8
Entrevistado_1609,Entrevistado_1609,GUADALAJARA,BAJIO,Primera mención,OTRAS,8,8,7.8,9
Entrevistado_1610,Entrevistado_1610,GUADALAJARA,BAJIO,Primera mención,OTRAS,8.4,8,7.8,3
Entrevistado_1611,Entrevistado_1611,MEXICALI,OCCIDENTE,Primera mención,OTRAS,8.4,7,7,8
Entrevistado_1612,Entrevistado_1612,GUADALAJARA,BAJIO,Primera mención,OTRAS,5,8,1,10
Entrevistado_1613,Entrevistado_1613,QUERÉTARO,CENTRO,Primera mención,ITESM,7,10,5,8
Entrevistado_1614,Entrevistado_1614,CULIACÁN,OCCIDENTE,Primera mención,OTRAS,8.4,8,10,10
Entrevistado_1615,Entrevistado_1615,AGUASCALIENTES,BAJIO,Primera mención,OTRAS,8.4,8,7.8,9
Entrevistado_1616,Entrevistado_1616,CULIACÁN,OCCIDENTE,Primera mención,OTRAS,6,7,7.8,10
Entrevistado_1617,Entrevistado_1617,VILLAHERMOSA,SUR,Primera mención,OTRAS,10,4,5,10
Entrevistado_1618,Entrevistado_1618,GUADALAJARA,BAJIO,Primera mención,OTRAS,8.4,7,10,8
Entrevistado_1619,Entrevistado_1619,QUERÉTARO,CENTRO,Primera mención,OTRAS,8,8,8,6
Entrevistado_1620,Entrevistado_1620,LEÓN,BAJIO,Primera mención,OTRAS,10,7,7.8,5
Entrevistado_1621,Entrevistado_1621,IRAPUATO,BAJIO,Primera mención,OTRAS,7,4,7.8,8
Entrevistado_1622,Entrevistado_1622,GUADALAJARA,BAJIO,Primera mención,OTRAS,10,10,7.8,8
Entrevistado_1623,Entrevistado_1623,TUXTLA GUTIÉRREZ,SUR,Primera mención,UVM,10,8,1,10
Entrevistado_1624,Entrevistado_1624,GUADALAJARA,BAJIO,Primera mención,OTRAS,8.4,8,2,5
Entrevistado_1625,Entrevistado_1625,VILLAHERMOSA,SUR,Primera mención,OTRAS,8.4,8,7.8,8
Entrevistado_1626,Entrevistado_1626,CULIACÁN,OCCIDENTE,Primera mención,OTRAS,9,8,8,8
Entrevistado_1627,Entrevistado_1627,VILLAHERMOSA,SUR,Primera mención,OTRAS,8.4,10,5,8
Entrevistado_1628,Entrevistado_1628,GUADALAJARA,BAJIO,Primera mención,OTRAS,8.4,8,6,10
Entrevistado_1629,Entrevistado_1629,GUADALAJARA,BAJIO,Primera mención,OTRAS,8.4,8,7.8,8
Entrevistado_1630,Entrevistado_1630,CULIACÁN,OCCIDENTE,Primera mención,OTRAS,8.4,8,9,8
Entrevistado_1631,Entrevistado_1631,TEPIC,OCCIDENTE,Primera mención,OTRAS,8.4,6,8,8
Entrevistado_1632,Entrevistado_1632,MORELIA,BAJIO,Primera mención,OTRAS,5,5,7.8,8
Entrevistado_1633,Entrevistado_1633,VILLAHERMOSA,SUR,Primera mención,OTRAS,5,8,7,7
Entrevistado_1634,Entrevistado_1634,MORELIA,BAJIO,Primera mención,OTRAS,9,8,1,6
Entrevistado_1635,Entrevistado_1635,IRAPUATO,BAJIO,Primera mención,OTRAS,8.4,10,10,10
Entrevistado_1636,Entrevistado_1636,CULIACÁN,OCCIDENTE,Primera mención,OTRAS,8.4,8,7,8
Entrevistado_1637,Entrevistado_1637,PUEBLA,CENTRO,Primera mención,OTRAS,8.4,8,7,10
Entrevistado_1638,Entrevistado_1638,QUERÉTARO,CENTRO,Primera mención,UVM,8,8,7.8,8
Entrevistado_1639,Entrevistado_1639,GUADALAJARA,BAJIO,Primera mención,OTRAS,8.4,8,7.8,10
Entrevistado_1640,Entrevistado_1640,QUERÉTARO,CENTRO,Primera mención,OTRAS,6,1,7.8,8
Entrevistado_1641,Entrevistado_1641,HERMOSILLO,OCCIDENTE,Primera mención,UVM,5,10,1,9
Entrevistado_1642,Entrevistado_1642,GUADALAJARA,BAJIO,Primera mención,OTRAS,8.4,8,5,10
Entrevistado_1643,Entrevistado_1643,VERACRUZ,ORIENTE,Primera mención,OTRAS,9,8,7.8,10
Entrevistado_1644,Entrevistado_1644,MONTERREY,NORTE,Primera mención,ITESM,8.4,9,7.8,10
Entrevistado_1645,Entrevistado_1645,AGUASCALIENTES,BAJIO,Primera mención,OTRAS,10,8,7,8
Entrevistado_1646,Entrevistado_1646,GUADALAJARA,BAJIO,Primera mención,OTRAS,8.4,8,9,8
Entrevistado_1647,Entrevistado_1647,TEPIC,OCCIDENTE,Primera mención,OTRAS,7,7,7.8,8
Entrevistado_1648,Entrevistado_1648,TEPIC,OCCIDENTE,Primera mención,OTRAS,10,9,7,8
Entrevistado_1649,Entrevistado_1649,GUADALAJARA,BAJIO,Primera mención,OTRAS,8,9,4,8
Entrevistado_1650,Entrevistado_1650,MORELIA,BAJIO,Primera mención,OTRAS,10,7,5,8
Entrevistado_1651,Entrevistado_1651,COATZACOALCOS,SUR,Primera mención,OTRAS,10,10,7.8,6
Entrevistado_1652,Entrevistado_1652,GUADALAJARA,BAJIO,Primera mención,OTRAS,8,4,5,8
Entrevistado_1653,Entrevistado_1653,CIUDAD DE MÉXICO,CENTRO,Primera mención,OTRAS,8.4,8,7.8,9
Entrevistado_1654,Entrevistado_1654,MORELIA,BAJIO,Primera mención,OTRAS,8.4,10,7.8,8
Entrevistado_1655,Entrevistado_1655,GUADALAJARA,BAJIO,Primera mención,OTRAS,5,7,7.8,10
Entrevistado_1656,Entrevistado_1656,TEPIC,OCCIDENTE,Primera mención,OTRAS,8.4,8,7.8,7
Entrevistado_1657,Entrevistado_1657,MORELIA,BAJIO,Primera mención,OTRAS,7,8,7.8,9
Entrevistado_1658,Entrevistado_1658,MORELIA,BAJIO,Primera mención,OTRAS,6,8,7.8,2
Entrevistado_1659,Entrevistado_1659,GUADALAJARA,BAJIO,Primera mención,OTRAS,8,6,6,8
Entrevistado_1660,Entrevistado_1660,VILLAHERMOSA,SUR,Primera mención,OTRAS,8,7,7.8,10
Entrevistado_1661,Entrevistado_1661,CULIACÁN,OCCIDENTE,Primera mención,OTRAS,8.4,8,7.8,10
Entrevistado_1662,Entrevistado_1662,TEPIC,OCCIDENTE,Primera mención,OTRAS,8.4,8,7.8,8
Entrevistado_1663,Entrevistado_1663,MONTERREY,NORTE,Primera mención,ITESM,10,10,8,9
Entrevistado_1664,Entrevistado_1664,MONTERREY,NORTE,Primera mención,ITESM,7,10,7.8,10
Entrevistado_1665,Entrevistado_1665,HERMOSILLO,OCCIDENTE,Primera mención,UVM,9,5,10,8
Entrevistado_1666,Entrevistado_1666,TEPIC,OCCIDENTE,Primera mención,OTRAS,8,8,10,8
Entrevistado_1667,Entrevistado_1667,QUERÉTARO,CENTRO,Primera mención,ANÁHUAC,7,10,7,10
Entrevistado_1668,Entrevistado_1668,GUADALAJARA,BAJIO,Primera mención,OTRAS,7,8,1,4
Entrevistado_1669,Entrevistado_1669,TEPIC,OCCIDENTE,Primera mención,OTRAS,9,9,7.8,6
Entrevistado_1670,Entrevistado_1670,TEPIC,OCCIDENTE,Primera mención,OTRAS,10,5,7.8,8
Entrevistado_1671,Entrevistado_1671,MORELIA,BAJIO,Primera mención,OTRAS,10,7,7.8,8
Entrevistado_1672,Entrevistado_1672,IRAPUATO,BAJIO,Primera mención,OTRAS,10,7,7.8,8
Entrevistado_1673,Entrevistado_1673,TEPIC,OCCIDENTE,Primera mención,OTRAS,6,10,7.8,8
Entrevistado_1674,Entrevistado_1674,CIUDAD DE MÉXICO,CENTRO,Primera mención,OTRAS,8.4,6,7,9
Entrevistado_1675,Entrevistado_1675,TUXTLA GUTIÉRREZ,SUR,Primera mención,OTRAS,10,4,7.8,8
Entrevistado_1676,Entrevistado_1676,HERMOSILLO,OCCIDENTE,Primera mención,OTRAS,10,8,1,10
Entrevistado_1677,Entrevistado_1677,GUADALAJARA,BAJIO,Primera mención,OTRAS,6,8,10,8
Entrevistado_1678,Entrevistado_1678,AGUASCALIENTES,BAJIO,Primera mención,ITESM,8.4,8,7.8,6
Entrevistado_1679,Entrevistado_1679,MORELIA,BAJIO,Primera mención,OTRAS,7,7,7.8,8
Entrevistado_1680,Entrevistado_1680,HERMOSILLO,OCCIDENTE,Primera mención,OTRAS,8.4,5,7,10
Entrevistado_1681,Entrevistado_1681,TUXTLA GUTIÉRREZ,SUR,Primera mención,OTRAS,8,9,7.8,10
Entrevistado_1682,Entrevistado_1682,HERMOSILLO,OCCIDENTE,Primera mención,OTRAS,8,9,10,8
Entrevistado_1683,Entrevistado_1683,MONTERREY,NORTE,Primera mención,ITESM,7,10,10,8
Entrevistado_1684,Entrevistado_1684,LA PAZ,OCCIDENTE,Primera mención,OTRAS,8,4,9,8
Entrevistado_1685,Entrevistado_1685,MORELIA,BAJIO,Primera mención,OTRAS,9,7,7,8
Entrevistado_1686,Entrevistado_1686,ZAMORA,BAJIO,Primera mención,OTRAS,10,10,10,3
Entrevistado_1687,Entrevistado_1687,COATZACOALCOS,SUR,Primera mención,OTRAS,8,5,1,8
Entrevistado_1688,Entrevistado_1688,GUADALAJARA,BAJIO,Primera mención,OTRAS,10,8,5,7
Entrevistado_1689,Entrevistado_1689,LOS CABOS,OCCIDENTE,Primera mención,OTRAS,8,8,7.8,8
Entrevistado_1690,Entrevistado_1690,CIUDAD DE MÉXICO,CENTRO,Primera mención,UVM,10,8,7.8,5
Entrevistado_1691,Entrevistado_1691,MORELIA,BAJIO,Primera mención,OTRAS,9,8,8,8
Entrevistado_1692,Entrevistado_1692,MONTERREY,NORTE,Primera mención,ITESM,8.4,8,7,8
Entrevistado_1693,Entrevistado_1693,VILLAHERMOSA,SUR,Primera mención,UVM,7,8,7.8,8
Entrevistado_1694,Entrevistado_1694,MORELIA,BAJIO,Primera mención,OTRAS,10,8,8,8
Entrevistado_1695,Entrevistado_1695,GUADALAJARA,BAJIO,Primera mención,ITESM,8.4,6,6,5
Entrevistado_1696,Entrevistado_1696,MORELIA,BAJIO,Primera mención,OTRAS,7,8,7.8,10
Entrevistado_1697,Entrevistado_1697,TEPIC,OCCIDENTE,Primera mención,OTRAS,7,8,7.8,10
Entrevistado_1698,Entrevistado_1698,MORELIA,BAJIO,Primera mención,OTRAS,10,10,7.8,10
Entrevistado_1699,Entrevistado_1699,GUADALAJARA,BAJIO,Primera mención,OTRAS,8.4,9,7.8,8
Entrevistado_1700,Entrevistado_1700,GUADALAJARA,BAJIO,Primera mención,OTRAS,8.4,8,7.8,8
Entrevistado_1701,Entrevistado_1701,LA PAZ,OCCIDENTE,Primera mención,OTRAS,8.4,10,1,8
Entrevistado_1702,Entrevistado_1702,TEPIC,OCCIDENTE,Primera mención,OTRAS,7,8,7.8,8
Entrevistado_1703,Entrevistado_1703,QUERÉTARO,CENTRO,Primera mención,UVM,7,9,10,9
Entrevistado_1704,Entrevistado_1704,VILLAHERMOSA,SUR,Primera mención,OTRAS,8,10,5,8
Entrevistado_1705,Entrevistado_1705,VILLAHERMOSA,SUR,Primera mención,OTRAS,6,10,9,8
Entrevistado_1706,Entrevistado_1706,GUADALAJARA,BAJIO,Primera mención,OTRAS,8.4,7,6,7
Entrevistado_1707,Entrevistado_1707,MORELIA,BAJIO,Primera mención,OTRAS,8.4,2,3,7
Entrevistado_1708,Entrevistado_1708,CULIACÁN,OCCIDENTE,Primera mención,OTRAS,8.4,10,9,10
Entrevistado_1709,Entrevistado_1709,MAZATLÁN,OCCIDENTE,Primera mención,OTRAS,8,10,10,10
Entrevistado_1710,Entrevistado_1710,ZAMORA,BAJIO,Primera mención,OTRAS,8.4,10,2,8
Entrevistado_1711,Entrevistado_1711,TEPIC,OCCIDENTE,Primera mención,OTRAS,8.4,10,7.8,8
Entrevistado_1712,Entrevistado_1712,TEPIC,OCCIDENTE,Primera mención,OTRAS,8.4,10,7.8,8
Entrevistado_1713,Entrevistado_1713,GUADALAJARA,BAJIO,Primera mención,OTRAS,8.4,9,7.8,6
Entrevistado_1714,Entrevistado_1714,COATZACOALCOS,SUR,Primera mención,OTRAS,8.4,10,3,8
Entrevistado_1715,Entrevistado_1715,COATZACOALCOS,SUR,Primera mención,OTRAS,10,9,10,8
Entrevistado_1716,Entrevistado_1716,MORELIA,BAJIO,Primera mención,OTRAS,8.4,10,10,8
Entrevistado_1717,Entrevistado_1717,MORELIA,BAJIO,Primera mención,OTRAS,8,8,7.8,7
Entrevistado_1718,Entrevistado_1718,GUADALAJARA,BAJIO,Primera mención,OTRAS,10,6,7.8,3
Entrevistado_1719,Entrevistado_1719,LEÓN,BAJIO,Primera mención,OTRAS,10,8,8,8
Entrevistado_1720,Entrevistado_1720,MORELIA,BAJIO,Primera mención,ITESM,10,2,7.8,8
Entrevistado_1721,Entrevistado_1721,COATZACOALCOS,SUR,Primera mención,OTRAS,7,1,7.8,4
Entrevistado_1722,Entrevistado_1722,COATZACOALCOS,SUR,Primera mención,OTRAS,8,7,7.8,8
Entrevistado_1723,Entrevistado_1723,GUADALAJARA,BAJIO,Primera mención,OTRAS,9,5,8,8
Entrevistado_1724,Entrevistado_1724,MORELIA,BAJIO,Primera mención,OTRAS,6,10,7.8,7
Entrevistado_1725,Entrevistado_1725,AGUASCALIENTES,BAJIO,Primera mención,OTRAS,10,9,7.8,10
Entrevistado_1726,Entrevistado_1726,GUADALAJARA,BAJIO,Primera mención,OTRAS,8.4,7,7.8,8
Entrevistado_1727,Entrevistado_1727,MORELIA,BAJIO,Primera mención,OTRAS,9,8,7.8,8
Entrevistado_1728,Entrevistado_1728,HERMOSILLO,OCCIDENTE,Primera mención,OTRAS,9,8,10,8
Entrevistado_1729,Entrevistado_1729,MORELIA,BAJIO,Primera mención,OTRAS,8.4,8,9,8
Entrevistado_1730,Entrevistado_1730,MAZATLÁN,OCCIDENTE,Primera mención,OTRAS,8.4,2,8,7
Entrevistado_1731,Entrevistado_1731,GUADALAJARA,BAJIO,Primera mención,OTRAS,8.4,8,7.8,10
Entrevistado_1732,Entrevistado_1732,GUADALAJARA,BAJIO,Primera mención,UVM,8.4,6,6,8
Entrevistado_1733,Entrevistado_1733,GUADALAJARA,BAJIO,Primera mención,OTRAS,8.4,8,10,8
Entrevistado_1734,Entrevistado_1734,CIUDAD DE MÉXICO,CENTRO,Primera mención,OTRAS,8.4,10,7.8,10
Entrevistado_1735,Entrevistado_1735,GUADALAJARA,BAJIO,Primera mención,UVM,8.4,9,2,8
Entrevistado_1736,Entrevistado_1736,MEXICALI,OCCIDENTE,Primera mención,OTRAS,8.4,10,10,5
Entrevistado_1737,Entrevistado_1737,GUADALAJARA,BAJIO,Primera mención,OTRAS,9,10,7.8,8
Entrevistado_1738,Entrevistado_1738,TUXTLA GUTIÉRREZ,SUR,Primera mención,OTRAS,10,8,6,8
Entrevistado_1739,Entrevistado_1739,ZAMORA,BAJIO,Primera mención,OTRAS,7,9,10,8
Entrevistado_1740,Entrevistado_1740,AGUASCALIENTES,BAJIO,Primera mención,OTRAS,8,10,7.8,5
Entrevistado_1741,Entrevistado_1741,COATZACOALCOS,SUR,Primera mención,OTRAS,9,8,8,8
Entrevistado_1742,Entrevistado_1742,LEÓN,BAJIO,Primera mención,OTRAS,8,8,9,8
Entrevistado_1743,Entrevistado_1743,MORELIA,BAJIO,Primera mención,OTRAS,9,8,7.8,5
Entrevistado_1744,Entrevistado_1744,TEPIC,OCCIDENTE,Primera mención,OTRAS,10,8,4,10
Entrevistado_1745,Entrevistado_1745,HERMOSILLO,OCCIDENTE,Primera mención,UVM,8,8,7.8,8
Entrevistado_1746,Entrevistado_1746,AGUASCALIENTES,BAJIO,Primera mención,UVM,7,10,7.8,8
Entrevistado_1747,Entrevistado_1747,GUADALAJARA,BAJIO,Primera mención,OTRAS,3,7,7.8,8
Entrevistado_1748,Entrevistado_1748,TIJUANA,OCCIDENTE,Primera mención,OTRAS,3,8,7,5
Entrevistado_1749,Entrevistado_1749,GUADALAJARA,BAJIO,Primera mención,UVM,8.4,8,5,8
Entrevistado_1750,Entrevistado_1750,TIJUANA,OCCIDENTE,Primera mención,OTRAS,9,8,7.8,8
Entrevistado_1751,Entrevistado_1751,VILLAHERMOSA,SUR,Primera mención,OTRAS,9,8,7.8,8
Entrevistado_1752,Entrevistado_1752,AGUASCALIENTES,BAJIO,Primera mención,OTRAS,10,8,6,8
Entrevistado_1753,Entrevistado_1753,MONTERREY,NORTE,Primera mención,ITESM,6,8,9,8
Entrevistado_1754,Entrevistado_1754,MEXICALI,OCCIDENTE,Primera mención,OTRAS,10,4,7.8,8
Entrevistado_1755,Entrevistado_1755,QUERÉTARO,CENTRO,Primera mención,UVM,8.4,10,7.8,10
Entrevistado_1756,Entrevistado_1756,GUADALAJARA,BAJIO,Primera mención,OTRAS,10,8,5,10
Entrevistado_1757,Entrevistado_1757,COATZACOALCOS,SUR,Primera mención,OTRAS,6,10,7.8,8
Entrevistado_1758,Entrevistado_1758,GUADALAJARA,BAJIO,Primera mención,OTRAS,8.4,10,4,8
Entrevistado_1759,Entrevistado_1759,CULIACÁN,OCCIDENTE,Primera mención,OTRAS,8.4,5,8,8
Entrevistado_1760,Entrevistado_1760,HERMOSILLO,OCCIDENTE,Primera mención,OTRAS,9,8,10,8
Entrevistado_1761,Entrevistado_1761,GUADALAJARA,BAJIO,Primera mención,OTRAS,10,8,7.8,4
Entrevistado_1762,Entrevistado_1762,MORELIA,BAJIO,Primera mención,OTRAS,10,5,7,8
Entrevistado_1763,Entrevistado_1763,MORELIA,BAJIO,Primera mención,OTRAS,10,8,7.8,8
Entrevistado_1764,Entrevistado_1764,GUADALAJARA,BAJIO,Primera mención,OTRAS,2,8,10,8
Entrevistado_1765,Entrevistado_1765,MORELIA,BAJIO,Primera mención,OTRAS,8,8,7.8,5
Entrevistado_1766,Entrevistado_1766,LA PAZ,OCCIDENTE,Primera mención,OTRAS,6,9,6,8
Entrevistado_1767,Entrevistado_1767,AGUASCALIENTES,BAJIO,Primera mención,UVM,8.4,8,7,8
Entrevistado_1768,Entrevistado_1768,GUADALAJARA,BAJIO,Primera mención,OTRAS,8.4,8,10,8
Entrevistado_1769,Entrevistado_1769,LEÓN,BAJIO,Primera mención,OTRAS,8.4,6,10,8
Entrevistado_1770,Entrevistado_1770,COATZACOALCOS,SUR,Primera mención,OTRAS,10,6,10,8
Entrevistado_1771,Entrevistado_1771,LOS CABOS,OCCIDENTE,Primera mención,OTRAS,10,10,4,8
Entrevistado_1772,Entrevistado_1772,MORELIA,BAJIO,Primera mención,OTRAS,5,4,7.8,8
Entrevistado_1773,Entrevistado_1773,LA PAZ,OCCIDENTE,Primera mención,OTRAS,10,8,8,8
Entrevistado_1774,Entrevistado_1774,VILLAHERMOSA,SUR,Primera mención,UVM,10,10,7,8
Entrevistado_1775,Entrevistado_1775,AGUASCALIENTES,BAJIO,Primera mención,OTRAS,8.4,7,6,8
Entrevistado_1776,Entrevistado_1776,GUADALAJARA,BAJIO,Primera mención,OTRAS,10,6,7.8,8
Entrevistado_1777,Entrevistado_1777,MONTERREY,NORTE,Primera mención,ITESM,8,10,1,8
Entrevistado_1778,Entrevistado_1778,GUADALAJARA,BAJIO,Primera mención,OTRAS,8.4,8,7.8,7
Entrevistado_1779,Entrevistado_1779,MORELIA,BAJIO,Primera mención,OTRAS,7,4,6,8
Entrevistado_1780,Entrevistado_1780,TEPIC,OCCIDENTE,Primera mención,OTRAS,6,7,7.8,8
Entrevistado_1781,Entrevistado_1781,CULIACÁN,OCCIDENTE,Primera mención,ITESM,8,7,2,8
Entrevistado_1782,Entrevistado_1782,MORELIA,BAJIO,Primera mención,OTRAS,7,6,7.8,4
Entrevistado_1783,Entrevistado_1783,CULIACÁN,OCCIDENTE,Primera mención,OTRAS,7,6,10,9
Entrevistado_1784,Entrevistado_1784,TIJUANA,OCCIDENTE,Primera mención,OTRAS,6,10,7,3
Entrevistado_1785,Entrevistado_1785,TEPIC,OCCIDENTE,Primera mención,OTRAS,8,8,6,8
Entrevistado_1786,Entrevistado_1786,CIUDAD DE MÉXICO,CENTRO,Primera mención,OTRAS,9,8,6,4
Entrevistado_1787,Entrevistado_1787,LOS CABOS,OCCIDENTE,Primera mención,OTRAS,7,8,2,2
Entrevistado_1788,Entrevistado_1788,MORELIA,BAJIO,Primera mención,OTRAS,8.4,5,7.8,8
Entrevistado_1789,Entrevistado_1789,GUADALAJARA,BAJIO,Primera mención,OTRAS,7,10,1,10
Entrevistado_1790,Entrevistado_1790,AGUASCALIENTES,BAJIO,Primera mención,OTRAS,6,9,5,8
Entrevistado_1791,Entrevistado_1791,MORELIA,BAJIO,Primera mención,OTRAS,8,8,6,4
Entrevistado_1792,Entrevistado_1792,GUADALAJARA,BAJIO,Primera mención,OTRAS,8.4,8,10,10
Entrevistado_1793,Entrevistado_1793,CIUDAD DE MÉXICO,CENTRO,Primera mención,OTRAS,8,8,3,7
Entrevistado_1794,Entrevistado_1794,LEÓN,BAJIO,Primera mención,OTRAS,10,6,4,4
Entrevistado_1795,Entrevistado_1795,ENSENADA,OCCIDENTE,Primera mención,OTRAS,7,8,7.8,10
Entrevistado_1796,Entrevistado_1796,VILLAHERMOSA,SUR,Primera mención,UVM,8.4,8,10,8
Entrevistado_1797,Entrevistado_1797,IRAPUATO,BAJIO,Primera mención,OTRAS,8,7,10,8
Entrevistado_1798,Entrevistado_1798,MORELIA,BAJIO,Primera mención,OTRAS,8.4,10,7.8,7
Entrevistado_1799,Entrevistado_1799,PUEBLA,CENTRO,Primera mención,OTRAS,8.4,5,7.8,10
Entrevistado_1800,Entrevistado_1800,COATZACOALCOS,SUR,Primera mención,OTRAS,7,5,4,10
Entrevistado_1801,Entrevistado_1801,MONTERREY,NORTE,Primera mención,ITESM,8.4,9,7.8,10
Entrevistado_1802,Entrevistado_1802,LEÓN,BAJIO,Primera mención,OTRAS,9,7,10,10
Entrevistado_1803,Entrevistado_1803,VILLAHERMOSA,SUR,Primera mención,OTRAS,8.4,10,4,8
Entrevistado_1804,Entrevistado_1804,MORELIA,BAJIO,Primera mención,OTRAS,10,10,9,8
Entrevistado_1805,Entrevistado_1805,TEPIC,OCCIDENTE,Primera mención,OTRAS,10,6,6,8
Entrevistado_1806,Entrevistado_1806,GUADALAJARA,BAJIO,Primera mención,OTRAS,10,8,5,8
Entrevistado_1807,Entrevistado_1807,VILLAHERMOSA,SUR,Primera mención,OTRAS,8,8,7.8,8
Entrevistado_1808,Entrevistado_1808,GUADALAJARA,BAJIO,Primera mención,OTRAS,7,6,10,8
Entrevistado_1809,Entrevistado_1809,GUADALAJARA,BAJIO,Primera mención,OTRAS,7,8,2,8
Entrevistado_1810,Entrevistado_1810,MORELIA,BAJIO,Primera mención,OTRAS,8.4,5,7.8,8
Entrevistado_1811,Entrevistado_1811,LEÓN,BAJIO,Primera mención,ITESM,8.4,10,6,8
Entrevistado_1812,Entrevistado_1812,VILLAHERMOSA,SUR,Primera mención,UVM,8,8,3,8
Entrevistado_1813,Entrevistado_1813,TEPIC,OCCIDENTE,Primera mención,OTRAS,7,8,1,3
Entrevistado_1814,Entrevistado_1814,GUADALAJARA,BAJIO,Primera mención,OTRAS,10,8,7.8,6
Entrevistado_1815,Entrevistado_1815,GUADALAJARA,BAJIO,Primera mención,OTRAS,8.4,10,7.8,7
Entrevistado_1816,Entrevistado_1816,LA PAZ,OCCIDENTE,Primera mención,OTRAS,5,8,1,8
Entrevistado_1817,Entrevistado_1817,ZAMORA,BAJIO,Primera mención,OTRAS,8,8,10,8
Entrevistado_1818,Entrevistado_1818,CULIACÁN,OCCIDENTE,Primera mención,OTRAS,10,8,7.8,8
Entrevistado_1819,Entrevistado_1819,MAZATLÁN,OCCIDENTE,Primera mención,OTRAS,10,3,6,8
Entrevistado_1820,Entrevistado_1820,GUADALAJARA,BAJIO,Primera mención,UVM,8.4,10,10,8
Entrevistado_1821,Entrevistado_1821,VILLAHERMOSA,SUR,Primera mención,OTRAS,10,10,9,9
Entrevistado_1822,Entrevistado_1822,GUADALAJARA,BAJIO,Primera mención,OTRAS,10,10,7.8,10
Entrevistado_1823,Entrevistado_1823,GUADALAJARA,BAJIO,Primera mención,OTRAS,7,8,9,8
Entrevistado_1824,Entrevistado_1824,CIUDAD DE MÉXICO,CENTRO,Primera mención,OTRAS,9,10,5,10
Entrevistado_1825,Entrevistado_1825,ZAMORA,BAJIO,Primera mención,OTRAS,8,8,7.8,8
Entrevistado_1826,Entrevistado_1826,MEXICALI,OCCIDENTE,Primera mención,OTRAS,10,10,4,8
Entrevistado_1827,Entrevistado_1827,CULIACÁN,OCCIDENTE,Primera mención,OTRAS,9,8,7.8,6
Entrevistado_1828,Entrevistado_1828,CIUDAD DE MÉXICO,CENTRO,Primera mención,ANÁHUAC,8,7,10,8
Entrevistado_1829,Entrevistado_1829,GUADALAJARA,BAJIO,Primera mención,OTRAS,8.4,8,7.8,10
Entrevistado_1830,Entrevistado_1830,LA PAZ,OCCIDENTE,Primera mención,OTRAS,9,10,5,5
Entrevistado_1831,Entrevistado_1831,QUERÉTARO,CENTRO,Primera mención,UVM,5,8,6,8
Entrevistado_1832,Entrevistado_1832,TUXTLA GUTIÉRREZ,SUR,Primera mención,OTRAS,9,8,7.8,8
Entrevistado_1833,Entrevistado_1833,MAZATLÁN,OCCIDENTE,Primera mención,OTRAS,5,6,4,8
Entrevistado_1834,Entrevistado_1834,CIUDAD DE MÉXICO,CENTRO,Primera mención,OTRAS,10,10,9,10
Entrevistado_1835,Entrevistado_1835,VILLAHERMOSA,SUR,Primera mención,UVM,8.4,10,7.8,6
Entrevistado_1836,Entrevistado_1836,TIJUANA,OCCIDENTE,Primera mención,OTRAS,8.4,7,7.8,8
Entrevistado_1837,Entrevistado_1837,HERMOSILLO,OCCIDENTE,Primera mención,ITESM,10,9,7,8
Entrevistado_1838,Entrevistado_1838,GUADALAJARA,BAJIO,Primera mención,OTRAS,6,7,7.8,8
Entrevistado_1839,Entrevistado_1839,IRAPUATO,BAJIO,Primera mención,OTRAS,7,8,9,8
Entrevistado_1840,Entrevistado_1840,CD. OBREGÓN,OCCIDENTE,Primera mención,OTRAS,7,10,7.8,10
Entrevistado_1841,Entrevistado_1841,LA PAZ,OCCIDENTE,Primera mención,OTRAS,8.4,8,3,10
Entrevistado_1842,Entrevistado_1842,TEPIC,OCCIDENTE,Primera mención,OTRAS,9,8,7.8,7
Entrevistado_1843,Entrevistado_1843,CIUDAD DE MÉXICO,CENTRO,Primera mención,OTRAS,8.4,4,6,8
Entrevistado_1844,Entrevistado_1844,MORELIA,BAJIO,Primera mención,OTRAS,10,8,8,10
Entrevistado_1845,Entrevistado_1845,GUADALAJARA,BAJIO,Primera mención,OTRAS,8.4,8,5,8
Entrevistado_1846,Entrevistado_1846,GUADALAJARA,BAJIO,Primera mención,OTRAS,10,4,5,8
Entrevistado_1847,Entrevistado_1847,TIJUANA,OCCIDENTE,Primera mención,OTRAS,8,8,1,8
Entrevistado_1848,Entrevistado_1848,COATZACOALCOS,SUR,Primera mención,OTRAS,6,10,7.8,8
Entrevistado_1849,Entrevistado_1849,CULIACÁN,OCCIDENTE,Primera mención,ITESM,7,7,8,8
Entrevistado_1850,Entrevistado_1850,GUADALAJARA,BAJIO,Primera mención,OTRAS,9,6,8,8
Entrevistado_1851,Entrevistado_1851,QUERÉTARO,CENTRO,Primera mención,ANÁHUAC,10,8,5,10
Entrevistado_1852,Entrevistado_1852,VERACRUZ,ORIENTE,Primera mención,OTRAS,9,9,7.8,8
Entrevistado_1853,Entrevistado_1853,CULIACÁN,OCCIDENTE,Primera mención,OTRAS,7,8,7,10
Entrevistado_1854,Entrevistado_1854,CIUDAD DE MÉXICO,CENTRO,Primera mención,OTRAS,10,6,10,8
Entrevistado_1855,Entrevistado_1855,GUADALAJARA,BAJIO,Primera mención,OTRAS,5,8,9,8
Entrevistado_1856,Entrevistado_1856,AGUASCALIENTES,BAJIO,Primera mención,OTRAS,9,9,9,6
Entrevistado_1857,Entrevistado_1857,TUXTLA GUTIÉRREZ,SUR,Primera mención,OTRAS,9,8,10,8
Entrevistado_1858,Entrevistado_1858,VILLAHERMOSA,SUR,Primera mención,OTRAS,8.4,8,7.8,8
Entrevistado_1859,Entrevistado_1859,TEPIC,OCCIDENTE,Primera mención,OTRAS,9,8,7.8,10
Entrevistado_1860,Entrevistado_1860,AGUASCALIENTES,BAJIO,Primera mención,OTRAS,8,8,7.8,5
Entrevistado_1861,Entrevistado_1861,LEÓN,BAJIO,Primera mención,OTRAS,9,8,5,7
Entrevistado_1862,Entrevistado_1862,LEÓN,BAJIO,Primera mención,OTRAS,8.4,8,4,1
Entrevistado_1863,Entrevistado_1863,MONTERREY,NORTE,Primera mención,ITESM,8.4,8,10,6
Entrevistado_1864,Entrevistado_1864,MORELIA,BAJIO,Primera mención,OTRAS,8,5,5,8
Entrevistado_1865,Entrevistado_1865,PUEBLA,CENTRO,Primera mención,OTRAS,9,8,10,8
Entrevistado_1866,Entrevistado_1866,AGUASCALIENTES,BAJIO,Primera mención,OTRAS,8.4,10,8,8
Entrevistado_1867,Entrevistado_1867,AGUASCALIENTES,BAJIO,Primera mención,UVM,10,7,7.8,8
Entrevistado_1868,Entrevistado_1868,GUADALAJARA,BAJIO,Primera mención,UVM,9,10,8,8
Entrevistado_1869,Entrevistado_1869,MORELIA,BAJIO,Primera mención,OTRAS,8.4,7,10,8
Entrevistado_1870,Entrevistado_1870,TEPIC,OCCIDENTE,Primera mención,OTRAS,6,8,7.8,8
Entrevistado_1871,Entrevistado_1871,GUADALAJARA,BAJIO,Primera mención,OTRAS,8.4,8,5,8
Entrevistado_1872,Entrevistado_1872,MORELIA,BAJIO,Primera mención,OTRAS,5,8,7.8,8
Entrevistado_1873,Entrevistado_1873,CIUDAD DE MÉXICO,CENTRO,Primera mención,OTRAS,9,9,10,8
Entrevistado_1874,Entrevistado_1874,VILLAHERMOSA,SUR,Primera mención,OTRAS,10,8,8,4
Entrevistado_1875,Entrevistado_1875,AGUASCALIENTES,BAJIO,Primera mención,UVM,8.4,8,7,10
Entrevistado_1876,Entrevistado_1876,AGUASCALIENTES,BAJIO,Primera mención,OTRAS,10,10,4,8
Entrevistado_1877,Entrevistado_1877,IRAPUATO,BAJIO,Primera mención,OTRAS,6,6,10,8
Entrevistado_1878,Entrevistado_1878,GUADALAJARA,BAJIO,Primera mención,OTRAS,7,8,3,8
Entrevistado_1879,Entrevistado_1879,PUEBLA,CENTRO,Primera mención,OTRAS,5,5,8,8
Entrevistado_1880,Entrevistado_1880,GUADALAJARA,BAJIO,Primera mención,OTRAS,7,7,7.8,8
Entrevistado_1881,Entrevistado_1881,ZAMORA,BAJIO,Primera mención,OTRAS,10,5,7.8,4
Entrevistado_1882,Entrevistado_1882,LA PAZ,OCCIDENTE,Primera mención,OTRAS,7,8,7.8,8
Entrevistado_1883,Entrevistado_1883,MAZATLÁN,OCCIDENTE,Primera mención,OTRAS,8.4,8,7.8,8
Entrevistado_1884,Entrevistado_1884,HERMOSILLO,OCCIDENTE,Primera mención,UVM,8.4,8,5,9
Entrevistado_1885,Entrevistado_1885,COATZACOALCOS,SUR,Primera mención,OTRAS,9,10,10,8
Entrevistado_1886,Entrevistado_1886,GUADALAJARA,BAJIO,Primera mención,OTRAS,7,10,7.8,8
Entrevistado_1887,Entrevistado_1887,MONTERREY,NORTE,Primera mención,ITESM,9,8,10,8
Entrevistado_1888,Entrevistado_1888,TUXTLA GUTIÉRREZ,SUR,Primera mención,OTRAS,9,10,7.8,9
Entrevistado_1889,Entrevistado_1889,MORELIA,BAJIO,Primera mención,OTRAS,8.4,6,7.8,8
Entrevistado_1890,Entrevistado_1890,PUEBLA,CENTRO,Primera mención,OTRAS,8,8,10,8
Entrevistado_1891,Entrevistado_1891,MORELIA,BAJIO,Primera mención,OTRAS,8,9,6,8
Entrevistado_1892,Entrevistado_1892,COATZACOALCOS,SUR,Primera mención,OTRAS,7,10,7.8,8
Entrevistado_1893,Entrevistado_1893,GUADALAJARA,BAJIO,Primera mención,OTRAS,10,7,7.8,8
Entrevistado_1894,Entrevistado_1894,CIUDAD DE MÉXICO,CENTRO,Primera mención,OTRAS,10,6,7,8
Entrevistado_1895,Entrevistado_1895,GUADALAJARA,BAJIO,Primera mención,OTRAS,10,8,10,10
Entrevistado_1896,Entrevistado_1896,CIUDAD DE MÉXICO,CENTRO,Primera mención,UVM,8.4,10,10,8
Entrevistado_1897,Entrevistado_1897,PUEBLA,CENTRO,Primera mención,OTRAS,10,6,10,10
Entrevistado_1898,Entrevistado_1898,TUXTLA GUTIÉRREZ,SUR,Primera mención,OTRAS,8.4,8,10,8
Entrevistado_1899,Entrevistado_1899,GUADALAJARA,BAJIO,Primera mención,OTRAS,9,4,10,10
Entrevistado_1900,Entrevistado_1900,MONTERREY,NORTE,Primera mención,OTRAS,8,10,7.8,9
Entrevistado_1901,Entrevistado_1901,GUADALAJARA,BAJIO,Primera mención,OTRAS,10,9,7.8,7
Entrevistado_1902,Entrevistado_1902,COATZACOALCOS,SUR,Primera mención,OTRAS,10,8,9,10
Entrevistado_1903,Entrevistado_1903,GUADALAJARA,BAJIO,Primera mención,OTRAS,10,10,7.8,4
Entrevistado_1904,Entrevistado_1904,AGUASCALIENTES,BAJIO,Primera mención,OTRAS,9,7,7.8,6
Entrevistado_1905,Entrevistado_1905,CIUDAD DE MÉXICO,CENTRO,Primera mención,ANÁHUAC,8,10,7.8,2
Entrevistado_1906,Entrevistado_1906,TIJUANA,OCCIDENTE,Primera mención,OTRAS,9,8,7.8,10
Entrevistado_1907,Entrevistado_1907,VILLAHERMOSA,SUR,Primera mención,OTRAS,8,8,7.8,7
Entrevistado_1908,Entrevistado_1908,CIUDAD DE MÉXICO,CENTRO,Primera mención,ANÁHUAC,9,8,7.8,10
Entrevistado_1909,Entrevistado_1909,MORELIA,BAJIO,Primera mención,OTRAS,4,10,7.8,8
Entrevistado_1910,Entrevistado_1910,CULIACÁN,OCCIDENTE,Primera mención,OTRAS,8.4,6,7.8,10
Entrevistado_1911,Entrevistado_1911,CIUDAD DE MÉXICO,CENTRO,Primera mención,OTRAS,7,8,10,7
Entrevistado_1912,Entrevistado_1912,GUADALAJARA,BAJIO,Primera mención,OTRAS,8.4,4,6,1
Entrevistado_1913,Entrevistado_1913,TUXTLA GUTIÉRREZ,SUR,Primera mención,OTRAS,8.4,8,10,10
Entrevistado_1914,Entrevistado_1914,TIJUANA,OCCIDENTE,Primera mención,OTRAS,8,8,10,7
Entrevistado_1915,Entrevistado_1915,COATZACOALCOS,SUR,Primera mención,OTRAS,9,4,7.8,8
Entrevistado_1916,Entrevistado_1916,HERMOSILLO,OCCIDENTE,Primera mención,ITESM,6,8,10,8
Entrevistado_1917,Entrevistado_1917,AGUASCALIENTES,BAJIO,Primera mención,OTRAS,8.4,6,7.8,8
Entrevistado_1918,Entrevistado_1918,LEÓN,BAJIO,Primera mención,OTRAS,8.4,5,7.8,8
Entrevistado_1919,Entrevistado_1919,MONTERREY,NORTE,Primera mención,ITESM,9,9,5,5
Entrevistado_1920,Entrevistado_1920,MORELIA,BAJIO,Primera mención,OTRAS,8.4,8,7.8,8
Entrevistado_1921,Entrevistado_1921,GUADALAJARA,BAJIO,Primera mención,OTRAS,10,8,1,10
Entrevistado_1922,Entrevistado_1922,ZAMORA,BAJIO,Primera mención,OTRAS,10,8,9,10
Entrevistado_1923,Entrevistado_1923,MORELIA,BAJIO,Primera mención,OTRAS,8.4,10,10,8
Entrevistado_1924,Entrevistado_1924,GUADALAJARA,BAJIO,Primera mención,OTRAS,10,9,7.8,7
Entrevistado_1925,Entrevistado_1925,GUADALAJARA,BAJIO,Primera mención,ITESM,8.4,8,5,10
Entrevistado_1926,Entrevistado_1926,GUADALAJARA,BAJIO,Primera mención,OTRAS,10,8,9,8
Entrevistado_1927,Entrevistado_1927,COATZACOALCOS,SUR,Primera mención,OTRAS,8,8,8,8
Entrevistado_1928,Entrevistado_1928,CULIACÁN,OCCIDENTE,Primera mención,OTRAS,9,8,7.8,7
Entrevistado_1929,Entrevistado_1929,GUADALAJARA,BAJIO,Primera mención,OTRAS,9,8,7.8,4
Entrevistado_1930,Entrevistado_1930,TIJUANA,OCCIDENTE,Primera mención,OTRAS,9,10,1,8
Entrevistado_1931,Entrevistado_1931,VILLAHERMOSA,SUR,Primera mención,OTRAS,10,10,10,10
Entrevistado_1932,Entrevistado_1932,TEPIC,OCCIDENTE,Primera mención,OTRAS,10,10,7.8,8
Entrevistado_1933,Entrevistado_1933,MEXICALI,OCCIDENTE,Primera mención,OTRAS,8,8,7.8,8
Entrevistado_1934,Entrevistado_1934,VILLAHERMOSA,SUR,Primera mención,OTRAS,10,8,7.8,8
Entrevistado_1935,Entrevistado_1935,QUERÉTARO,CENTRO,Primera mención,UVM,6,7,7.8,7
Entrevistado_1936,Entrevistado_1936,CULIACÁN,OCCIDENTE,Primera mención,OTRAS,8,8,7.8,5
Entrevistado_1937,Entrevistado_1937,MORELIA,BAJIO,Primera mención,OTRAS,10,8,7.8,8
Entrevistado_1938,Entrevistado_1938,AGUASCALIENTES,BAJIO,Primera mención,OTRAS,7,8,6,5
Entrevistado_1939,Entrevistado_1939,IRAPUATO,BAJIO,Primera mención,OTRAS,8.4,10,7,8
Entrevistado_1940,Entrevistado_1940,VILLAHERMOSA,SUR,Primera mención,OTRAS,10,10,7.8,10
Entrevistado_1941,Entrevistado_1941,MONTERREY,NORTE,Primera mención,OTRAS,7,10,9,7
Entrevistado_1942,Entrevistado_1942,VILLAHERMOSA,SUR,Primera mención,OTRAS,8,8,1,8
Entrevistado_1943,Entrevistado_1943,GUADALAJARA,BAJIO,Primera mención,OTRAS,8,8,10,10
Entrevistado_1944,Entrevistado_1944,MONTERREY,NORTE,Primera mención,OTRAS,8.4,5,7.8,8
Entrevistado_1945,Entrevistado_1945,LA PAZ,OCCIDENTE,Primera mención,OTRAS,6,5,3,1
Entrevistado_1946,Entrevistado_1946,GUADALAJARA,BAJIO,Primera mención,OTRAS,8.4,8,7.8,8
Entrevistado_1947,Entrevistado_1947,GUADALAJARA,BAJIO,Primera mención,UVM,8,10,10,8
Entrevistado_1948,Entrevistado_1948,TEPIC,OCCIDENTE,Primera mención,OTRAS,6,10,5,8
Entrevistado_1949,Entrevistado_1949,GUADALAJARA,BAJIO,Primera mención,OTRAS,10,8,7.8,8
Entrevistado_1950,Entrevistado_1950,GUADALAJARA,BAJIO,Primera mención,OTRAS,8.4,5,10,8
Entrevistado_1951,Entrevistado_1951,QUERÉTARO,CENTRO,Primera mención,OTRAS,10,8,7.8,5
Entrevistado_1952,Entrevistado_1952,HERMOSILLO,OCCIDENTE,Primera mención,OTRAS,10,1,4,8
Entrevistado_1953,Entrevistado_1953,TUXTLA GUTIÉRREZ,SUR,Primera mención,OTRAS,8.4,7,7.8,10
Entrevistado_1954,Entrevistado_1954,GUADALAJARA,BAJIO,Primera mención,UVM,6,8,4,7
Entrevistado_1955,Entrevistado_1955,MAZATLÁN,OCCIDENTE,Primera mención,OTRAS,8.4,8,7.8,10
Entrevistado_1956,Entrevistado_1956,GUADALAJARA,BAJIO,Primera mención,ITESM,8,8,9,7
Entrevistado_1957,Entrevistado_1957,CULIACÁN,OCCIDENTE,Primera mención,OTRAS,6,10,7,10
Entrevistado_1958,Entrevistado_1958,ZAMORA,BAJIO,Primera mención,OTRAS,10,5,7.8,10
Entrevistado_1959,Entrevistado_1959,MONTERREY,NORTE,Primera mención,ITESM,10,8,4,6
Entrevistado_1960,Entrevistado_1960,MAZATLÁN,OCCIDENTE,Primera mención,OTRAS,6,8,10,5
Entrevistado_1961,Entrevistado_1961,LA PAZ,OCCIDENTE,Primera mención,OTRAS,10,6,7.8,10
Entrevistado_1962,Entrevistado_1962,TIJUANA,OCCIDENTE,Primera mención,OTRAS,8,7,7.8,6
Entrevistado_1963,Entrevistado_1963,GUADALAJARA,BAJIO,Primera mención,ITESM,8.4,3,10,10
Entrevistado_1964,Entrevistado_1964,CULIACÁN,OCCIDENTE,Primera mención,OTRAS,10,8,10,7
Entrevistado_1965,Entrevistado_1965,AGUASCALIENTES,BAJIO,Primera mención,OTRAS,10,8,7.8,10
Entrevistado_1966,Entrevistado_1966,CIUDAD DE MÉXICO,CENTRO,Primera mención,OTRAS,8.4,10,7.8,10
Entrevistado_1967,Entrevistado_1967,GUADALAJARA,BAJIO,Primera mención,OTRAS,9,9,10,8
Entrevistado_1968,Entrevistado_1968,TUXTLA GUTIÉRREZ,SUR,Primera mención,OTRAS,5,8,6,10
Entrevistado_1969,Entrevistado_1969,TIJUANA,OCCIDENTE,Primera mención,OTRAS,9,8,7.8,4
Entrevistado_1970,Entrevistado_1970,TUXTLA GUTIÉRREZ,SUR,Primera mención,OTRAS,10,8,1,7
Entrevistado_1971,Entrevistado_1971,COATZACOALCOS,SUR,Primera mención,OTRAS,6,6,10,8
Entrevistado_1972,Entrevistado_1972,GUADALAJARA,BAJIO,Primera mención,UVM,8.4,6,9,8
Entrevistado_1973,Entrevistado_1973,HERMOSILLO,OCCIDENTE,Primera mención,OTRAS,8.4,10,7.8,8
Entrevistado_1974,Entrevistado_1974,LA PAZ,OCCIDENTE,Primera mención,OTRAS,8.4,8,1,8
Entrevistado_1975,Entrevistado_1975,HERMOSILLO,OCCIDENTE,Primera mención,OTRAS,9,7,4,8
Entrevistado_1976,Entrevistado_1976,GUADALAJARA,BAJIO,Primera mención,OTRAS,10,3,5,8
Entrevistado_1977,Entrevistado_1977,GUADALAJARA,BAJIO,Primera mención,OTRAS,8.4,8,7.8,8
Entrevistado_1978,Entrevistado_1978,AGUASCALIENTES,BAJIO,Primera mención,OTRAS,8,4,1,10
Entrevistado_1979,Entrevistado_1979,TUXTLA GUTIÉRREZ,SUR,Primera mención,OTRAS,6,8,9,8
Entrevistado_1980,Entrevistado_1980,HERMOSILLO,OCCIDENTE,Primera mención,OTRAS,10,8,10,8
Entrevistado_1981,Entrevistado_1981,AGUASCALIENTES,BAJIO,Primera mención,OTRAS,10,10,7.8,9
Entrevistado_1982,Entrevistado_1982,MORELIA,BAJIO,Primera mención,OTRAS,8.4,8,3,9
Entrevistado_1983,Entrevistado_1983,PUEBLA,CENTRO,Primera mención,OTRAS,8.4,8,7.8,8
Entrevistado_1984,Entrevistado_1984,CULIACÁN,OCCIDENTE,Primera mención,OTRAS,10,8,5,3
Entrevistado_1985,Entrevistado_1985,GUADALAJARA,BAJIO,Primera mención,OTRAS,9,8,7,1
Entrevistado_1986,Entrevistado_1986,MORELIA,BAJIO,Primera mención,OTRAS,5,8,5,8
Entrevistado_1987,Entrevistado_1987,VILLAHERMOSA,SUR,Primera mención,UVM,10,9,6,10
Entrevistado_1988,Entrevistado_1988,COMITÁN,ORIENTE,Primera mención,OTRAS,8.4,8,4,8
Entrevistado_1989,Entrevistado_1989,TEPIC,OCCIDENTE,Primera mención,OTRAS,8.4,6,4,8
Entrevistado_1990,Entrevistado_1990,ZAMORA,BAJIO,Primera mención,OTRAS,10,8,6,5
Entrevistado_1991,Entrevistado_1991,CIUDAD DE MÉXICO,CENTRO,Primera mención,UVM,8.4,4,5,8
Entrevistado_1992,Entrevistado_1992,CULIACÁN,OCCIDENTE,Primera mención,OTRAS,10,8,7.8,8
Entrevistado_1993,Entrevistado_1993,VILLAHERMOSA,SUR,Primera mención,OTRAS,8.4,7,7.8,8
Entrevistado_1994,Entrevistado_1994,TEPIC,OCCIDENTE,Primera mención,OTRAS,8.4,8,9,10
Entrevistado_1995,Entrevistado_1995,CULIACÁN,OCCIDENTE,Primera mención,OTRAS,8,7,7.8,6
Entrevistado_1996,Entrevistado_1996,MONTERREY,NORTE,Primera mención,OTRAS,6,8,1,10
Entrevistado_1997,Entrevistado_1997,GUADALAJARA,BAJIO,Primera mención,OTRAS,6,7,7.8,8
Entrevistado_1998,Entrevistado_1998,QUERÉTARO,CENTRO,Primera mención,ANÁHUAC,9,8,7,8
Entrevistado_1999,Entrevistado_1999,GUADALAJARA,BAJIO,Primera mención,UVM,8.4,6,7.8,8
Entrevistado_2000,Entrevistado_2000,CD. OBREGÓN,OCCIDENTE,Primera mención,OTRAS,8.4,10,7.8,8
Entrevistado_2001,Entrevistado_2001,QUERÉTARO,CENTRO,Primera mención,UVM,8.4,10,7.8,5
Entrevistado_2002,Entrevistado_2002,PUEBLA,CENTRO,Primera mención,OTRAS,8.4,10,9,1
Entrevistado_2003,Entrevistado_2003,COATZACOALCOS,SUR,Primera mención,OTRAS,10,8,3,8
Entrevistado_2004,Entrevistado_2004,CIUDAD DE MÉXICO,CENTRO,Primera mención,UVM,8,10,7.8,8
Entrevistado_2005,Entrevistado_2005,PUEBLA,CENTRO,Primera mención,OTRAS,10,8,7.8,10
Entrevistado_2006,Entrevistado_2006,COATZACOALCOS,SUR,Primera mención,OTRAS,10,8,10,9
Entrevistado_2007,Entrevistado_2007,CULIACÁN,OCCIDENTE,Primera mención,OTRAS,8.4,9,7,7
Entrevistado_2008,Entrevistado_2008,MORELIA,BAJIO,Primera mención,OTRAS,10,8,3,8
Entrevistado_2009,Entrevistado_2009,GUADALAJARA,BAJIO,Primera mención,OTRAS,8,8,5,6
Entrevistado_2010,Entrevistado_2010,TUXTLA GUTIÉRREZ,SUR,Primera mención,OTRAS,8.4,8,7.8,5
Entrevistado_2011,Entrevistado_2011,VILLAHERMOSA,SUR,Primera mención,UVM,10,10,10,8
Entrevistado_2012,Entrevistado_2012,GUADALAJARA,BAJIO,Primera mención,OTRAS,8.4,6,5,9
Entrevistado_2013,Entrevistado_2013,TUXTLA GUTIÉRREZ,SUR,Primera mención,OTRAS,10,3,8,9
Entrevistado_2014,Entrevistado_2014,MÉRIDA,SUR,Primera mención,ANÁHUAC,8.4,8,7.8,9
Entrevistado_2015,Entrevistado_2015,TIJUANA,OCCIDENTE,Primera mención,OTRAS,8.4,8,7.8,10
Entrevistado_2016,Entrevistado_2016,ENSENADA,OCCIDENTE,Primera mención,OTRAS,8.4,8,4,10
Entrevistado_2017,Entrevistado_2017,TAPACHULA,SUR,Primera mención,OTRAS,8.4,7,7.8,7
Entrevistado_2018,Entrevistado_2018,GUADALAJARA,BAJIO,Primera mención,UVM,9,8,7.8,7
Entrevistado_2019,Entrevistado_2019,VILLAHERMOSA,SUR,Primera mención,OTRAS,7,8,4,10
Entrevistado_2020,Entrevistado_2020,CD. OBREGÓN,OCCIDENTE,Primera mención,OTRAS,10,6,7.8,8
Entrevistado_2021,Entrevistado_2021,GUADALAJARA,BAJIO,Primera mención,OTRAS,8.4,7,8,7
Entrevistado_2022,Entrevistado_2022,LEÓN,BAJIO,Primera mención,ITESM,10,8,4,8
Entrevistado_2023,Entrevistado_2023,MORELIA,BAJIO,Primera mención,OTRAS,8,4,6,8
Entrevistado_2024,Entrevistado_2024,MONTERREY,NORTE,Primera mención,ITESM,10,8,7.8,8
Entrevistado_2025,Entrevistado_2025,AGUASCALIENTES,BAJIO,Primera mención,OTRAS,10,10,1,8
Entrevistado_2026,Entrevistado_2026,TEPIC,OCCIDENTE,Primera mención,OTRAS,10,10,7,8
Entrevistado_2027,Entrevistado_2027,GUADALAJARA,BAJIO,Primera mención,OTRAS,8.4,8,7.8,4
Entrevistado_2028,Entrevistado_2028,TIJUANA,OCCIDENTE,Primera mención,OTRAS,10,8,2,8
Entrevistado_2029,Entrevistado_2029,AGUASCALIENTES,BAJIO,Primera mención,OTRAS,7,10,7.8,8
Entrevistado_2030,Entrevistado_2030,COATZACOALCOS,SUR,Primera mención,OTRAS,7,9,7.8,6
Entrevistado_2031,Entrevistado_2031,VILLAHERMOSA,SUR,Primera mención,OTRAS,10,10,8,10
Entrevistado_2032,Entrevistado_2032,GUADALAJARA,BAJIO,Primera mención,OTRAS,8,8,1,8
Entrevistado_2033,Entrevistado_2033,CIUDAD DE MÉXICO,CENTRO,Primera mención,OTRAS,8,9,8,8
Entrevistado_2034,Entrevistado_2034,VILLAHERMOSA,SUR,Primera mención,OTRAS,8.4,8,7,8
Entrevistado_2035,Entrevistado_2035,GUADALAJARA,BAJIO,Primera mención,OTRAS,8,9,10,8
Entrevistado_2036,Entrevistado_2036,CIUDAD DE MÉXICO,CENTRO,Primera mención,ITESM,8.4,8,10,4
Entrevistado_2037,Entrevistado_2037,MORELIA,BAJIO,Primera mención,OTRAS,9,10,10,8
Entrevistado_2038,Entrevistado_2038,CIUDAD DE MÉXICO,CENTRO,Primera mención,OTRAS,8.4,7,7.8,7
Entrevistado_2039,Entrevistado_2039,LA PAZ,OCCIDENTE,Primera mención,OTRAS,8,8,7.8,9
Entrevistado_2040,Entrevistado_2040,GUADALAJARA,BAJIO,Primera mención,OTRAS,10,5,1,8
Entrevistado_2041,Entrevistado_2041,CANCÚN,SUR,Primera mención,OTRAS,8.4,8,7.8,8
Entrevistado_2042,Entrevistado_2042,GUADALAJARA,BAJIO,Primera mención,OTRAS,9,8,10,8
Entrevistado_2043,Entrevistado_2043,AGUASCALIENTES,BAJIO,Primera mención,UVM,8.4,10,1,8
Entrevistado_2044,Entrevistado_2044,GUADALAJARA,BAJIO,Primera mención,ITESM,10,9,10,8
Entrevistado_2045,Entrevistado_2045,MAZATLÁN,OCCIDENTE,Primera mención,OTRAS,10,8,10,8
Entrevistado_2046,Entrevistado_2046,TIJUANA,OCCIDENTE,Primera mención,OTRAS,10,8,10,8
Entrevistado_2047,Entrevistado_2047,IRAPUATO,BAJIO,Primera mención,ITESM,10,6,6,8
Entrevistado_2048,Entrevistado_2048,MORELIA,BAJIO,Primera mención,OTRAS,8,5,7.8,6
Entrevistado_2049,Entrevistado_2049,TIJUANA,OCCIDENTE,Primera mención,OTRAS,10,6,10,8
Entrevistado_2050,Entrevistado_2050,GUADALAJARA,BAJIO,Primera mención,OTRAS,8,10,7.8,8
Entrevistado_2051,Entrevistado_2051,AGUASCALIENTES,BAJIO,Primera mención,OTRAS,6,8,7.8,10
Entrevistado_2052,Entrevistado_2052,TEPIC,OCCIDENTE,Primera mención,OTRAS,6,8,8,8
Entrevistado_2053,Entrevistado_2053,GUADALAJARA,BAJIO,Primera mención,OTRAS,6,8,7.8,8
Entrevistado_2054,Entrevistado_2054,QUERÉTARO,CENTRO,Primera mención,UVM,7,10,5,8
Entrevistado_2055,Entrevistado_2055,IRAPUATO,BAJIO,Primera mención,ITESM,10,3,7.8,8
Entrevistado_2056,Entrevistado_2056,AGUASCALIENTES,BAJIO,Primera mención,OTRAS,8.4,10,7.8,10
Entrevistado_2057,Entrevistado_2057,GUADALAJARA,BAJIO,Primera mención,OTRAS,8.4,8,10,8
Entrevistado_2058,Entrevistado_2058,TEPIC,OCCIDENTE,Primera mención,OTRAS,8.4,6,10,8
Entrevistado_2059,Entrevistado_2059,TUXTLA GUTIÉRREZ,SUR,Primera mención,OTRAS,10,10,4,6
Entrevistado_2060,Entrevistado_2060,IRAPUATO,BAJIO,Primera mención,ITESM,8,8,7.8,8
Entrevistado_2061,Entrevistado_2061,TUXTLA GUTIÉRREZ,SUR,Primera mención,OTRAS,7,8,10,10
Entrevistado_2062,Entrevistado_2062,TUXTLA GUTIÉRREZ,SUR,Primera mención,OTRAS,10,8,3,10
Entrevistado_2063,Entrevistado_2063,GUADALAJARA,BAJIO,Primera mención,OTRAS,8,10,9,8
Entrevistado_2064,Entrevistado_2064,MONTERREY,NORTE,Primera mención,OTRAS,10,8,7.8,6
Entrevistado_2065,Entrevistado_2065,AGUASCALIENTES,BAJIO,Primera mención,ITESM,9,7,8,8
Entrevistado_2066,Entrevistado_2066,TUXTLA GUTIÉRREZ,SUR,Primera mención,UVM,8.4,8,10,10
Entrevistado_2067,Entrevistado_2067,GUADALAJARA,BAJIO,Primera mención,OTRAS,8.4,8,2,4
Entrevistado_2068,Entrevistado_2068,QUERÉTARO,CENTRO,Primera mención,UVM,7,8,7.8,10
Entrevistado_2069,Entrevistado_2069,TIJUANA,OCCIDENTE,Primera mención,OTRAS,5,5,7.8,8
Entrevistado_2070,Entrevistado_2070,VILLAHERMOSA,SUR,Primera mención,OTRAS,8,8,4,8
Entrevistado_2071,Entrevistado_2071,CIUDAD DE MÉXICO,CENTRO,Primera mención,UVM,8.4,8,10,8
Entrevistado_2072,Entrevistado_2072,VILLAHERMOSA,SUR,Primera mención,OTRAS,8.4,8,8,8
Entrevistado_2073,Entrevistado_2073,AGUASCALIENTES,BAJIO,Primera mención,OTRAS,5,10,7.8,8
Entrevistado_2074,Entrevistado_2074,AGUASCALIENTES,BAJIO,Primera mención,OTRAS,10,8,8,8
Entrevistado_2075,Entrevistado_2075,CULIACÁN,OCCIDENTE,Primera mención,OTRAS,8,7,7.8,10
Entrevistado_2076,Entrevistado_2076,TUXTLA GUTIÉRREZ,SUR,Primera mención,OTRAS,7,8,10,9
Entrevistado_2077,Entrevistado_2077,GUADALAJARA,BAJIO,Primera mención,OTRAS,9,5,7,10
Entrevistado_2078,Entrevistado_2078,CIUDAD DE MÉXICO,CENTRO,Primera mención,OTRAS,10,8,10,10
Entrevistado_2079,Entrevistado_2079,GUADALAJARA,BAJIO,Primera mención,ITESM,8.4,8,10,7
Entrevistado_2080,Entrevistado_2080,VILLAHERMOSA,SUR,Primera mención,OTRAS,8.4,6,9,7
Entrevistado_2081,Entrevistado_2081,TIJUANA,OCCIDENTE,Primera mención,OTRAS,7,4,7.8,8
Entrevistado_2082,Entrevistado_2082,MONTERREY,NORTE,Primera mención,ITESM,9,4,6,8
Entrevistado_2083,Entrevistado_2083,GUADALAJARA,BAJIO,Primera mención,OTRAS,8,8,6,10
Entrevistado_2084,Entrevistado_2084,TAPACHULA,SUR,Primera mención,OTRAS,10,8,7,9
Entrevistado_2085,Entrevistado_2085,GUADALAJARA,BAJIO,Primera mención,OTRAS,9,8,7.8,7
Entrevistado_2086,Entrevistado_2086,MEXICALI,OCCIDENTE,Primera mención,OTRAS,10,5,7,8
Entrevistado_2087,Entrevistado_2087,VILLAHERMOSA,SUR,Primera mención,OTRAS,10,10,7.8,5
Entrevistado_2088,Entrevistado_2088,MAZATLÁN,OCCIDENTE,Primera mención,OTRAS,10,8,10,8
Entrevistado_2089,Entrevistado_2089,TUXTLA GUTIÉRREZ,SUR,Primera mención,OTRAS,7,6,5,8
Entrevistado_2090,Entrevistado_2090,GUADALAJARA,BAJIO,Primera mención,OTRAS,9,3,1,8
Entrevistado_2091,Entrevistado_2091,MORELIA,BAJIO,Primera mención,OTRAS,8.4,10,10,8
Entrevistado_2092,Entrevistado_2092,CIUDAD DE MÉXICO,CENTRO,Primera mención,OTRAS,8.4,10,6,10
Entrevistado_2093,Entrevistado_2093,TUXTLA GUTIÉRREZ,SUR,Primera mención,UVM,8,10,2,10
Entrevistado_2094,Entrevistado_2094,GUADALAJARA,BAJIO,Primera mención,OTRAS,8.4,10,10,9
Entrevistado_2095,Entrevistado_2095,CIUDAD DE MÉXICO,CENTRO,Primera mención,ANÁHUAC,10,9,7.8,10
Entrevistado_2096,Entrevistado_2096,GUADALAJARA,BAJIO,Primera mención,OTRAS,10,8,7.8,10
Entrevistado_2097,Entrevistado_2097,GUADALAJARA,BAJIO,Primera mención,OTRAS,9,4,7.8,8
Entrevistado_2098,Entrevistado_2098,VILLAHERMOSA,SUR,Primera mención,UVM,8,10,7.8,10
Entrevistado_2099,Entrevistado_2099,MORELIA,BAJIO,Primera mención,ITESM,9,8,7.8,8
Entrevistado_2100,Entrevistado_2100,AGUASCALIENTES,BAJIO,Primera mención,OTRAS,10,10,6,4
Entrevistado_2101,Entrevistado_2101,CULIACÁN,OCCIDENTE,Primera mención,OTRAS,10,8,4,8
Entrevistado_2102,Entrevistado_2102,MORELIA,BAJIO,Primera mención,OTRAS,7,8,7.8,7
Entrevistado_2103,Entrevistado_2103,TUXTLA GUTIÉRREZ,SUR,Primera mención,OTRAS,7,8,2,10
Entrevistado_2104,Entrevistado_2104,GUADALAJARA,BAJIO,Primera mención,OTRAS,10,10,3,8
Entrevistado_2105,Entrevistado_2105,MEXICALI,OCCIDENTE,Primera mención,OTRAS,9,5,10,5
Entrevistado_2106,Entrevistado_2106,CIUDAD DE MÉXICO,CENTRO,Primera mención,UVM,9,8,7.8,8
Entrevistado_2107,Entrevistado_2107,MÉRIDA,SUR,Primera mención,OTRAS,7,8,10,4
Entrevistado_2108,Entrevistado_2108,IRAPUATO,BAJIO,Primera mención,ITESM,8.4,8,4,7
Entrevistado_2109,Entrevistado_2109,TUXTLA GUTIÉRREZ,SUR,Primera mención,OTRAS,10,7,6,10
Entrevistado_2110,Entrevistado_2110,GUADALAJARA,BAJIO,Primera mención,OTRAS,10,8,7.8,10
Entrevistado_2111,Entrevistado_2111,GUADALAJARA,BAJIO,Primera mención,OTRAS,10,8,7.8,8
Entrevistado_2112,Entrevistado_2112,TEPIC,OCCIDENTE,Primera mención,OTRAS,10,8,7.8,10
Entrevistado_2113,Entrevistado_2113,HERMOSILLO,OCCIDENTE,Primera mención,OTRAS,8.4,10,10,5
Entrevistado_2114,Entrevistado_2114,MORELIA,BAJIO,Primera mención,OTRAS,8.4,3,7.8,8
Entrevistado_2115,Entrevistado_2115,MORELIA,BAJIO,Primera mención,OTRAS,9,8,7,8
Entrevistado_2116,Entrevistado_2116,ZAMORA,BAJIO,Primera mención,OTRAS,7,10,7.8,8
Entrevistado_2117,Entrevistado_2117,VILLAHERMOSA,SUR,Primera mención,OTRAS,9,6,7.8,8
Entrevistado_2118,Entrevistado_2118,AGUASCALIENTES,BAJIO,Primera mención,ITESM,8.4,5,7.8,8
Entrevistado_2119,Entrevistado_2119,LEÓN,BAJIO,Primera mención,OTRAS,6,8,1,8
Entrevistado_2120,Entrevistado_2120,CIUDAD DE MÉXICO,CENTRO,Primera mención,ITESM,7,10,7.8,8
Entrevistado_2121,Entrevistado_2121,MORELIA,BAJIO,Primera mención,OTRAS,10,8,9,7
Entrevistado_2122,Entrevistado_2122,TUXTLA GUTIÉRREZ,SUR,Primera mención,OTRAS,6,1,7.8,9
Entrevistado_2123,Entrevistado_2123,MEXICALI,OCCIDENTE,Primera mención,OTRAS,6,10,7.8,8
Entrevistado_2124,Entrevistado_2124,GUADALAJARA,BAJIO,Primera mención,OTRAS,10,6,4,8
Entrevistado_2125,Entrevistado_2125,MEXICALI,OCCIDENTE,Primera mención,OTRAS,6,10,7.8,2
Entrevistado_2126,Entrevistado_2126,VILLAHERMOSA,SUR,Primera mención,UVM,10,4,10,8
Entrevistado_2127,Entrevistado_2127,VILLAHERMOSA,SUR,Primera mención,OTRAS,8,10,10,8
Entrevistado_2128,Entrevistado_2128,QUERÉTARO,CENTRO,Primera mención,ITESM,6,5,7.8,6
Entrevistado_2129,Entrevistado_2129,MEXICALI,OCCIDENTE,Primera mención,OTRAS,9,7,5,8
Entrevistado_2130,Entrevistado_2130,GUADALAJARA,BAJIO,Primera mención,OTRAS,8,10,7.8,9
Entrevistado_2131,Entrevistado_2131,GUADALAJARA,BAJIO,Primera mención,OTRAS,10,10,5,8
Entrevistado_2132,Entrevistado_2132,TUXTLA GUTIÉRREZ,SUR,Primera mención,OTRAS,10,5,7,10
Entrevistado_2133,Entrevistado_2133,CULIACÁN,OCCIDENTE,Primera mención,OTRAS,6,8,7.8,8
Entrevistado_2134,Entrevistado_2134,GUADALAJARA,BAJIO,Primera mención,OTRAS,8,5,7.8,3
Entrevistado_2135,Entrevistado_2135,CULIACÁN,OCCIDENTE,Primera mención,OTRAS,8.4,8,10,6
Entrevistado_2136,Entrevistado_2136,LA PAZ,OCCIDENTE,Primera mención,OTRAS,10,8,7.8,10
Entrevistado_2137,Entrevistado_2137,TIJUANA,OCCIDENTE,Primera mención,OTRAS,8.4,6,7.8,8
Entrevistado_2138,Entrevistado_2138,VILLAHERMOSA,SUR,Primera mención,UVM,9,8,7.8,10
Entrevistado_2139,Entrevistado_2139,CIUDAD DE MÉXICO,CENTRO,Primera mención,OTRAS,8.4,5,7.8,6
Entrevistado_2140,Entrevistado_2140,CULIACÁN,OCCIDENTE,Primera mención,OTRAS,10,8,9,10
Entrevistado_2141,Entrevistado_2141,TUXTLA GUTIÉRREZ,SUR,Primera mención,OTRAS,10,8,7.8,10
Entrevistado_2142,Entrevistado_2142,GUADALAJARA,BAJIO,Primera mención,OTRAS,8,9,3,10
Entrevistado_2143,Entrevistado_2143,COATZACOALCOS,SUR,Primera mención,OTRAS,6,10,9,8
Entrevistado_2144,Entrevistado_2144,MAZATLÁN,OCCIDENTE,Primera mención,OTRAS,8.4,10,7,8
Entrevistado_2145,Entrevistado_2145,PUEBLA,CENTRO,Primera mención,OTRAS,10,8,6,10
Entrevistado_2146,Entrevistado_2146,ZAMORA,BAJIO,Primera mención,OTRAS,9,10,10,8
Entrevistado_2147,Entrevistado_2147,MAZATLÁN,OCCIDENTE,Primera mención,OTRAS,8,10,7.8,5
Entrevistado_2148,Entrevistado_2148,QUERÉTARO,CENTRO,Primera mención,ITESM,4,8,10,8
Entrevistado_2149,Entrevistado_2149,GUADALAJARA,BAJIO,Primera mención,OTRAS,8.4,9,7,10
Entrevistado_2150,Entrevistado_2150,HERMOSILLO,OCCIDENTE,Primera mención,OTRAS,10,6,7.8,8
Entrevistado_2151,Entrevistado_2151,CULIACÁN,OCCIDENTE,Primera mención,OTRAS,8.4,8,10,9
Entrevistado_2152,Entrevistado_2152,COATZACOALCOS,SUR,Primera mención,OTRAS,10,6,7.8,8
Entrevistado_2153,Entrevistado_2153,GUADALAJARA,BAJIO,Primera mención,OTRAS,10,7,1,10
Entrevistado_2154,Entrevistado_2154,TUXTLA GUTIÉRREZ,SUR,Primera mención,UVM,8.4,10,7.8,10
Entrevistado_2155,Entrevistado_2155,MORELIA,BAJIO,Primera mención,ITESM,10,8,7.8,3
Entrevistado_2156,Entrevistado_2156,GUADALAJARA,BAJIO,Primera mención,OTRAS,8,8,7.8,8
Entrevistado_2157,Entrevistado_2157,LA PAZ,OCCIDENTE,Primera mención,OTRAS,8.4,6,7.8,9
Entrevistado_2158,Entrevistado_2158,IRAPUATO,BAJIO,Primera mención,OTRAS,10,10,7.8,10
Entrevistado_2159,Entrevistado_2159,ZAMORA,BAJIO,Primera mención,OTRAS,7,6,7.8,9
Entrevistado_2160,Entrevistado_2160,MORELIA,BAJIO,Primera mención,OTRAS,5,8,10,8
Entrevistado_2161,Entrevistado_2161,IRAPUATO,BAJIO,Primera mención,OTRAS,8.4,10,7.8,8
Entrevistado_2162,Entrevistado_2162,VILLAHERMOSA,SUR,Primera mención,OTRAS,10,9,5,7
Entrevistado_2163,Entrevistado_2163,COATZACOALCOS,SUR,Primera mención,OTRAS,8,8,10,8
Entrevistado_2164,Entrevistado_2164,HERMOSILLO,OCCIDENTE,Primera mención,OTRAS,8.4,10,7.8,8
Entrevistado_2165,Entrevistado_2165,MORELIA,BAJIO,Primera mención,OTRAS,8.4,8,3,10
Entrevistado_2166,Entrevistado_2166,MONTERREY,NORTE,Primera mención,ITESM,8.4,10,8,8
Entrevistado_2167,Entrevistado_2167,CIUDAD DE MÉXICO,CENTRO,Primera mención,UVM,10,8,10,8
Entrevistado_2168,Entrevistado_2168,COATZACOALCOS,SUR,Primera mención,OTRAS,10,8,3,8
Entrevistado_2169,Entrevistado_2169,MONTERREY,NORTE,Primera mención,OTRAS,8.4,8,3,8
Entrevistado_2170,Entrevistado_2170,LEÓN,BAJIO,Primera mención,OTRAS,8,6,1,2
Entrevistado_2171,Entrevistado_2171,MORELIA,BAJIO,Primera mención,OTRAS,5,8,7.8,8
Entrevistado_2172,Entrevistado_2172,PUEBLA,CENTRO,Primera mención,OTRAS,10,3,7.8,10
Entrevistado_2173,Entrevistado_2173,GUADALAJARA,BAJIO,Primera mención,OTRAS,10,8,1,8
Entrevistado_2174,Entrevistado_2174,GUADALAJARA,BAJIO,Primera mención,ITESM,8.4,9,7.8,8
Entrevistado_2175,Entrevistado_2175,QUERÉTARO,CENTRO,Primera mención,ANÁHUAC,10,3,7.8,8
Entrevistado_2176,Entrevistado_2176,QUERÉTARO,CENTRO,Primera mención,OTRAS,8,6,7,8
Entrevistado_2177,Entrevistado_2177,LA PAZ,OCCIDENTE,Primera mención,OTRAS,10,9,2,8
Entrevistado_2178,Entrevistado_2178,MONTERREY,NORTE,Primera mención,ITESM,10,8,10,8
Entrevistado_2179,Entrevistado_2179,MAZATLÁN,OCCIDENTE,Primera mención,OTRAS,8.4,8,1,8
Entrevistado_2180,Entrevistado_2180,GUADALAJARA,BAJIO,Primera mención,OTRAS,9,8,7.8,10
Entrevistado_2181,Entrevistado_2181,MEXICALI,OCCIDENTE,Primera mención,OTRAS,8.4,4,10,10
Entrevistado_2182,Entrevistado_2182,GUADALAJARA,BAJIO,Primera mención,OTRAS,9,3,7.8,10
Entrevistado_2183,Entrevistado_2183,GUADALAJARA,BAJIO,Primera mención,OTRAS,6,8,7.8,8
Entrevistado_2184,Entrevistado_2184,LEÓN,BAJIO,Primera mención,OTRAS,8.4,7,7.8,8
Entrevistado_2185,Entrevistado_2185,COATZACOALCOS,SUR,Primera mención,OTRAS,7,5,7.8,8
Entrevistado_2186,Entrevistado_2186,TAPACHULA,SUR,Primera mención,OTRAS,9,9,7.8,8
Entrevistado_2187,Entrevistado_2187,MORELIA,BAJIO,Primera mención,OTRAS,8,8,7.8,4
Entrevistado_2188,Entrevistado_2188,CULIACÁN,OCCIDENTE,Primera mención,OTRAS,10,7,4,6
Entrevistado_2189,Entrevistado_2189,GUADALAJARA,BAJIO,Primera mención,OTRAS,8.4,10,6,4
Entrevistado_2190,Entrevistado_2190,GUADALAJARA,BAJIO,Primera mención,OTRAS,6,8,1,8
Entrevistado_2191,Entrevistado_2191,CULIACÁN,OCCIDENTE,Primera mención,OTRAS,7,10,7.8,9
Entrevistado_2192,Entrevistado_2192,LOS CABOS,OCCIDENTE,Primera mención,OTRAS,8.4,8,1,4
Entrevistado_2193,Entrevistado_2193,CIUDAD DE MÉXICO,CENTRO,Primera mención,OTRAS,9,8,3,8
Entrevistado_2194,Entrevistado_2194,GUADALAJARA,BAJIO,Primera mención,ITESM,8.4,5,8,10
Entrevistado_2195,Entrevistado_2195,AGUASCALIENTES,BAJIO,Primera mención,OTRAS,10,10,7.8,10
Entrevistado_2196,Entrevistado_2196,GUADALAJARA,BAJIO,Primera mención,OTRAS,10,8,5,8
Entrevistado_2197,Entrevistado_2197,GUADALAJARA,BAJIO,Primera mención,OTRAS,8,8,10,7
Entrevistado_2198,Entrevistado_2198,HERMOSILLO,OCCIDENTE,Primera mención,OTRAS,10,9,10,10
Entrevistado_2199,Entrevistado_2199,HERMOSILLO,OCCIDENTE,Primera mención,OTRAS,8.4,10,7.8,8
Entrevistado_2200,Entrevistado_2200,GUADALAJARA,BAJIO,Primera mención,OTRAS,5,8,8,7
Entrevistado_2201,Entrevistado_2201,TUXTLA GUTIÉRREZ,SUR,Primera mención,OTRAS,10,8,3,8
Entrevistado_2202,Entrevistado_2202,ZAMORA,BAJIO,Primera mención,OTRAS,8.4,6,7.8,8
Entrevistado_2203,Entrevistado_2203,TUXTLA GUTIÉRREZ,SUR,Primera mención,OTRAS,8,8,7.8,8
Entrevistado_2204,Entrevistado_2204,TEPIC,OCCIDENTE,Primera mención,OTRAS,9,8,6,8
Entrevistado_2205,Entrevistado_2205,AGUASCALIENTES,BAJIO,Primera mención,UVM,10,4,7.8,10
Entrevistado_2206,Entrevistado_2206,GUADALAJARA,BAJIO,Primera mención,OTRAS,10,6,5,8
Entrevistado_2207,Entrevistado_2207,LEÓN,BAJIO,Primera mención,OTRAS,10,10,7.8,8
Entrevistado_2208,Entrevistado_2208,CIUDAD DE MÉXICO,CENTRO,Primera mención,OTRAS,7,10,7.8,8
Entrevistado_2209,Entrevistado_2209,TUXTLA GUTIÉRREZ,SUR,Primera mención,OTRAS,10,9,7.8,8
Entrevistado_2210,Entrevistado_2210,CULIACÁN,OCCIDENTE,Primera mención,OTRAS,10,5,7,8
Entrevistado_2211,Entrevistado_2211,GUADALAJARA,BAJIO,Primera mención,OTRAS,8,8,8,5
Entrevistado_2212,Entrevistado_2212,COATZACOALCOS,SUR,Primera mención,OTRAS,10,8,10,8
Entrevistado_2213,Entrevistado_2213,MÉRIDA,SUR,Primera mención,OTRAS,8,4,2,10
Entrevistado_2214,Entrevistado_2214,AGUASCALIENTES,BAJIO,Primera mención,OTRAS,7,5,3,8
Entrevistado_2215,Entrevistado_2215,HERMOSILLO,OCCIDENTE,Primera mención,OTRAS,8.4,10,7.8,8
Entrevistado_2216,Entrevistado_2216,QUERÉTARO,CENTRO,Primera mención,OTRAS,9,6,7.8,5
Entrevistado_2217,Entrevistado_2217,MONTERREY,NORTE,Primera mención,ITESM,7,10,10,8
Entrevistado_2218,Entrevistado_2218,GUADALAJARA,BAJIO,Primera mención,UVM,8,8,4,9
Entrevistado_2219,Entrevistado_2219,MONTERREY,NORTE,Primera mención,ITESM,6,9,9,8
Entrevistado_2220,Entrevistado_2220,QUERÉTARO,CENTRO,Primera mención,ITESM,8.4,9,7.8,10
Entrevistado_2221,Entrevistado_2221,GUADALAJARA,BAJIO,Primera mención,OTRAS,8.4,10,7.8,8
Entrevistado_2222,Entrevistado_2222,MONTERREY,NORTE,Primera mención,ITESM,10,10,5,3
Entrevistado_2223,Entrevistado_2223,LEÓN,BAJIO,Primera mención,OTRAS,9,8,7.8,8
Entrevistado_2224,Entrevistado_2224,GUADALAJARA,BAJIO,Primera mención,OTRAS,9,3,8,8
Entrevistado_2225,Entrevistado_2225,LEÓN,BAJIO,Primera mención,OTRAS,8.4,3,6,8
Entrevistado_2226,Entrevistado_2226,TEPIC,OCCIDENTE,Primera mención,OTRAS,8.4,9,7.8,8
Entrevistado_2227,Entrevistado_2227,MEXICALI,OCCIDENTE,Primera mención,OTRAS,8.4,8,9,4
Entrevistado_2228,Entrevistado_2228,TEPIC,OCCIDENTE,Primera mención,OTRAS,6,8,6,10
Entrevistado_2229,Entrevistado_2229,CIUDAD DE MÉXICO,CENTRO,Primera mención,OTRAS,8.4,8,8,10
Entrevistado_2230,Entrevistado_2230,GUADALAJARA,BAJIO,Primera mención,OTRAS,8,10,6,8
Entrevistado_2231,Entrevistado_2231,PUEBLA,CENTRO,Primera mención,OTRAS,7,5,8,5
Entrevistado_2232,Entrevistado_2232,VILLAHERMOSA,SUR,Primera mención,UVM,10,9,7.8,10
Entrevistado_2233,Entrevistado_2233,QUERÉTARO,CENTRO,Primera mención,ANÁHUAC,10,10,10,8
Entrevistado_2234,Entrevistado_2234,TUXTLA GUTIÉRREZ,SUR,Primera mención,OTRAS,9,10,7.8,8
Entrevistado_2235,Entrevistado_2235,VILLAHERMOSA,SUR,Primera mención,OTRAS,9,10,10,8
Entrevistado_2236,Entrevistado_2236,MAZATLÁN,OCCIDENTE,Primera mención,OTRAS,10,10,7.8,8
Entrevistado_2237,Entrevistado_2237,GUADALAJARA,BAJIO,Primera mención,OTRAS,10,6,1,8
Entrevistado_2238,Entrevistado_2238,LEÓN,BAJIO,Primera mención,ITESM,9,3,7,10
Entrevistado_2239,Entrevistado_2239,GUADALAJARA,BAJIO,Primera mención,OTRAS,7,10,10,8
Entrevistado_2240,Entrevistado_2240,LEÓN,BAJIO,Primera mención,OTRAS,8,8,9,3
Entrevistado_2241,Entrevistado_2241,LEÓN,BAJIO,Primera mención,OTRAS,8.4,8,10,6
Entrevistado_2242,Entrevistado_2242,TUXTLA GUTIÉRREZ,SUR,Primera mención,UVM,8.4,8,4,8
Entrevistado_2243,Entrevistado_2243,IRAPUATO,BAJIO,Primera mención,OTRAS,10,10,9,8
Entrevistado_2244,Entrevistado_2244,GUADALAJARA,BAJIO,Primera mención,OTRAS,8.4,8,7.8,8
Entrevistado_2245,Entrevistado_2245,MORELIA,BAJIO,Primera mención,ITESM,5,5,7,8
Entrevistado_2246,Entrevistado_2246,QUERÉTARO,CENTRO,Primera mención,OTRAS,8.4,10,10,8
Entrevistado_2247,Entrevistado_2247,CIUDAD DE MÉXICO,CENTRO,Primera mención,OTRAS,9,8,10,10
Entrevistado_2248,Entrevistado_2248,COATZACOALCOS,SUR,Primera mención,OTRAS,8,10,4,10
Entrevistado_2249,Entrevistado_2249,MORELIA,BAJIO,Primera mención,OTRAS,8.4,10,7.8,10
Entrevistado_2250,Entrevistado_2250,MORELIA,BAJIO,Primera mención,OTRAS,7,10,7.8,5
Entrevistado_2251,Entrevistado_2251,GUADALAJARA,BAJIO,Primera mención,OTRAS,9,10,7,8
Entrevistado_2252,Entrevistado_2252,MONTERREY,NORTE,Primera mención,ITESM,8.4,10,3,8
Entrevistado_2253,Entrevistado_2253,CIUDAD DE MÉXICO,CENTRO,Primera mención,ITESM,7,6,7.8,7
Entrevistado_2254,Entrevistado_2254,GUADALAJARA,BAJIO,Primera mención,OTRAS,9,6,7.8,8
Entrevistado_2255,Entrevistado_2255,GUADALAJARA,BAJIO,Primera mención,OTRAS,8.4,8,10,7
Entrevistado_2256,Entrevistado_2256,GUADALAJARA,BAJIO,Primera mención,OTRAS,7,8,1,8
Entrevistado_2257,Entrevistado_2257,GUADALAJARA,BAJIO,Primera mención,OTRAS,8.4,10,7.8,8
Entrevistado_2258,Entrevistado_2258,TUXTLA GUTIÉRREZ,SUR,Primera mención,OTRAS,8.4,10,4,4
Entrevistado_2259,Entrevistado_2259,AGUASCALIENTES,BAJIO,Primera mención,UVM,8.4,7,10,9
Entrevistado_2260,Entrevistado_2260,GUADALAJARA,BAJIO,Primera mención,OTRAS,8.4,6,5,8
Entrevistado_2261,Entrevistado_2261,IRAPUATO,BAJIO,Primera mención,OTRAS,8,8,10,5
Entrevistado_2262,Entrevistado_2262,LOS MOCHIS,OCCIDENTE,Primera mención,OTRAS,8.4,6,7.8,4
Entrevistado_2263,Entrevistado_2263,GUADALAJARA,BAJIO,Primera mención,OTRAS,9,6,7.8,8
Entrevistado_2264,Entrevistado_2264,TEPIC,OCCIDENTE,Primera mención,OTRAS,8.4,9,7,8
Entrevistado_2265,Entrevistado_2265,CIUDAD DE MÉXICO,CENTRO,Primera mención,OTRAS,8.4,6,2,8
Entrevistado_2266,Entrevistado_2266,PUEBLA,CENTRO,Primera mención,OTRAS,10,8,2,8
Entrevistado_2267,Entrevistado_2267,CANCÚN,SUR,Primera mención,OTRAS,9,8,7.8,8
Entrevistado_2268,Entrevistado_2268,GUADALAJARA,BAJIO,Primera mención,OTRAS,9,8,1,10
Entrevistado_2269,Entrevistado_2269,PUEBLA,CENTRO,Primera mención,OTRAS,10,8,7.8,6
Entrevistado_2270,Entrevistado_2270,PUEBLA,CENTRO,Primera mención,OTRAS,8,8,10,10
Entrevistado_2271,Entrevistado_2271,HERMOSILLO,OCCIDENTE,Primera mención,OTRAS,8.4,7,7.8,8
Entrevistado_2272,Entrevistado_2272,QUERÉTARO,CENTRO,Primera mención,OTRAS,8.4,10,5,8
Entrevistado_2273,Entrevistado_2273,QUERÉTARO,CENTRO,Primera mención,OTRAS,10,8,10,9
Entrevistado_2274,Entrevistado_2274,MORELIA,BAJIO,Primera mención,OTRAS,8,8,10,5
Entrevistado_2275,Entrevistado_2275,CIUDAD DE MÉXICO,CENTRO,Primera mención,OTRAS,9,1,4,8
Entrevistado_2276,Entrevistado_2276,GUADALAJARA,BAJIO,Primera mención,OTRAS,6,10,6,8
Entrevistado_2277,Entrevistado_2277,MORELIA,BAJIO,Primera mención,OTRAS,9,8,7,8
Entrevistado_2278,Entrevistado_2278,TUXTLA GUTIÉRREZ,SUR,Primera mención,OTRAS,7,6,4,9
Entrevistado_2279,Entrevistado_2279,LEÓN,BAJIO,Primera mención,OTRAS,10,8,7.8,8
Entrevistado_2280,Entrevistado_2280,GUADALAJARA,BAJIO,Primera mención,UVM,10,4,6,8
Entrevistado_2281,Entrevistado_2281,GUADALAJARA,BAJIO,Primera mención,OTRAS,9,8,7.8,6
Entrevistado_2282,Entrevistado_2282,GUADALAJARA,BAJIO,Primera mención,UVM,10,10,7.8,8
Entrevistado_2283,Entrevistado_2283,COATZACOALCOS,SUR,Primera mención,OTRAS,8.4,7,7.8,8
Entrevistado_2284,Entrevistado_2284,LEÓN,BAJIO,Primera mención,OTRAS,9,10,7.8,8
Entrevistado_2285,Entrevistado_2285,MÉRIDA,SUR,Primera mención,OTRAS,10,10,7.8,10
Entrevistado_2286,Entrevistado_2286,CIUDAD DE MÉXICO,CENTRO,Primera mención,ITESM,8.4,8,1,2
Entrevistado_2287,Entrevistado_2287,AGUASCALIENTES,BAJIO,Primera mención,OTRAS,6,10,7.8,10
Entrevistado_2288,Entrevistado_2288,GUADALAJARA,BAJIO,Primera mención,OTRAS,8.4,8,7,6
Entrevistado_2289,Entrevistado_2289,MEXICALI,OCCIDENTE,Primera mención,OTRAS,6,8,7.8,8
Entrevistado_2290,Entrevistado_2290,VILLAHERMOSA,SUR,Primera mención,OTRAS,8,10,10,8
Entrevistado_2291,Entrevistado_2291,CIUDAD DE MÉXICO,CENTRO,Primera mención,OTRAS,8.4,8,6,8
Entrevistado_2292,Entrevistado_2292,VILLAHERMOSA,SUR,Primera mención,UVM,8.4,5,7.8,10
Entrevistado_2293,Entrevistado_2293,LEÓN,BAJIO,Primera mención,OTRAS,8,6,7.8,8
Entrevistado_2294,Entrevistado_2294,PUEBLA,CENTRO,Primera mención,OTRAS,5,5,7.8,6
Entrevistado_2295,Entrevistado_2295,AGUASCALIENTES,BAJIO,Primera mención,OTRAS,9,5,7,10
Entrevistado_2296,Entrevistado_2296,MORELIA,BAJIO,Primera mención,OTRAS,8.4,10,10,8
Entrevistado_2297,Entrevistado_2297,CULIACÁN,OCCIDENTE,Primera mención,ITESM,9,8,7.8,10
Entrevistado_2298,Entrevistado_2298,COATZACOALCOS,SUR,Primera mención,OTRAS,9,10,8,8
Entrevistado_2299,Entrevistado_2299,GUADALAJARA,BAJIO,Primera mención,OTRAS,10,10,7.8,7
Entrevistado_2300,Entrevistado_2300,CULIACÁN,OCCIDENTE,Primera mención,ITESM,6,8,6,8
Entrevistado_2301,Entrevistado_2301,PUEBLA,CENTRO,Primera mención,OTRAS,7,7,10,7
Entrevistado_2302,Entrevistado_2302,CULIACÁN,OCCIDENTE,Primera mención,OTRAS,8.4,8,8,8
Entrevistado_2303,Entrevistado_2303,TUXTLA GUTIÉRREZ,SUR,Primera mención,OTRAS,6,8,7,3
Entrevistado_2304,Entrevistado_2304,TUXTLA GUTIÉRREZ,SUR,Primera mención,OTRAS,6,10,4,8
Entrevistado_2305,Entrevistado_2305,MÉRIDA,SUR,Primera mención,OTRAS,8,7,7.8,10
Entrevistado_2306,Entrevistado_2306,COATZACOALCOS,SUR,Primera mención,OTRAS,10,8,10,8
Entrevistado_2307,Entrevistado_2307,TUXTLA GUTIÉRREZ,SUR,Primera mención,OTRAS,10,7,10,10
Entrevistado_2308,Entrevistado_2308,HERMOSILLO,OCCIDENTE,Primera mención,ITESM,10,8,7.8,9
Entrevistado_2309,Entrevistado_2309,CIUDAD DE MÉXICO,CENTRO,Primera mención,ITESM,5,8,5,8
Entrevistado_2310,Entrevistado_2310,COATZACOALCOS,SUR,Primera mención,OTRAS,9,4,1,8
Entrevistado_2311,Entrevistado_2311,GUADALAJARA,BAJIO,Primera mención,OTRAS,8.4,10,7.8,8
Entrevistado_2312,Entrevistado_2312,CIUDAD DE MÉXICO,CENTRO,Primera mención,UVM,7,8,7.8,10
Entrevistado_2313,Entrevistado_2313,MONTERREY,NORTE,Primera mención,ITESM,10,10,7.8,4
Entrevistado_2314,Entrevistado_2314,LOS MOCHIS,OCCIDENTE,Primera mención,OTRAS,8.4,10,7.8,8
Entrevistado_2315,Entrevistado_2315,MORELIA,BAJIO,Primera mención,OTRAS,8.4,10,3,8
Entrevistado_2316,Entrevistado_2316,ZAMORA,BAJIO,Primera mención,OTRAS,8.4,8,7.8,8
Entrevistado_2317,Entrevistado_2317,HERMOSILLO,OCCIDENTE,Primera mención,UVM,4,8,3,8
Entrevistado_2318,Entrevistado_2318,COATZACOALCOS,SUR,Primera mención,OTRAS,6,9,6,8
Entrevistado_2319,Entrevistado_2319,ZAMORA,BAJIO,Primera mención,OTRAS,10,8,7.8,9
Entrevistado_2320,Entrevistado_2320,MONTERREY,NORTE,Primera mención,ITESM,8,8,10,8
Entrevistado_2321,Entrevistado_2321,CD. OBREGÓN,OCCIDENTE,Primera mención,OTRAS,10,8,6,8
Entrevistado_2322,Entrevistado_2322,CÓRDOBA,ORIENTE,Primera mención,ITESM,6,8,9,8
Entrevistado_2323,Entrevistado_2323,CULIACÁN,OCCIDENTE,Primera mención,OTRAS,8.4,8,7,1
Entrevistado_2324,Entrevistado_2324,GUADALAJARA,BAJIO,Primera mención,OTRAS,8.4,10,9,10
Entrevistado_2325,Entrevistado_2325,MORELIA,BAJIO,Primera mención,OTRAS,5,8,7.8,4
Entrevistado_2326,Entrevistado_2326,GUADALAJARA,BAJIO,Primera mención,ITESM,7,6,10,8
Entrevistado_2327,Entrevistado_2327,GUADALAJARA,BAJIO,Primera mención,OTRAS,10,7,4,9
Entrevistado_2328,Entrevistado_2328,TEPIC,OCCIDENTE,Primera mención,OTRAS,9,8,7.8,9
Entrevistado_2329,Entrevistado_2329,COATZACOALCOS,SUR,Primera mención,OTRAS,7,8,7.8,8
Entrevistado_2330,Entrevistado_2330,GUADALAJARA,BAJIO,Primera mención,OTRAS,10,6,7.8,9
Entrevistado_2331,Entrevistado_2331,MORELIA,BAJIO,Primera mención,OTRAS,8.4,8,10,9
Entrevistado_2332,Entrevistado_2332,GUADALAJARA,BAJIO,Primera mención,OTRAS,6,10,4,9
Entrevistado_2333,Entrevistado_2333,TUXTLA GUTIÉRREZ,SUR,Primera mención,UVM,8,1,10,9
Entrevistado_2334,Entrevistado_2334,GUADALAJARA,BAJIO,Primera mención,OTRAS,9,10,9,8
Entrevistado_2335,Entrevistado_2335,COATZACOALCOS,SUR,Primera mención,OTRAS,8,8,7.8,10
Entrevistado_2336,Entrevistado_2336,GUADALAJARA,BAJIO,Primera mención,OTRAS,10,9,7.8,4
Entrevistado_2337,Entrevistado_2337,MORELIA,BAJIO,Primera mención,OTRAS,8,9,7.8,8
Entrevistado_2338,Entrevistado_2338,MORELIA,BAJIO,Primera mención,OTRAS,10,8,9,10
Entrevistado_2339,Entrevistado_2339,CULIACÁN,OCCIDENTE,Primera mención,OTRAS,10,7,10,8
Entrevistado_2340,Entrevistado_2340,LEÓN,BAJIO,Primera mención,OTRAS,10,8,3,10
Entrevistado_2341,Entrevistado_2341,GUADALAJARA,BAJIO,Primera mención,ITESM,8,10,8,10
Entrevistado_2342,Entrevistado_2342,TUXTLA GUTIÉRREZ,SUR,Primera mención,OTRAS,8.4,6,9,8
Entrevistado_2343,Entrevistado_2343,MEXICALI,OCCIDENTE,Primera mención,UVM,8.4,10,6,10
Entrevistado_2344,Entrevistado_2344,GUADALAJARA,BAJIO,Primera mención,OTRAS,7,7,7.8,8
Entrevistado_2345,Entrevistado_2345,IRAPUATO,BAJIO,Primera mención,OTRAS,10,9,9,7
Entrevistado_2346,Entrevistado_2346,MORELIA,BAJIO,Primera mención,OTRAS,8,7,10,8
Entrevistado_2347,Entrevistado_2347,LA PAZ,OCCIDENTE,Primera mención,OTRAS,7,8,7.8,9
Entrevistado_2348,Entrevistado_2348,QUERÉTARO,CENTRO,Primera mención,OTRAS,8.4,7,6,8
Entrevistado_2349,Entrevistado_2349,GUADALAJARA,BAJIO,Primera mención,OTRAS,10,4,7.8,4
Entrevistado_2350,Entrevistado_2350,QUERÉTARO,CENTRO,Primera mención,ANÁHUAC,8,8,3,4
Entrevistado_2351,Entrevistado_2351,MEXICALI,OCCIDENTE,Primera mención,OTRAS,8.4,10,6,8
Entrevistado_2352,Entrevistado_2352,VILLAHERMOSA,SUR,Primera mención,OTRAS,9,10,7.8,8
Entrevistado_2353,Entrevistado_2353,GUADALAJARA,BAJIO,Primera mención,ITESM,8,8,7.8,9
Entrevistado_2354,Entrevistado_2354,COATZACOALCOS,SUR,Primera mención,OTRAS,10,2,10,10
Entrevistado_2355,Entrevistado_2355,GUADALAJARA,BAJIO,Primera mención,OTRAS,9,8,2,8
Entrevistado_2356,Entrevistado_2356,MONTERREY,NORTE,Primera mención,ITESM,10,6,7.8,6
Entrevistado_2357,Entrevistado_2357,MONTERREY,NORTE,Primera mención,ITESM,6,8,9,8
Entrevistado_2358,Entrevistado_2358,TUXTLA GUTIÉRREZ,SUR,Primera mención,OTRAS,8.4,8,10,5
Entrevistado_2359,Entrevistado_2359,LA PAZ,OCCIDENTE,Primera mención,OTRAS,8,8,8,8
Entrevistado_2360,Entrevistado_2360,GUADALAJARA,BAJIO,Primera mención,OTRAS,10,10,7.8,9
Entrevistado_2361,Entrevistado_2361,MAZATLÁN,OCCIDENTE,Primera mención,OTRAS,10,8,7.8,9
Entrevistado_2362,Entrevistado_2362,GUADALAJARA,BAJIO,Primera mención,OTRAS,8.4,8,8,10
Entrevistado_2363,Entrevistado_2363,HERMOSILLO,OCCIDENTE,Primera mención,UVM,8,9,9,8
Entrevistado_2364,Entrevistado_2364,AGUASCALIENTES,BAJIO,Primera mención,OTRAS,10,8,8,10
Entrevistado_2365,Entrevistado_2365,MORELIA,BAJIO,Primera mención,OTRAS,7,4,7.8,1
Entrevistado_2366,Entrevistado_2366,TUXTLA GUTIÉRREZ,SUR,Primera mención,OTRAS,10,10,7.8,10
Entrevistado_2367,Entrevistado_2367,CIUDAD DE MÉXICO,CENTRO,Primera mención,UVM,8.4,10,7.8,8
Entrevistado_2368,Entrevistado_2368,VILLAHERMOSA,SUR,Primera mención,OTRAS,8.4,5,7.8,5
Entrevistado_2369,Entrevistado_2369,HERMOSILLO,OCCIDENTE,Primera mención,OTRAS,9,8,5,7
Entrevistado_2370,Entrevistado_2370,CIUDAD DE MÉXICO,CENTRO,Primera mención,OTRAS,8.4,10,10,9
Entrevistado_2371,Entrevistado_2371,VILLAHERMOSA,SUR,Primera mención,UVM,8,8,6,8
Entrevistado_2372,Entrevistado_2372,PUEBLO NUEVO,ORIENTE,Primera mención,OTRAS,9,7,6,8
Entrevistado_2373,Entrevistado_2373,LEÓN,BAJIO,Primera mención,ITESM,9,9,10,5
Entrevistado_2374,Entrevistado_2374,GUADALAJARA,BAJIO,Primera mención,OTRAS,8,8,5,8
Entrevistado_2375,Entrevistado_2375,VILLAHERMOSA,SUR,Primera mención,UVM,10,6,1,8
Entrevistado_2376,Entrevistado_2376,PUEBLA,CENTRO,Primera mención,OTRAS,10,8,7,3
Entrevistado_2377,Entrevistado_2377,VERACRUZ,ORIENTE,Primera mención,OTRAS,8.4,8,6,8
Entrevistado_2378,Entrevistado_2378,AGUASCALIENTES,BAJIO,Primera mención,OTRAS,8.4,8,10,5
Entrevistado_2379,Entrevistado_2379,MEXICALI,OCCIDENTE,Primera mención,OTRAS,5,8,1,10
Entrevistado_2380,Entrevistado_2380,LEÓN,BAJIO,Primera mención,OTRAS,8.4,5,6,4
Entrevistado_2381,Entrevistado_2381,TEPIC,OCCIDENTE,Primera mención,OTRAS,8,8,7.8,9
Entrevistado_2382,Entrevistado_2382,QUERÉTARO,CENTRO,Primera mención,UVM,6,8,10,7
Entrevistado_2383,Entrevistado_2383,HERMOSILLO,OCCIDENTE,Primera mención,ITESM,10,8,7.8,8
Entrevistado_2384,Entrevistado_2384,MORELIA,BAJIO,Primera mención,OTRAS,8,7,5,8
Entrevistado_2385,Entrevistado_2385,MAZATLÁN,OCCIDENTE,Primera mención,OTRAS,10,5,7.8,10
Entrevistado_2386,Entrevistado_2386,TEPIC,OCCIDENTE,Primera mención,OTRAS,8.4,7,7.8,7
Entrevistado_2387,Entrevistado_2387,CIUDAD DE MÉXICO,CENTRO,Primera mención,UVM,10,4,7.8,8
Entrevistado_2388,Entrevistado_2388,TUXTLA GUTIÉRREZ,SUR,Primera mención,OTRAS,9,8,7.8,7
Entrevistado_2389,Entrevistado_2389,CD. OBREGÓN,OCCIDENTE,Primera mención,OTRAS,9,6,7.8,8
Entrevistado_2390,Entrevistado_2390,VILLAHERMOSA,SUR,Primera mención,OTRAS,8,8,10,8
Entrevistado_2391,Entrevistado_2391,AGUASCALIENTES,BAJIO,Primera mención,OTRAS,8,10,7,8
Entrevistado_2392,Entrevistado_2392,MONTERREY,NORTE,Primera mención,ITESM,9,5,9,3
Entrevistado_2393,Entrevistado_2393,COATZACOALCOS,SUR,Primera mención,OTRAS,8.4,8,6,5
Entrevistado_2394,Entrevistado_2394,HERMOSILLO,OCCIDENTE,Primera mención,OTRAS,8,8,7.8,8
Entrevistado_2395,Entrevistado_2395,GUADALAJARA,BAJIO,Primera mención,OTRAS,7,10,7.8,8
Entrevistado_2396,Entrevistado_2396,MEXICALI,OCCIDENTE,Primera mención,OTRAS,8,8,7.8,8
Entrevistado_2397,Entrevistado_2397,TEPIC,OCCIDENTE,Primera mención,OTRAS,8.4,8,10,4
Entrevistado_2398,Entrevistado_2398,AGUASCALIENTES,BAJIO,Primera mención,OTRAS,8.4,8,7.8,10
Entrevistado_2399,Entrevistado_2399,TIJUANA,OCCIDENTE,Primera mención,OTRAS,10,1,7.8,8
Entrevistado_2400,Entrevistado_2400,TEPIC,OCCIDENTE,Primera mención,OTRAS,10,8,7.8,7
Entrevistado_2401,Entrevistado_2401,COATZACOALCOS,SUR,Primera mención,OTRAS,6,10,7.8,8
Entrevistado_2402,Entrevistado_2402,GUADALAJARA,BAJIO,Primera mención,OTRAS,10,10,10,10
Entrevistado_2403,Entrevistado_2403,LEÓN,BAJIO,Primera mención,OTRAS,10,7,4,5
Entrevistado_2404,Entrevistado_2404,MAZATLÁN,OCCIDENTE,Primera mención,OTRAS,9,6,7.8,8
Entrevistado_2405,Entrevistado_2405,GUADALAJARA,BAJIO,Primera mención,OTRAS,10,9,7.8,8
Entrevistado_2406,Entrevistado_2406,GUADALAJARA,BAJIO,Primera mención,OTRAS,10,8,3,8
Entrevistado_2407,Entrevistado_2407,TEPIC,OCCIDENTE,Primera mención,OTRAS,8.4,8,5,10
Entrevistado_2408,Entrevistado_2408,GUADALAJARA,BAJIO,Primera mención,OTRAS,8.4,8,7,4
Entrevistado_2409,Entrevistado_2409,HERMOSILLO,OCCIDENTE,Primera mención,OTRAS,6,10,7.8,10
Entrevistado_2410,Entrevistado_2410,PUEBLO NUEVO,ORIENTE,Primera mención,OTRAS,8,7,5,10
Entrevistado_2411,Entrevistado_2411,VILLAHERMOSA,SUR,Primera mención,OTRAS,7,10,9,8
Entrevistado_2412,Entrevistado_2412,CIUDAD DE MÉXICO,CENTRO,Primera mención,UVM,8,8,8,5
Entrevistado_2413,Entrevistado_2413,TUXTLA GUTIÉRREZ,SUR,Primera mención,UVM,10,4,7.8,8
Entrevistado_2414,Entrevistado_2414,MORELIA,BAJIO,Primera mención,OTRAS,8.4,8,7.8,7
Entrevistado_2415,Entrevistado_2415,PUEBLA,CENTRO,Primera mención,OTRAS,8,6,10,8
Entrevistado_2416,Entrevistado_2416,IRAPUATO,BAJIO,Primera mención,OTRAS,10,8,7.8,8
Entrevistado_2417,Entrevistado_2417,AGUASCALIENTES,BAJIO,Primera mención,OTRAS,8.4,10,6,3
Entrevistado_2418,Entrevistado_2418,TEPIC,OCCIDENTE,Primera mención,OTRAS,8.4,8,6,6
Entrevistado_2419,Entrevistado_2419,GUADALAJARA,BAJIO,Primera mención,ITESM,10,10,7.8,8
Entrevistado_2420,Entrevistado_2420,MORELIA,BAJIO,Primera mención,OTRAS,7,10,8,7
Entrevistado_2421,Entrevistado_2421,GUADALAJARA,BAJIO,Primera mención,OTRAS,8.4,1,7.8,10
Entrevistado_2422,Entrevistado_2422,VILLAHERMOSA,SUR,Primera mención,UVM,7,8,10,9
Entrevistado_2423,Entrevistado_2423,VILLAHERMOSA,SUR,Primera mención,OTRAS,10,1,7.8,5
Entrevistado_2424,Entrevistado_2424,TEPIC,OCCIDENTE,Primera mención,OTRAS,4,8,7.8,2
Entrevistado_2425,Entrevistado_2425,GUADALAJARA,BAJIO,Primera mención,OTRAS,7,8,7.8,7
Entrevistado_2426,Entrevistado_2426,HERMOSILLO,OCCIDENTE,Primera mención,OTRAS,8.4,9,7.8,8
Entrevistado_2427,Entrevistado_2427,VILLAHERMOSA,SUR,Primera mención,OTRAS,8.4,8,10,9
Entrevistado_2428,Entrevistado_2428,CIUDAD DE MÉXICO,CENTRO,Primera mención,ITESM,10,10,1,8
Entrevistado_2429,Entrevistado_2429,GUADALAJARA,BAJIO,Primera mención,OTRAS,8.4,8,7.8,10
Entrevistado_2430,Entrevistado_2430,MORELIA,BAJIO,Primera mención,OTRAS,7,3,4,8
Entrevistado_2431,Entrevistado_2431,GUADALAJARA,BAJIO,Primera mención,OTRAS,6,4,7.8,10
Entrevistado_2432,Entrevistado_2432,GUADALAJARA,BAJIO,Primera mención,OTRAS,8.4,8,2,10
Entrevistado_2433,Entrevistado_2433,CULIACÁN,OCCIDENTE,Primera mención,OTRAS,8,10,7.8,8
Entrevistado_2434,Entrevistado_2434,VILLAHERMOSA,SUR,Primera mención,OTRAS,10,9,7.8,6
Entrevistado_2435,Entrevistado_2435,MAZATLÁN,OCCIDENTE,Primera mención,OTRAS,7,9,7.8,8
Entrevistado_2436,Entrevistado_2436,COATZACOALCOS,SUR,Primera mención,OTRAS,10,10,7.8,8
Entrevistado_2437,Entrevistado_2437,CIUDAD DE MÉXICO,CENTRO,Primera mención,OTRAS,8,10,7.8,9
Entrevistado_2438,Entrevistado_2438,GUADALAJARA,BAJIO,Primera mención,OTRAS,8.4,7,7.8,8
Entrevistado_2439,Entrevistado_2439,MONTERREY,NORTE,Primera mención,ITESM,8.4,8,1,6
Entrevistado_2440,Entrevistado_2440,VILLAHERMOSA,SUR,Primera mención,UVM,9,8,1,4
Entrevistado_2441,Entrevistado_2441,TEPIC,OCCIDENTE,Primera mención,OTRAS,10,7,10,10
Entrevistado_2442,Entrevistado_2442,CD. OBREGÓN,OCCIDENTE,Primera mención,OTRAS,8.4,8,7.8,7
Entrevistado_2443,Entrevistado_2443,GUADALAJARA,BAJIO,Primera mención,ITESM,10,8,3,8
Entrevistado_2444,Entrevistado_2444,CULIACÁN,OCCIDENTE,Primera mención,OTRAS,7,8,9,10
Entrevistado_2445,Entrevistado_2445,HERMOSILLO,OCCIDENTE,Primera mención,OTRAS,10,8,7.8,10
Entrevistado_2446,Entrevistado_2446,GUADALAJARA,BAJIO,Primera mención,ITESM,10,8,7,10
Entrevistado_2447,Entrevistado_2447,MONTERREY,NORTE,Primera mención,ITESM,8,9,9,8
Entrevistado_2448,Entrevistado_2448,MORELIA,BAJIO,Primera mención,OTRAS,10,8,7.8,8
Entrevistado_2449,Entrevistado_2449,MONTERREY,NORTE,Primera mención,OTRAS,6,8,6,8
Entrevistado_2450,Entrevistado_2450,TEPIC,OCCIDENTE,Primera mención,OTRAS,8.4,8,7.8,6
Entrevistado_2451,Entrevistado_2451,GUADALAJARA,BAJIO,Primera mención,OTRAS,7,10,7.8,8
Entrevistado_2452,Entrevistado_2452,TIJUANA,OCCIDENTE,Primera mención,OTRAS,9,8,7.8,10
Entrevistado_2453,Entrevistado_2453,PUEBLA,CENTRO,Primera mención,OTRAS,6,10,7.8,8
Entrevistado_2454,Entrevistado_2454,MORELIA,BAJIO,Primera mención,OTRAS,8,10,10,8
Entrevistado_2455,Entrevistado_2455,GUADALAJARA,BAJIO,Primera mención,OTRAS,7,9,8,9
Entrevistado_2456,Entrevistado_2456,CIUDAD DE MÉXICO,CENTRO,Primera mención,OTRAS,8.4,4,6,8
Entrevistado_2457,Entrevistado_2457,TEPIC,OCCIDENTE,Primera mención,OTRAS,10,7,3,7
Entrevistado_2458,Entrevistado_2458,GUADALAJARA,BAJIO,Primera mención,OTRAS,5,10,6,5
Entrevistado_2459,Entrevistado_2459,TEPIC,OCCIDENTE,Primera mención,OTRAS,7,5,7.8,10
Entrevistado_2460,Entrevistado_2460,MORELIA,BAJIO,Primera mención,OTRAS,10,6,3,8
Entrevistado_2461,Entrevistado_2461,GUADALAJARA,BAJIO,Primera mención,OTRAS,8.4,8,5,8
Entrevistado_2462,Entrevistado_2462,PUEBLA,CENTRO,Primera mención,OTRAS,9,8,10,8
Entrevistado_2463,Entrevistado_2463,GUADALAJARA,BAJIO,Primera mención,OTRAS,6,4,7.8,8
Entrevistado_2464,Entrevistado_2464,MORELIA,BAJIO,Primera mención,OTRAS,6,8,3,7
Entrevistado_2465,Entrevistado_2465,TEPIC,OCCIDENTE,Primera mención,OTRAS,6,8,5,10
Entrevistado_2466,Entrevistado_2466,TEPIC,OCCIDENTE,Primera mención,OTRAS,8,9,7.8,8
Entrevistado_2467,Entrevistado_2467,ENSENADA,OCCIDENTE,Primera mención,OTRAS,9,10,7.8,10
Entrevistado_2468,Entrevistado_2468,GUADALAJARA,BAJIO,Primera mención,OTRAS,6,6,7.8,9
Entrevistado_2469,Entrevistado_2469,MAZATLÁN,OCCIDENTE,Primera mención,OTRAS,9,8,7.8,8
Entrevistado_2470,Entrevistado_2470,HERMOSILLO,OCCIDENTE,Primera mención,OTRAS,10,10,7.8,10
Entrevistado_2471,Entrevistado_2471,GUADALAJARA,BAJIO,Primera mención,OTRAS,10,2,3,5
Entrevistado_2472,Entrevistado_2472,VILLAHERMOSA,SUR,Primera mención,OTRAS,6,8,7,8
Entrevistado_2473,Entrevistado_2473,COATZACOALCOS,SUR,Primera mención,OTRAS,10,8,7.8,6
Entrevistado_2474,Entrevistado_2474,AGUASCALIENTES,BAJIO,Primera mención,UVM,8.4,8,10,3
Entrevistado_2475,Entrevistado_2475,TUXTLA GUTIÉRREZ,SUR,Primera mención,OTRAS,8.4,9,7,8
Entrevistado_2476,Entrevistado_2476,GUADALAJARA,BAJIO,Primera mención,OTRAS,7,5,10,7
Entrevistado_2477,Entrevistado_2477,MORELIA,BAJIO,Primera mención,OTRAS,10,7,7.8,8
Entrevistado_2478,Entrevistado_2478,VILLAHERMOSA,SUR,Primera mención,OTRAS,9,10,10,8
Entrevistado_2479,Entrevistado_2479,TIJUANA,OCCIDENTE,Primera mención,OTRAS,8,10,6,8
Entrevistado_2480,Entrevistado_2480,MORELIA,BAJIO,Primera mención,ITESM,8.4,8,7.8,6
Entrevistado_2481,Entrevistado_2481,GUADALAJARA,BAJIO,Primera mención,OTRAS,5,7,8,8
Entrevistado_2482,Entrevistado_2482,TEPIC,OCCIDENTE,Primera mención,OTRAS,7,10,9,8
Entrevistado_2483,Entrevistado_2483,TEPIC,OCCIDENTE,Primera mención,OTRAS,8.4,10,7.8,8
Entrevistado_2484,Entrevistado_2484,TEPIC,OCCIDENTE,Primera mención,OTRAS,6,10,7.8,8
Entrevistado_2485,Entrevistado_2485,TEPIC,OCCIDENTE,Primera mención,OTRAS,8,8,7.8,8
Entrevistado_2486,Entrevistado_2486,QUERÉTARO,CENTRO,Primera mención,UVM,8,2,8,8
Entrevistado_2487,Entrevistado_2487,MEXICALI,OCCIDENTE,Primera mención,OTRAS,9,8,7.8,8
Entrevistado_2488,Entrevistado_2488,IRAPUATO,BAJIO,Primera mención,OTRAS,10,8,3,6
Entrevistado_2489,Entrevistado_2489,GUADALAJARA,BAJIO,Primera mención,ITESM,10,6,6,8
Entrevistado_2490,Entrevistado_2490,COATZACOALCOS,SUR,Primera mención,OTRAS,8.4,2,3,8
Entrevistado_2491,Entrevistado_2491,MAZATLÁN,OCCIDENTE,Primera mención,OTRAS,10,8,10,8
Entrevistado_2492,Entrevistado_2492,CULIACÁN,OCCIDENTE,Primera mención,OTRAS,10,10,10,8
Entrevistado_2493,Entrevistado_2493,LA PAZ,OCCIDENTE,Primera mención,OTRAS,8.4,8,10,8
Entrevistado_2494,Entrevistado_2494,GUADALAJARA,BAJIO,Primera mención,OTRAS,6,7,7.8,8
Entrevistado_2495,Entrevistado_2495,LEÓN,BAJIO,Primera mención,OTRAS,10,10,1,8
Entrevistado_2496,Entrevistado_2496,TUXTLA GUTIÉRREZ,SUR,Primera mención,UVM,9,10,7.8,7
Entrevistado_2497,Entrevistado_2497,MORELIA,BAJIO,Primera mención,OTRAS,7,7,7,8
Entrevistado_2498,Entrevistado_2498,HERMOSILLO,OCCIDENTE,Primera mención,OTRAS,6,10,1,8
Entrevistado_2499,Entrevistado_2499,GUADALAJARA,BAJIO,Primera mención,OTRAS,7,8,7.8,8
Entrevistado_2500,Entrevistado_2500,LA PAZ,OCCIDENTE,Primera mención,OTRAS,7,8,7.8,8
Entrevistado_2501,Entrevistado_2501,LA PAZ,OCCIDENTE,Primera mención,OTRAS,6,8,7.8,9
Entrevistado_2502,Entrevistado_2502,GUADALAJARA,BAJIO,Primera mención,OTRAS,8.4,4,7.8,8
Entrevistado_2503,Entrevistado_2503,AGUASCALIENTES,BAJIO,Primera mención,OTRAS,8,8,7.8,8
Entrevistado_2504,Entrevistado_2504,TEPIC,OCCIDENTE,Primera mención,OTRAS,9,9,7.8,8
Entrevistado_2505,Entrevistado_2505,CULIACÁN,OCCIDENTE,Primera mención,OTRAS,10,5,7.8,10
Entrevistado_2506,Entrevistado_2506,CULIACÁN,OCCIDENTE,Primera mención,OTRAS,8.4,10,7.8,10
Entrevistado_2507,Entrevistado_2507,QUERÉTARO,CENTRO,Primera mención,UVM,8,8,10,10
Entrevistado_2508,Entrevistado_2508,GUADALAJARA,BAJIO,Primera mención,OTRAS,7,8,7.8,5
Entrevistado_2509,Entrevistado_2509,IRAPUATO,BAJIO,Primera mención,OTRAS,10,8,4,8
Entrevistado_2510,Entrevistado_2510,GUADALAJARA,BAJIO,Primera mención,OTRAS,8.4,9,7.8,10
Entrevistado_2511,Entrevistado_2511,VILLAHERMOSA,SUR,Primera mención,OTRAS,8.4,5,6,10
Entrevistado_2512,Entrevistado_2512,LEÓN,BAJIO,Primera mención,OTRAS,10,6,8,10
Entrevistado_2513,Entrevistado_2513,COATZACOALCOS,SUR,Primera mención,OTRAS,9,8,1,8
Entrevistado_2514,Entrevistado_2514,HERMOSILLO,OCCIDENTE,Primera mención,OTRAS,7,8,9,8
Entrevistado_2515,Entrevistado_2515,MORELIA,BAJIO,Primera mención,OTRAS,8.4,10,7.8,8
Entrevistado_2516,Entrevistado_2516,CULIACÁN,OCCIDENTE,Primera mención,OTRAS,6,7,7.8,9
Entrevistado_2517,Entrevistado_2517,QUERÉTARO,CENTRO,Primera mención,UVM,8.4,9,7.8,8
Entrevistado_2518,Entrevistado_2518,VILLAHERMOSA,SUR,Primera mención,OTRAS,10,1,10,8
Entrevistado_2519,Entrevistado_2519,HERMOSILLO,OCCIDENTE,Primera mención,ITESM,8,8,10,2
Entrevistado_2520,Entrevistado_2520,MORELIA,BAJIO,Primera mención,OTRAS,8,4,7.8,9
Entrevistado_2521,Entrevistado_2521,GUADALAJARA,BAJIO,Primera mención,OTRAS,6,8,7.8,8
Entrevistado_2522,Entrevistado_2522,LOS CABOS,OCCIDENTE,Primera mención,OTRAS,8,8,7.8,8
Entrevistado_2523,Entrevistado_2523,QUERÉTARO,CENTRO,Primera mención,ANÁHUAC,6,10,6,8
Entrevistado_2524,Entrevistado_2524,LEÓN,BAJIO,Primera mención,OTRAS,8.4,10,7.8,10
Entrevistado_2525,Entrevistado_2525,CIUDAD DE MÉXICO,CENTRO,Primera mención,OTRAS,10,8,10,8
Entrevistado_2526,Entrevistado_2526,GUADALAJARA,BAJIO,Primera mención,OTRAS,7,10,10,6
Entrevistado_2527,Entrevistado_2527,CIUDAD DE MÉXICO,CENTRO,Primera mención,OTRAS,7,8,7.8,8
Entrevistado_2528,Entrevistado_2528,GUADALAJARA,BAJIO,Primera mención,OTRAS,10,7,7.8,8
Entrevistado_2529,Entrevistado_2529,GUADALAJARA,BAJIO,Primera mención,OTRAS,8.4,3,4,9
Entrevistado_2530,Entrevistado_2530,ZAMORA,BAJIO,Primera mención,OTRAS,10,8,10,7
Entrevistado_2531,Entrevistado_2531,HERMOSILLO,OCCIDENTE,Primera mención,ITESM,8.4,10,10,10
Entrevistado_2532,Entrevistado_2532,GUADALAJARA,BAJIO,Primera mención,OTRAS,7,6,5,8
Entrevistado_2533,Entrevistado_2533,CULIACÁN,OCCIDENTE,Primera mención,ITESM,10,8,10,8
Entrevistado_2534,Entrevistado_2534,MÉRIDA,SUR,Primera mención,OTRAS,10,9,10,8
Entrevistado_2535,Entrevistado_2535,COATZACOALCOS,SUR,Primera mención,OTRAS,8.4,7,10,4
Entrevistado_2536,Entrevistado_2536,MÉRIDA,SUR,Primera mención,ANÁHUAC,8.4,8,4,10
Entrevistado_2537,Entrevistado_2537,MAZATLÁN,OCCIDENTE,Primera mención,OTRAS,9,10,3,8
Entrevistado_2538,Entrevistado_2538,MONTERREY,NORTE,Primera mención,ITESM,7,9,9,8
Entrevistado_2539,Entrevistado_2539,GUADALAJARA,BAJIO,Primera mención,OTRAS,10,8,7,4
Entrevistado_2540,Entrevistado_2540,CULIACÁN,OCCIDENTE,Primera mención,ITESM,10,8,7.8,3
Entrevistado_2541,Entrevistado_2541,TEPIC,OCCIDENTE,Primera mención,OTRAS,8,3,10,8
Entrevistado_2542,Entrevistado_2542,MORELIA,BAJIO,Primera mención,OTRAS,8.4,10,6,1
Entrevistado_2543,Entrevistado_2543,TIJUANA,OCCIDENTE,Primera mención,OTRAS,10,9,7.8,8
Entrevistado_2544,Entrevistado_2544,MORELIA,BAJIO,Primera mención,OTRAS,8.4,6,8,6
Entrevistado_2545,Entrevistado_2545,IRAPUATO,BAJIO,Primera mención,OTRAS,8.4,8,6,8
Entrevistado_2546,Entrevistado_2546,GUADALAJARA,BAJIO,Primera mención,OTRAS,7,6,1,8
Entrevistado_2547,Entrevistado_2547,HERMOSILLO,OCCIDENTE,Primera mención,UVM,8.4,8,8,9
Entrevistado_2548,Entrevistado_2548,MONTERREY,NORTE,Primera mención,OTRAS,8.4,10,7.8,10
Entrevistado_2549,Entrevistado_2549,TUXTLA GUTIÉRREZ,SUR,Primera mención,OTRAS,8.4,1,7,10
Entrevistado_2550,Entrevistado_2550,COATZACOALCOS,SUR,Primera mención,OTRAS,10,1,10,8
Entrevistado_2551,Entrevistado_2551,GUADALAJARA,BAJIO,Primera mención,UVM,10,6,7.8,8
Entrevistado_2552,Entrevistado_2552,TEPIC,OCCIDENTE,Primera mención,OTRAS,7,7,6,8
Entrevistado_2553,Entrevistado_2553,MEXICALI,OCCIDENTE,Primera mención,UVM,8.4,8,7.8,7
Entrevistado_2554,Entrevistado_2554,LA PAZ,OCCIDENTE,Primera mención,OTRAS,5,8,7.8,5
Entrevistado_2555,Entrevistado_2555,MONTERREY,NORTE,Primera mención,ITESM,8.4,5,7.8,10
Entrevistado_2556,Entrevistado_2556,MEXICALI,OCCIDENTE,Primera mención,OTRAS,8.4,10,7.8,8
Entrevistado_2557,Entrevistado_2557,MONTERREY,NORTE,Primera mención,ITESM,7,8,7.8,8
Entrevistado_2558,Entrevistado_2558,GUADALAJARA,BAJIO,Primera mención,OTRAS,10,8,10,10
Entrevistado_2559,Entrevistado_2559,CULIACÁN,OCCIDENTE,Primera mención,OTRAS,9,8,7.8,8
Entrevistado_2560,Entrevistado_2560,MEXICALI,OCCIDENTE,Primera mención,OTRAS,9,8,1,8
Entrevistado_2561,Entrevistado_2561,TUXTLA GUTIÉRREZ,SUR,Primera mención,OTRAS,8,5,7.8,8
Entrevistado_2562,Entrevistado_2562,GUADALAJARA,BAJIO,Primera mención,ITESM,10,8,8,8
Entrevistado_2563,Entrevistado_2563,MORELIA,BAJIO,Primera mención,OTRAS,8.4,8,7.8,8
Entrevistado_2564,Entrevistado_2564,AGUASCALIENTES,BAJIO,Primera mención,OTRAS,8.4,8,7.8,6
Entrevistado_2565,Entrevistado_2565,GUADALAJARA,BAJIO,Primera mención,OTRAS,10,5,7.8,2
Entrevistado_2566,Entrevistado_2566,TUXTLA GUTIÉRREZ,SUR,Primera mención,OTRAS,8,8,10,4
Entrevistado_2567,Entrevistado_2567,TUXTLA GUTIÉRREZ,SUR,Primera mención,OTRAS,10,10,10,8
Entrevistado_2568,Entrevistado_2568,VILLAHERMOSA,SUR,Primera mención,OTRAS,9,5,7.8,10
Entrevistado_2569,Entrevistado_2569,LEÓN,BAJIO,Primera mención,OTRAS,8.4,5,7,8
Entrevistado_2570,Entrevistado_2570,CIUDAD DE MÉXICO,CENTRO,Primera mención,OTRAS,10,8,4,8
Entrevistado_2571,Entrevistado_2571,HERMOSILLO,OCCIDENTE,Primera mención,OTRAS,10,8,7,8
Entrevistado_2572,Entrevistado_2572,QUERÉTARO,CENTRO,Primera mención,ANÁHUAC,10,10,4,8
Entrevistado_2573,Entrevistado_2573,GUADALAJARA,BAJIO,Primera mención,OTRAS,6,8,1,8
Entrevistado_2574,Entrevistado_2574,LA PAZ,OCCIDENTE,Primera mención,OTRAS,10,8,8,7
Entrevistado_2575,Entrevistado_2575,ZAMORA,BAJIO,Primera mención,OTRAS,8,5,6,8
Entrevistado_2576,Entrevistado_2576,HERMOSILLO,OCCIDENTE,Primera mención,ITESM,8,8,7.8,10
Entrevistado_2577,Entrevistado_2577,MAZATLÁN,OCCIDENTE,Primera mención,OTRAS,8,8,7.8,8
Entrevistado_2578,Entrevistado_2578,CIUDAD DE MÉXICO,CENTRO,Primera mención,UVM,8.4,10,4,4
Entrevistado_2579,Entrevistado_2579,AGUASCALIENTES,BAJIO,Primera mención,OTRAS,7,3,10,10
Entrevistado_2580,Entrevistado_2580,VILLAHERMOSA,SUR,Primera mención,UVM,8.4,8,10,8
Entrevistado_2581,Entrevistado_2581,TUXTLA GUTIÉRREZ,SUR,Primera mención,ITESM,8.4,3,7.8,3
Entrevistado_2582,Entrevistado_2582,TUXTLA GUTIÉRREZ,SUR,Primera mención,OTRAS,10,10,7.8,10
Entrevistado_2583,Entrevistado_2583,GUADALAJARA,BAJIO,Primera mención,OTRAS,8,10,10,8
Entrevistado_2584,Entrevistado_2584,HERMOSILLO,OCCIDENTE,Primera mención,OTRAS,10,8,10,8
Entrevistado_2585,Entrevistado_2585,QUERÉTARO,CENTRO,Primera mención,UVM,10,8,7.8,7
Entrevistado_2586,Entrevistado_2586,IRAPUATO,BAJIO,Primera mención,OTRAS,8,8,6,9
Entrevistado_2587,Entrevistado_2587,LOS MOCHIS,OCCIDENTE,Primera mención,OTRAS,9,8,10,8
Entrevistado_2588,Entrevistado_2588,CULIACÁN,OCCIDENTE,Primera mención,OTRAS,8.4,7,7.8,8
Entrevistado_2589,Entrevistado_2589,LA PAZ,OCCIDENTE,Primera mención,OTRAS,8.4,6,10,1
Entrevistado_2590,Entrevistado_2590,MAZATLÁN,OCCIDENTE,Primera mención,OTRAS,9,8,7,10
Entrevistado_2591,Entrevistado_2591,GUADALAJARA,BAJIO,Primera mención,OTRAS,7,8,7.8,10
Entrevistado_2592,Entrevistado_2592,GUADALAJARA,BAJIO,Primera mención,OTRAS,9,1,7.8,7
Entrevistado_2593,Entrevistado_2593,COATZACOALCOS,SUR,Primera mención,OTRAS,9,6,7.8,8
Entrevistado_2594,Entrevistado_2594,CIUDAD DE MÉXICO,CENTRO,Primera mención,OTRAS,8.4,8,5,8
Entrevistado_2595,Entrevistado_2595,MAZATLÁN,OCCIDENTE,Primera mención,OTRAS,8.4,6,6,8
Entrevistado_2596,Entrevistado_2596,TUXTLA GUTIÉRREZ,SUR,Primera mención,OTRAS,10,4,7.8,10
Entrevistado_2597,Entrevistado_2597,COATZACOALCOS,SUR,Primera mención,OTRAS,10,8,7.8,10
Entrevistado_2598,Entrevistado_2598,IRAPUATO,BAJIO,Primera mención,OTRAS,6,8,5,8
Entrevistado_2599,Entrevistado_2599,MONTERREY,NORTE,Primera mención,ITESM,8.4,7,1,8
Entrevistado_2600,Entrevistado_2600,TUXTLA GUTIÉRREZ,SUR,Primera mención,OTRAS,8.4,8,10,8
Entrevistado_2601,Entrevistado_2601,HERMOSILLO,OCCIDENTE,Primera mención,UVM,5,8,7.8,10
Entrevistado_2602,Entrevistado_2602,TUXTLA GUTIÉRREZ,SUR,Primera mención,OTRAS,10,8,10,10
Entrevistado_2603,Entrevistado_2603,GUADALAJARA,BAJIO,Primera mención,ITESM,8.4,8,4,10
Entrevistado_2604,Entrevistado_2604,CIUDAD DE MÉXICO,CENTRO,Primera mención,OTRAS,7,8,7.8,8
Entrevistado_2605,Entrevistado_2605,AGUASCALIENTES,BAJIO,Primera mención,UVM,10,5,3,10
Entrevistado_2606,Entrevistado_2606,MORELIA,BAJIO,Primera mención,OTRAS,6,5,7.8,7
Entrevistado_2607,Entrevistado_2607,GUADALAJARA,BAJIO,Primera mención,OTRAS,8,8,10,8
Entrevistado_2608,Entrevistado_2608,TUXTLA GUTIÉRREZ,SUR,Primera mención,OTRAS,8.4,8,8,10
Entrevistado_2609,Entrevistado_2609,TUXTLA GUTIÉRREZ,SUR,Primera mención,OTRAS,10,8,10,8
Entrevistado_2610,Entrevistado_2610,QUERÉTARO,CENTRO,Primera mención,ANÁHUAC,5,9,10,8
Entrevistado_2611,Entrevistado_2611,GUADALAJARA,BAJIO,Primera mención,OTRAS,9,8,7.8,10
Entrevistado_2612,Entrevistado_2612,GUADALAJARA,BAJIO,Primera mención,ITESM,6,8,5,8
Entrevistado_2613,Entrevistado_2613,GUADALAJARA,BAJIO,Primera mención,OTRAS,8,8,3,8
Entrevistado_2614,Entrevistado_2614,GUADALAJARA,BAJIO,Primera mención,UVM,8,7,7.8,8
Entrevistado_2615,Entrevistado_2615,GUADALAJARA,BAJIO,Primera mención,OTRAS,9,8,10,9
Entrevistado_2616,Entrevistado_2616,CULIACÁN,OCCIDENTE,Primera mención,OTRAS,10,7,7.8,8
Entrevistado_2617,Entrevistado_2617,MORELIA,BAJIO,Primera mención,OTRAS,10,8,9,8
Entrevistado_2618,Entrevistado_2618,TIJUANA,OCCIDENTE,Primera mención,OTRAS,8,8,3,8
Entrevistado_2619,Entrevistado_2619,COATZACOALCOS,SUR,Primera mención,OTRAS,10,8,7.8,10
Entrevistado_2620,Entrevistado_2620,MORELIA,BAJIO,Primera mención,OTRAS,8,10,9,8
Entrevistado_2621,Entrevistado_2621,GUADALAJARA,BAJIO,Primera mención,OTRAS,10,8,7.8,8
Entrevistado_2622,Entrevistado_2622,GUADALAJARA,BAJIO,Primera mención,OTRAS,8,8,7.8,3
Entrevistado_2623,Entrevistado_2623,GUADALAJARA,BAJIO,Primera mención,OTRAS,6,8,7.8,8
Entrevistado_2624,Entrevistado_2624,TIJUANA,OCCIDENTE,Primera mención,OTRAS,6,10,7.8,6
Entrevistado_2625,Entrevistado_2625,TUXTLA GUTIÉRREZ,SUR,Primera mención,OTRAS,10,9,7.8,8
Entrevistado_2626,Entrevistado_2626,AGUASCALIENTES,BAJIO,Primera mención,ITESM,10,9,7.8,8
Entrevistado_2627,Entrevistado_2627,MONTERREY,NORTE,Primera mención,ITESM,8.4,9,7.8,8
Entrevistado_2628,Entrevistado_2628,VILLAHERMOSA,SUR,Primera mención,UVM,8,8,7.8,10
Entrevistado_2629,Entrevistado_2629,LOS CABOS,OCCIDENTE,Primera mención,OTRAS,9,10,7.8,6
Entrevistado_2630,Entrevistado_2630,ZAMORA,BAJIO,Primera mención,OTRAS,8,10,7,8
Entrevistado_2631,Entrevistado_2631,MORELIA,BAJIO,Primera mención,OTRAS,8.4,4,7.8,10
Entrevistado_2632,Entrevistado_2632,ZAMORA,BAJIO,Primera mención,OTRAS,8.4,10,7.8,10
Entrevistado_2633,Entrevistado_2633,GUADALAJARA,BAJIO,Primera mención,UVM,8.4,7,7.8,7
Entrevistado_2634,Entrevistado_2634,TUXTLA GUTIÉRREZ,SUR,Primera mención,OTRAS,8.4,8,10,7
Entrevistado_2635,Entrevistado_2635,GUADALAJARA,BAJIO,Primera mención,OTRAS,7,8,3,8
Entrevistado_2636,Entrevistado_2636,TUXTLA GUTIÉRREZ,SUR,Primera mención,OTRAS,8.4,10,7.8,8
Entrevistado_2637,Entrevistado_2637,COATZACOALCOS,SUR,Primera mención,OTRAS,7,8,10,10
Entrevistado_2638,Entrevistado_2638,AGUASCALIENTES,BAJIO,Primera mención,UVM,9,8,7.8,8
Entrevistado_2639,Entrevistado_2639,GUADALAJARA,BAJIO,Primera mención,OTRAS,10,10,7.8,2
Entrevistado_2640,Entrevistado_2640,COATZACOALCOS,SUR,Primera mención,OTRAS,8.4,7,10,4
Entrevistado_2641,Entrevistado_2641,VERACRUZ,ORIENTE,Primera mención,OTRAS,6,8,7.8,9
Entrevistado_2642,Entrevistado_2642,TEPIC,OCCIDENTE,Primera mención,OTRAS,10,7,10,9
Entrevistado_2643,Entrevistado_2643,MEXICALI,OCCIDENTE,Primera mención,OTRAS,7,8,7.8,8
Entrevistado_2644,Entrevistado_2644,MORELIA,BAJIO,Primera mención,OTRAS,5,7,9,10
Entrevistado_2645,Entrevistado_2645,GUADALAJARA,BAJIO,Primera mención,OTRAS,8,10,7.8,10
Entrevistado_2646,Entrevistado_2646,HERMOSILLO,OCCIDENTE,Primera mención,OTRAS,7,10,8,5
Entrevistado_2647,Entrevistado_2647,TEPIC,OCCIDENTE,Primera mención,OTRAS,10,8,7.8,9
Entrevistado_2648,Entrevistado_2648,TEPIC,OCCIDENTE,Primera mención,OTRAS,6,10,9,8
Entrevistado_2649,Entrevistado_2649,GUADALAJARA,BAJIO,Primera mención,OTRAS,9,10,9,8
Entrevistado_2650,Entrevistado_2650,COATZACOALCOS,SUR,Primera mención,OTRAS,10,8,6,8
Entrevistado_2651,Entrevistado_2651,LEÓN,BAJIO,Primera mención,OTRAS,8.4,1,7,8
Entrevistado_2652,Entrevistado_2652,TEPIC,OCCIDENTE,Primera mención,OTRAS,8,4,4,8
Entrevistado_2653,Entrevistado_2653,GUADALAJARA,BAJIO,Primera mención,OTRAS,10,6,10,8
Entrevistado_2654,Entrevistado_2654,GUADALAJARA,BAJIO,Primera mención,UVM,3,10,7.8,8
Entrevistado_2655,Entrevistado_2655,GUADALAJARA,BAJIO,Primera mención,OTRAS,10,9,9,6
Entrevistado_2656,Entrevistado_2656,VILLAHERMOSA,SUR,Primera mención,OTRAS,8.4,10,6,8
Entrevistado_2657,Entrevistado_2657,LA PAZ,OCCIDENTE,Primera mención,OTRAS,8.4,8,10,8
Entrevistado_2658,Entrevistado_2658,MEXICALI,OCCIDENTE,Primera mención,OTRAS,6,10,7.8,8
Entrevistado_2659,Entrevistado_2659,GUADALAJARA,BAJIO,Primera mención,OTRAS,9,8,9,8
Entrevistado_2660,Entrevistado_2660,VILLAHERMOSA,SUR,Primera mención,UVM,9,6,7.8,8
Entrevistado_2661,Entrevistado_2661,CIUDAD DE MÉXICO,CENTRO,Primera mención,OTRAS,10,10,7.8,10
Entrevistado_2662,Entrevistado_2662,MORELIA,BAJIO,Primera mención,OTRAS,6,10,7.8,8
Entrevistado_2663,Entrevistado_2663,AGUASCALIENTES,BAJIO,Primera mención,OTRAS,10,8,9,8
Entrevistado_2664,Entrevistado_2664,TUXTLA GUTIÉRREZ,SUR,Primera mención,OTRAS,8,8,7.8,10
Entrevistado_2665,Entrevistado_2665,MEXICALI,OCCIDENTE,Primera mención,OTRAS,8,10,7.8,8
Entrevistado_2666,Entrevistado_2666,CIUDAD DE MÉXICO,CENTRO,Primera mención,OTRAS,8.4,10,10,9
Entrevistado_2667,Entrevistado_2667,MORELIA,BAJIO,Primera mención,OTRAS,8.4,10,7,8
Entrevistado_2668,Entrevistado_2668,MORELIA,BAJIO,Primera mención,OTRAS,8.4,5,1,7
Entrevistado_2669,Entrevistado_2669,AGUASCALIENTES,BAJIO,Primera mención,ITESM,10,10,7.8,10
Entrevistado_2670,Entrevistado_2670,HERMOSILLO,OCCIDENTE,Primera mención,OTRAS,8,8,7.8,10
Entrevistado_2671,Entrevistado_2671,QUERÉTARO,CENTRO,Primera mención,ITESM,6,10,5,8
Entrevistado_2672,Entrevistado_2672,GUADALAJARA,BAJIO,Primera mención,OTRAS,8.4,8,8,8
Entrevistado_2673,Entrevistado_2673,MAZATLÁN,OCCIDENTE,Primera mención,OTRAS,7,9,7.8,8
Entrevistado_2674,Entrevistado_2674,AGUASCALIENTES,BAJIO,Primera mención,UVM,8,10,7.8,8
Entrevistado_2675,Entrevistado_2675,ZAMORA,BAJIO,Primera mención,OTRAS,8.4,10,7,8
Entrevistado_2676,Entrevistado_2676,MORELIA,BAJIO,Primera mención,OTRAS,10,8,7.8,8
Entrevistado_2677,Entrevistado_2677,GUADALAJARA,BAJIO,Primera mención,OTRAS,10,8,7.8,9
Entrevistado_2678,Entrevistado_2678,VILLAHERMOSA,SUR,Primera mención,OTRAS,10,7,7.8,8
Entrevistado_2679,Entrevistado_2679,GUADALAJARA,BAJIO,Primera mención,OTRAS,10,5,7.8,8
Entrevistado_2680,Entrevistado_2680,VILLAHERMOSA,SUR,Primera mención,OTRAS,8,8,7.8,10
Entrevistado_2681,Entrevistado_2681,CULIACÁN,OCCIDENTE,Primera mención,OTRAS,9,8,7,8
Entrevistado_2682,Entrevistado_2682,MONTERREY,NORTE,Primera mención,ITESM,8.4,10,7.8,8
Entrevistado_2683,Entrevistado_2683,IRAPUATO,BAJIO,Primera mención,OTRAS,9,10,7.8,6
Entrevistado_2684,Entrevistado_2684,AGUASCALIENTES,BAJIO,Primera mención,OTRAS,10,8,7.8,10
Entrevistado_2685,Entrevistado_2685,MORELIA,BAJIO,Primera mención,OTRAS,7,8,7.8,8
Entrevistado_2686,Entrevistado_2686,VILLAHERMOSA,SUR,Primera mención,OTRAS,9,8,7.8,8
Entrevistado_2687,Entrevistado_2687,MORELIA,BAJIO,Primera mención,OTRAS,8,8,7,6
Entrevistado_2688,Entrevistado_2688,GUADALAJARA,BAJIO,Primera mención,OTRAS,8.4,10,7.8,8
Entrevistado_2689,Entrevistado_2689,GUADALAJARA,BAJIO,Primera mención,ITESM,10,7,7.8,10
Entrevistado_2690,Entrevistado_2690,TIJUANA,OCCIDENTE,Primera mención,OTRAS,9,10,7.8,5
Entrevistado_2691,Entrevistado_2691,CULIACÁN,OCCIDENTE,Primera mención,OTRAS,9,8,7.8,8
Entrevistado_2692,Entrevistado_2692,TEPIC,OCCIDENTE,Primera mención,OTRAS,7,8,6,8
Entrevistado_2693,Entrevistado_2693,CIUDAD DE MÉXICO,CENTRO,Primera mención,OTRAS,8.4,10,7.8,8
Entrevistado_2694,Entrevistado_2694,GUADALAJARA,BAJIO,Primera mención,OTRAS,8.4,9,7,4
Entrevistado_2695,Entrevistado_2695,GUADALAJARA,BAJIO,Primera mención,OTRAS,10,6,6,8
Entrevistado_2696,Entrevistado_2696,GUADALAJARA,BAJIO,Primera mención,OTRAS,7,8,5,8
Entrevistado_2697,Entrevistado_2697,CULIACÁN,OCCIDENTE,Primera mención,OTRAS,8.4,10,7.8,10
Entrevistado_2698,Entrevistado_2698,GUADALAJARA,BAJIO,Primera mención,OTRAS,8,8,6,8
Entrevistado_2699,Entrevistado_2699,MORELIA,BAJIO,Primera mención,OTRAS,10,8,10,10
Entrevistado_2700,Entrevistado_2700,GUADALAJARA,BAJIO,Primera mención,OTRAS,8,6,9,8
Entrevistado_2701,Entrevistado_2701,LA PAZ,OCCIDENTE,Primera mención,OTRAS,4,10,3,8
Entrevistado_2702,Entrevistado_2702,MORELIA,BAJIO,Primera mención,OTRAS,6,8,10,9
Entrevistado_2703,Entrevistado_2703,ZAMORA,BAJIO,Primera mención,OTRAS,10,10,10,8
Entrevistado_2704,Entrevistado_2704,VILLAHERMOSA,SUR,Primera mención,OTRAS,10,10,10,5
Entrevistado_2705,Entrevistado_2705,QUERÉTARO,CENTRO,Primera mención,UVM,8.4,8,10,6
Entrevistado_2706,Entrevistado_2706,GUADALAJARA,BAJIO,Primera mención,OTRAS,8.4,10,7.8,7
Entrevistado_2707,Entrevistado_2707,COATZACOALCOS,SUR,Primera mención,OTRAS,10,10,7.8,10
Entrevistado_2708,Entrevistado_2708,LA PAZ,OCCIDENTE,Primera mención,OTRAS,10,7,7,8
Entrevistado_2709,Entrevistado_2709,VILLAHERMOSA,SUR,Primera mención,OTRAS,8.4,9,7.8,8
Entrevistado_2710,Entrevistado_2710,QUERÉTARO,CENTRO,Primera mención,UVM,10,10,9,8
Entrevistado_2711,Entrevistado_2711,ZAMORA,BAJIO,Primera mención,OTRAS,8.4,8,9,8
Entrevistado_2712,Entrevistado_2712,GUADALAJARA,BAJIO,Primera mención,OTRAS,9,10,3,8
Entrevistado_2713,Entrevistado_2713,COATZACOALCOS,SUR,Primera mención,OTRAS,8.4,10,7.8,8
Entrevistado_2714,Entrevistado_2714,GUADALAJARA,BAJIO,Primera mención,OTRAS,8.4,10,7.8,10
Entrevistado_2715,Entrevistado_2715,MONTERREY,NORTE,Primera mención,OTRAS,9,10,10,8
Entrevistado_2716,Entrevistado_2716,GUADALAJARA,BAJIO,Primera mención,OTRAS,8.4,6,7.8,4
Entrevistado_2717,Entrevistado_2717,CULIACÁN,OCCIDENTE,Primera mención,OTRAS,8,10,7.8,8
Entrevistado_2718,Entrevistado_2718,VILLAHERMOSA,SUR,Primera mención,OTRAS,5,10,7.8,10
Entrevistado_2719,Entrevistado_2719,VILLAHERMOSA,SUR,Primera mención,OTRAS,10,10,10,8
Entrevistado_2720,Entrevistado_2720,LA PAZ,OCCIDENTE,Primera mención,OTRAS,9,9,7.8,8
Entrevistado_2721,Entrevistado_2721,GUADALAJARA,BAJIO,Primera mención,OTRAS,7,8,10,8
Entrevistado_2722,Entrevistado_2722,CULIACÁN,OCCIDENTE,Primera mención,OTRAS,10,9,7.8,4
Entrevistado_2723,Entrevistado_2723,QUERÉTARO,CENTRO,Primera mención,ANÁHUAC,8.4,9,5,10
Entrevistado_2724,Entrevistado_2724,HERMOSILLO,OCCIDENTE,Primera mención,OTRAS,5,10,8,7
Entrevistado_2725,Entrevistado_2725,GUADALAJARA,BAJIO,Primera mención,UVM,9,10,1,10
Entrevistado_2726,Entrevistado_2726,COMITÁN,ORIENTE,Primera mención,OTRAS,7,10,10,8
Entrevistado_2727,Entrevistado_2727,AGUASCALIENTES,BAJIO,Primera mención,OTRAS,9,8,7.8,9
Entrevistado_2728,Entrevistado_2728,GUADALAJARA,BAJIO,Primera mención,OTRAS,10,8,10,10
Entrevistado_2729,Entrevistado_2729,COATZACOALCOS,SUR,Primera mención,OTRAS,10,8,7.8,8
Entrevistado_2730,Entrevistado_2730,MORELIA,BAJIO,Primera mención,OTRAS,4,8,7.8,3
Entrevistado_2731,Entrevistado_2731,GUADALAJARA,BAJIO,Primera mención,OTRAS,4,6,1,8
Entrevistado_2732,Entrevistado_2732,VILLAHERMOSA,SUR,Primera mención,UVM,8.4,8,7.8,4
Entrevistado_2733,Entrevistado_2733,GUADALAJARA,BAJIO,Primera mención,OTRAS,8.4,8,10,10
Entrevistado_2734,Entrevistado_2734,COATZACOALCOS,SUR,Primera mención,OTRAS,10,6,7.8,8
Entrevistado_2735,Entrevistado_2735,CULIACÁN,OCCIDENTE,Primera mención,OTRAS,8.4,10,6,9
Entrevistado_2736,Entrevistado_2736,TUXTLA GUTIÉRREZ,SUR,Primera mención,OTRAS,8,7,10,8
Entrevistado_2737,Entrevistado_2737,CULIACÁN,OCCIDENTE,Primera mención,OTRAS,8.4,5,7.8,10
Entrevistado_2738,Entrevistado_2738,GUADALAJARA,BAJIO,Primera mención,OTRAS,6,10,10,6
Entrevistado_2739,Entrevistado_2739,GUADALAJARA,BAJIO,Primera mención,OTRAS,8.4,3,7.8,8
Entrevistado_2740,Entrevistado_2740,MORELIA,BAJIO,Primera mención,OTRAS,8.4,6,9,10
Entrevistado_2741,Entrevistado_2741,TUXTLA GUTIÉRREZ,SUR,Primera mención,OTRAS,8.4,6,7,7
Entrevistado_2742,Entrevistado_2742,TUXTLA GUTIÉRREZ,SUR,Primera mención,OTRAS,8,8,7.8,8
Entrevistado_2743,Entrevistado_2743,CULIACÁN,OCCIDENTE,Primera mención,OTRAS,8,5,9,8
Entrevistado_2744,Entrevistado_2744,AGUASCALIENTES,BAJIO,Primera mención,OTRAS,8.4,7,7.8,10
Entrevistado_2745,Entrevistado_2745,PUEBLA,CENTRO,Primera mención,ANÁHUAC,10,10,8,6
Entrevistado_2746,Entrevistado_2746,COATZACOALCOS,SUR,Primera mención,OTRAS,5,6,1,8
Entrevistado_2747,Entrevistado_2747,GUADALAJARA,BAJIO,Primera mención,OTRAS,7,8,7.8,8
Entrevistado_2748,Entrevistado_2748,TEPIC,OCCIDENTE,Primera mención,OTRAS,4,8,6,7
Entrevistado_2749,Entrevistado_2749,COATZACOALCOS,SUR,Primera mención,OTRAS,9,8,4,8
Entrevistado_2750,Entrevistado_2750,GUADALAJARA,BAJIO,Primera mención,OTRAS,8,8,10,8
Entrevistado_2751,Entrevistado_2751,TEPIC,OCCIDENTE,Primera mención,OTRAS,9,8,7.8,4
Entrevistado_2752,Entrevistado_2752,TEPIC,OCCIDENTE,Primera mención,OTRAS,6,8,5,8
Entrevistado_2753,Entrevistado_2753,CULIACÁN,OCCIDENTE,Primera mención,OTRAS,10,8,7.8,8
Entrevistado_2754,Entrevistado_2754,LEÓN,BAJIO,Primera mención,OTRAS,8.4,6,10,7
Entrevistado_2755,Entrevistado_2755,CIUDAD DE MÉXICO,CENTRO,Primera mención,OTRAS,5,9,4,7
Entrevistado_2756,Entrevistado_2756,GUADALAJARA,BAJIO,Primera mención,OTRAS,7,8,7.8,10
Entrevistado_2757,Entrevistado_2757,GUADALAJARA,BAJIO,Primera mención,OTRAS,10,8,7.8,5
Entrevistado_2758,Entrevistado_2758,MORELIA,BAJIO,Primera mención,OTRAS,10,8,7.8,8
Entrevistado_2759,Entrevistado_2759,GUADALAJARA,BAJIO,Primera mención,OTRAS,10,8,6,10
Entrevistado_2760,Entrevistado_2760,MORELIA,BAJIO,Primera mención,OTRAS,7,9,1,6
Entrevistado_2761,Entrevistado_2761,VILLAHERMOSA,SUR,Primera mención,OTRAS,9,10,10,7
Entrevistado_2762,Entrevistado_2762,MORELIA,BAJIO,Primera mención,OTRAS,10,8,7.8,8
Entrevistado_2763,Entrevistado_2763,GUADALAJARA,BAJIO,Primera mención,OTRAS,10,10,7.8,10
Entrevistado_2764,Entrevistado_2764,AGUASCALIENTES,BAJIO,Primera mención,OTRAS,8.4,8,7.8,8
Entrevistado_2765,Entrevistado_2765,LEÓN,BAJIO,Primera mención,OTRAS,6,9,7.8,10
Entrevistado_2766,Entrevistado_2766,VILLAHERMOSA,SUR,Primera mención,OTRAS,8,10,9,10
Entrevistado_2767,Entrevistado_2767,TIJUANA,OCCIDENTE,Primera mención,OTRAS,10,10,2,8
Entrevistado_2768,Entrevistado_2768,AGUASCALIENTES,BAJIO,Primera mención,ITESM,6,8,3,10
Entrevistado_2769,Entrevistado_2769,TEPIC,OCCIDENTE,Primera mención,OTRAS,8,8,9,8
Entrevistado_2770,Entrevistado_2770,MONTERREY,NORTE,Primera mención,ITESM,10,9,7.8,8
Entrevistado_2771,Entrevistado_2771,TUXTLA GUTIÉRREZ,SUR,Primera mención,OTRAS,8.4,7,9,10
Entrevistado_2772,Entrevistado_2772,CULIACÁN,OCCIDENTE,Primera mención,OTRAS,8.4,10,7.8,9
Entrevistado_2773,Entrevistado_2773,CULIACÁN,OCCIDENTE,Primera mención,OTRAS,10,10,2,8
Entrevistado_2774,Entrevistado_2774,MORELIA,BAJIO,Primera mención,OTRAS,9,8,5,10
Entrevistado_2775,Entrevistado_2775,MORELIA,BAJIO,Primera mención,OTRAS,9,8,7.8,1
Entrevistado_2776,Entrevistado_2776,GUADALAJARA,BAJIO,Primera mención,UVM,8,9,7.8,8
Entrevistado_2777,Entrevistado_2777,LEÓN,BAJIO,Primera mención,OTRAS,7,9,7.8,4
Entrevistado_2778,Entrevistado_2778,GUADALAJARA,BAJIO,Primera mención,ITESM,7,8,2,8
Entrevistado_2779,Entrevistado_2779,MORELIA,BAJIO,Primera mención,OTRAS,7,10,7.8,10
Entrevistado_2780,Entrevistado_2780,GUADALAJARA,BAJIO,Primera mención,OTRAS,8,3,7.8,7
Entrevistado_2781,Entrevistado_2781,COATZACOALCOS,SUR,Primera mención,OTRAS,9,9,7.8,9
Entrevistado_2782,Entrevistado_2782,TEPIC,OCCIDENTE,Primera mención,OTRAS,8,2,6,8
Entrevistado_2783,Entrevistado_2783,TEPIC,OCCIDENTE,Primera mención,OTRAS,8.4,7,9,10
Entrevistado_2784,Entrevistado_2784,GUADALAJARA,BAJIO,Primera mención,OTRAS,5,6,10,4
Entrevistado_2785,Entrevistado_2785,HERMOSILLO,OCCIDENTE,Primera mención,OTRAS,7,8,7,10
Entrevistado_2786,Entrevistado_2786,LEÓN,BAJIO,Primera mención,OTRAS,8.4,6,7.8,10
Entrevistado_2787,Entrevistado_2787,GUADALAJARA,BAJIO,Primera mención,OTRAS,6,8,10,8
Entrevistado_2788,Entrevistado_2788,COATZACOALCOS,SUR,Primera mención,OTRAS,10,10,7.8,8
Entrevistado_2789,Entrevistado_2789,MORELIA,BAJIO,Primera mención,OTRAS,10,4,7.8,10
Entrevistado_2790,Entrevistado_2790,HERMOSILLO,OCCIDENTE,Primera mención,OTRAS,8.4,9,3,6
Entrevistado_2791,Entrevistado_2791,CULIACÁN,OCCIDENTE,Primera mención,OTRAS,8.4,10,6,8
Entrevistado_2792,Entrevistado_2792,CIUDAD DE MÉXICO,CENTRO,Primera mención,UVM,10,10,10,8
Entrevistado_2793,Entrevistado_2793,MONTERREY,NORTE,Primera mención,ITESM,10,8,7.8,10
Entrevistado_2794,Entrevistado_2794,GUADALAJARA,BAJIO,Primera mención,OTRAS,8,8,8,8
Entrevistado_2795,Entrevistado_2795,HERMOSILLO,OCCIDENTE,Primera mención,ITESM,9,8,7.8,8
Entrevistado_2796,Entrevistado_2796,MONTERREY,NORTE,Primera mención,ITESM,10,7,7.8,10
Entrevistado_2797,Entrevistado_2797,TUXTLA GUTIÉRREZ,SUR,Primera mención,OTRAS,8.4,10,7.8,8
Entrevistado_2798,Entrevistado_2798,GUADALAJARA,BAJIO,Primera mención,OTRAS,8,10,1,8
Entrevistado_2799,Entrevistado_2799,GUADALAJARA,BAJIO,Primera mención,OTRAS,8,7,7.8,8
Entrevistado_2800,Entrevistado_2800,IRAPUATO,BAJIO,Primera mención,OTRAS,9,8,7.8,10
Entrevistado_2801,Entrevistado_2801,GUADALAJARA,BAJIO,Primera mención,OTRAS,8,8,4,8
Entrevistado_2802,Entrevistado_2802,CULIACÁN,OCCIDENTE,Primera mención,OTRAS,8.4,8,7,8
Entrevistado_2803,Entrevistado_2803,HERMOSILLO,OCCIDENTE,Primera mención,OTRAS,4,8,1,8
Entrevistado_2804,Entrevistado_2804,MORELIA,BAJIO,Primera mención,OTRAS,8.4,8,7.8,8
Entrevistado_2805,Entrevistado_2805,LEÓN,BAJIO,Primera mención,OTRAS,9,8,7.8,6
Entrevistado_2806,Entrevistado_2806,COATZACOALCOS,SUR,Primera mención,OTRAS,7,8,5,10
Entrevistado_2807,Entrevistado_2807,AGUASCALIENTES,BAJIO,Primera mención,OTRAS,8.4,7,9,7
Entrevistado_2808,Entrevistado_2808,HERMOSILLO,OCCIDENTE,Primera mención,OTRAS,9,10,4,10
Entrevistado_2809,Entrevistado_2809,GUADALAJARA,BAJIO,Primera mención,UVM,8.4,8,7.8,8
Entrevistado_2810,Entrevistado_2810,MORELIA,BAJIO,Primera mención,OTRAS,9,8,2,6
Entrevistado_2811,Entrevistado_2811,CULIACÁN,OCCIDENTE,Primera mención,OTRAS,6,8,9,8
Entrevistado_2812,Entrevistado_2812,TUXTLA GUTIÉRREZ,SUR,Primera mención,OTRAS,10,8,10,8
Entrevistado_2813,Entrevistado_2813,GUADALAJARA,BAJIO,Primera mención,OTRAS,6,10,10,7
Entrevistado_2814,Entrevistado_2814,GUADALAJARA,BAJIO,Primera mención,OTRAS,8,3,3,6
Entrevistado_2815,Entrevistado_2815,HERMOSILLO,OCCIDENTE,Primera mención,ITESM,8,8,7.8,10
Entrevistado_2816,Entrevistado_2816,COATZACOALCOS,SUR,Primera mención,OTRAS,7,8,7.8,8
Entrevistado_2817,Entrevistado_2817,QUERÉTARO,CENTRO,Primera mención,OTRAS,8,8,7,8
Entrevistado_2818,Entrevistado_2818,CULIACÁN,OCCIDENTE,Primera mención,OTRAS,8.4,10,10,8
Entrevistado_2819,Entrevistado_2819,VILLAHERMOSA,SUR,Primera mención,UVM,9,10,10,8
Entrevistado_2820,Entrevistado_2820,GUADALAJARA,BAJIO,Primera mención,OTRAS,8,8,1,7
Entrevistado_2821,Entrevistado_2821,MÉRIDA,SUR,Primera mención,OTRAS,7,10,9,8
Entrevistado_2822,Entrevistado_2822,MORELIA,BAJIO,Primera mención,OTRAS,7,8,7,7
Entrevistado_2823,Entrevistado_2823,QUERÉTARO,CENTRO,Primera mención,UVM,9,8,10,8
Entrevistado_2824,Entrevistado_2824,GUADALAJARA,BAJIO,Primera mención,OTRAS,10,10,7.8,6
Entrevistado_2825,Entrevistado_2825,GUADALAJARA,BAJIO,Primera mención,OTRAS,8,9,7.8,8
Entrevistado_2826,Entrevistado_2826,CIUDAD DE MÉXICO,CENTRO,Primera mención,OTRAS,6,10,7.8,8
Entrevistado_2827,Entrevistado_2827,TEPIC,OCCIDENTE,Primera mención,OTRAS,10,8,7.8,10
Entrevistado_2828,Entrevistado_2828,LEÓN,BAJIO,Primera mención,OTRAS,9,8,7.8,10
Entrevistado_2829,Entrevistado_2829,GUADALAJARA,BAJIO,Primera mención,OTRAS,10,8,7.8,10
Entrevistado_2830,Entrevistado_2830,TIJUANA,OCCIDENTE,Primera mención,OTRAS,8,5,10,8
Entrevistado_2831,Entrevistado_2831,HERMOSILLO,OCCIDENTE,Primera mención,ITESM,10,10,9,8
Entrevistado_2832,Entrevistado_2832,HERMOSILLO,OCCIDENTE,Primera mención,OTRAS,10,8,8,7
Entrevistado_2833,Entrevistado_2833,GUADALAJARA,BAJIO,Primera mención,OTRAS,10,8,10,10
Entrevistado_2834,Entrevistado_2834,AGUASCALIENTES,BAJIO,Primera mención,OTRAS,8,6,10,7
Entrevistado_2835,Entrevistado_2835,MAZATLÁN,OCCIDENTE,Primera mención,OTRAS,7,8,4,8
Entrevistado_2836,Entrevistado_2836,QUERÉTARO,CENTRO,Primera mención,ANÁHUAC,8.4,8,7.8,10
Entrevistado_2837,Entrevistado_2837,MORELIA,BAJIO,Primera mención,OTRAS,8,8,4,9
Entrevistado_2838,Entrevistado_2838,TEPIC,OCCIDENTE,Primera mención,OTRAS,8.4,8,7.8,5
Entrevistado_2839,Entrevistado_2839,MÉRIDA,SUR,Primera mención,OTRAS,10,10,7,3
Entrevistado_2840,Entrevistado_2840,TEPIC,OCCIDENTE,Primera mención,OTRAS,8.4,8,10,10
Entrevistado_2841,Entrevistado_2841,MORELIA,BAJIO,Primera mención,OTRAS,8,6,7.8,5
Entrevistado_2842,Entrevistado_2842,COATZACOALCOS,SUR,Primera mención,OTRAS,8,8,7.8,10
Entrevistado_2843,Entrevistado_2843,CULIACÁN,OCCIDENTE,Primera mención,OTRAS,7,3,7.8,8
Entrevistado_2844,Entrevistado_2844,GUADALAJARA,BAJIO,Primera mención,OTRAS,10,6,6,10
Entrevistado_2845,Entrevistado_2845,AGUASCALIENTES,BAJIO,Primera mención,ITESM,10,10,7.8,8
Entrevistado_2846,Entrevistado_2846,VILLAHERMOSA,SUR,Primera mención,OTRAS,9,5,7.8,8
Entrevistado_2847,Entrevistado_2847,CULIACÁN,OCCIDENTE,Primera mención,OTRAS,7,8,3,10
Entrevistado_2848,Entrevistado_2848,GUADALAJARA,BAJIO,Primera mención,OTRAS,8,10,1,7
Entrevistado_2849,Entrevistado_2849,LEÓN,BAJIO,Primera mención,OTRAS,8,8,4,6
Entrevistado_2850,Entrevistado_2850,AGUASCALIENTES,BAJIO,Primera mención,OTRAS,8.4,8,4,8
Entrevistado_2851,Entrevistado_2851,AGUASCALIENTES,BAJIO,Primera mención,OTRAS,8,10,10,8
Entrevistado_2852,Entrevistado_2852,GUADALAJARA,BAJIO,Primera mención,OTRAS,8.4,5,10,10
Entrevistado_2853,Entrevistado_2853,MONTERREY,NORTE,Primera mención,ITESM,10,6,3,8
Entrevistado_2854,Entrevistado_2854,LA PAZ,OCCIDENTE,Primera mención,OTRAS,7,9,10,8
Entrevistado_2855,Entrevistado_2855,TUXTLA GUTIÉRREZ,SUR,Primera mención,OTRAS,9,10,7.8,8
Entrevistado_2856,Entrevistado_2856,MONTERREY,NORTE,Primera mención,OTRAS,10,8,7.8,2
Entrevistado_2857,Entrevistado_2857,MORELIA,BAJIO,Primera mención,OTRAS,8,4,7.8,9
Entrevistado_2858,Entrevistado_2858,CULIACÁN,OCCIDENTE,Primera mención,OTRAS,8.4,8,7.8,5
Entrevistado_2859,Entrevistado_2859,GUADALAJARA,BAJIO,Primera mención,OTRAS,7,7,2,8
Entrevistado_2860,Entrevistado_2860,HERMOSILLO,OCCIDENTE,Primera mención,OTRAS,8,10,10,8
Entrevistado_2861,Entrevistado_2861,COATZACOALCOS,SUR,Primera mención,OTRAS,10,4,7.8,8
Entrevistado_2862,Entrevistado_2862,CIUDAD DE MÉXICO,CENTRO,Primera mención,UVM,10,8,7.8,8
Entrevistado_2863,Entrevistado_2863,LEÓN,BAJIO,Primera mención,OTRAS,9,10,7.8,8
Entrevistado_2864,Entrevistado_2864,LOS CABOS,OCCIDENTE,Primera mención,OTRAS,10,10,7.8,8
Entrevistado_2865,Entrevistado_2865,MÉRIDA,SUR,Primera mención,ANÁHUAC,8.4,8,10,9
Entrevistado_2866,Entrevistado_2866,GUADALAJARA,BAJIO,Primera mención,OTRAS,9,8,7.8,8
Entrevistado_2867,Entrevistado_2867,ZAMORA,BAJIO,Primera mención,OTRAS,8.4,10,9,8
Entrevistado_2868,Entrevistado_2868,ZAMORA,BAJIO,Primera mención,OTRAS,8.4,9,7.8,8
Entrevistado_2869,Entrevistado_2869,LEÓN,BAJIO,Primera mención,OTRAS,10,10,10,8
Entrevistado_2870,Entrevistado_2870,AGUASCALIENTES,BAJIO,Primera mención,UVM,10,10,3,4
Entrevistado_2871,Entrevistado_2871,IRAPUATO,BAJIO,Primera mención,OTRAS,6,8,10,10
Entrevistado_2872,Entrevistado_2872,IRAPUATO,BAJIO,Primera mención,OTRAS,8.4,10,5,8
Entrevistado_2873,Entrevistado_2873,GUADALAJARA,BAJIO,Primera mención,OTRAS,8.4,10,7.8,8
Entrevistado_2874,Entrevistado_2874,IRAPUATO,BAJIO,Primera mención,OTRAS,8.4,10,7,10
Entrevistado_2875,Entrevistado_2875,CULIACÁN,OCCIDENTE,Primera mención,OTRAS,7,10,7.8,7
Entrevistado_2876,Entrevistado_2876,TEPIC,OCCIDENTE,Primera mención,OTRAS,9,10,7.8,10
Entrevistado_2877,Entrevistado_2877,TUXTLA GUTIÉRREZ,SUR,Primera mención,OTRAS,8.4,6,7,5
Entrevistado_2878,Entrevistado_2878,VILLAHERMOSA,SUR,Primera mención,OTRAS,10,8,7.8,8
Entrevistado_2879,Entrevistado_2879,CIUDAD DE MÉXICO,CENTRO,Primera mención,ITESM,8,8,7.8,8
Entrevistado_2880,Entrevistado_2880,GUADALAJARA,BAJIO,Primera mención,OTRAS,8,6,7.8,8
Entrevistado_2881,Entrevistado_2881,TEPIC,OCCIDENTE,Primera mención,OTRAS,8.4,6,7.8,8
Entrevistado_2882,Entrevistado_2882,TEPIC,OCCIDENTE,Primera mención,OTRAS,8.4,10,7.8,8
Entrevistado_2883,Entrevistado_2883,AGUASCALIENTES,BAJIO,Primera mención,OTRAS,8,8,7,8
Entrevistado_2884,Entrevistado_2884,VILLAHERMOSA,SUR,Primera mención,OTRAS,7,5,3,8
Entrevistado_2885,Entrevistado_2885,MORELIA,BAJIO,Primera mención,OTRAS,8.4,10,7.8,7
Entrevistado_2886,Entrevistado_2886,MORELIA,BAJIO,Primera mención,OTRAS,7,7,10,4
Entrevistado_2887,Entrevistado_2887,QUERÉTARO,CENTRO,Primera mención,ITESM,8.4,6,8,8
Entrevistado_2888,Entrevistado_2888,MORELIA,BAJIO,Primera mención,OTRAS,8.4,9,7.8,8
Entrevistado_2889,Entrevistado_2889,DURANGO,NORTE,Primera mención,OTRAS,8.4,8,7.8,10
Entrevistado_2890,Entrevistado_2890,ZAMORA,BAJIO,Primera mención,OTRAS,8.4,2,3,8
Entrevistado_2891,Entrevistado_2891,IRAPUATO,BAJIO,Primera mención,OTRAS,10,8,7.8,8
Entrevistado_2892,Entrevistado_2892,MONTERREY,NORTE,Primera mención,OTRAS,8.4,6,7.8,8
Entrevistado_2893,Entrevistado_2893,GUADALAJARA,BAJIO,Primera mención,OTRAS,7,9,9,9
Entrevistado_2894,Entrevistado_2894,COATZACOALCOS,SUR,Primera mención,OTRAS,9,8,10,8
Entrevistado_2895,Entrevistado_2895,LEÓN,BAJIO,Primera mención,OTRAS,7,10,7.8,8
Entrevistado_2896,Entrevistado_2896,GUADALAJARA,BAJIO,Primera mención,OTRAS,8.4,8,9,5
Entrevistado_2897,Entrevistado_2897,GUADALAJARA,BAJIO,Primera mención,ITESM,8.4,9,7.8,9
Entrevistado_2898,Entrevistado_2898,CIUDAD DE MÉXICO,CENTRO,Primera mención,ANÁHUAC,8.4,8,1,8
Entrevistado_2899,Entrevistado_2899,GUADALAJARA,BAJIO,Primera mención,OTRAS,10,8,1,8
Entrevistado_2900,Entrevistado_2900,LEÓN,BAJIO,Primera mención,OTRAS,8.4,3,4,4
Entrevistado_2901,Entrevistado_2901,MONTERREY,NORTE,Primera mención,ITESM,10,4,7.8,8
Entrevistado_2902,Entrevistado_2902,TEPIC,OCCIDENTE,Primera mención,OTRAS,6,2,7.8,8
Entrevistado_2903,Entrevistado_2903,VILLAHERMOSA,SUR,Primera mención,OTRAS,8.4,10,8,8
Entrevistado_2904,Entrevistado_2904,MORELIA,BAJIO,Primera mención,ITESM,7,6,7.8,8
Entrevistado_2905,Entrevistado_2905,QUERÉTARO,CENTRO,Primera mención,UVM,8.4,5,3,8
Entrevistado_2906,Entrevistado_2906,LEÓN,BAJIO,Primera mención,OTRAS,5,8,7.8,8
Entrevistado_2907,Entrevistado_2907,GUADALAJARA,BAJIO,Primera mención,OTRAS,5,9,7.8,9
Entrevistado_2908,Entrevistado_2908,TIJUANA,OCCIDENTE,Primera mención,OTRAS,8,8,5,8
Entrevistado_2909,Entrevistado_2909,COATZACOALCOS,SUR,Primera mención,OTRAS,9,5,7.8,8
Entrevistado_2910,Entrevistado_2910,VILLAHERMOSA,SUR,Primera mención,UVM,8.4,8,7.8,8
Entrevistado_2911,Entrevistado_2911,LEÓN,BAJIO,Primera mención,ITESM,8.4,7,7.8,8
Entrevistado_2912,Entrevistado_2912,MORELIA,BAJIO,Primera mención,OTRAS,10,8,7,8
Entrevistado_2913,Entrevistado_2913,AGUASCALIENTES,BAJIO,Primera mención,UVM,8.4,7,7.8,8
Entrevistado_2914,Entrevistado_2914,GUADALAJARA,BAJIO,Primera mención,OTRAS,10,5,7.8,6
Entrevistado_2915,Entrevistado_2915,AGUASCALIENTES,BAJIO,Primera mención,OTRAS,8,10,10,10
Entrevistado_2916,Entrevistado_2916,GUADALAJARA,BAJIO,Primera mención,OTRAS,7,2,4,8
Entrevistado_2917,Entrevistado_2917,MEXICALI,OCCIDENTE,Primera mención,OTRAS,9,10,4,7
Entrevistado_2918,Entrevistado_2918,CIUDAD DE MÉXICO,CENTRO,Primera mención,OTRAS,10,9,6,9
Entrevistado_2919,Entrevistado_2919,GUADALAJARA,BAJIO,Primera mención,OTRAS,9,6,7.8,8
Entrevistado_2920,Entrevistado_2920,QUERÉTARO,CENTRO,Primera mención,OTRAS,8,8,9,3
Entrevistado_2921,Entrevistado_2921,CIUDAD DE MÉXICO,CENTRO,Primera mención,OTRAS,8,5,7.8,8
Entrevistado_2922,Entrevistado_2922,COATZACOALCOS,SUR,Primera mención,OTRAS,8.4,2,10,8
Entrevistado_2923,Entrevistado_2923,QUERÉTARO,CENTRO,Primera mención,ITESM,10,10,7.8,10
Entrevistado_2924,Entrevistado_2924,CULIACÁN,OCCIDENTE,Primera mención,OTRAS,7,10,7.8,8
Entrevistado_2925,Entrevistado_2925,TEPIC,OCCIDENTE,Primera mención,OTRAS,8,5,10,8
Entrevistado_2926,Entrevistado_2926,MORELIA,BAJIO,Primera mención,OTRAS,10,8,10,8
Entrevistado_2927,Entrevistado_2927,HERMOSILLO,OCCIDENTE,Primera mención,UVM,7,9,10,4
Entrevistado_2928,Entrevistado_2928,CULIACÁN,OCCIDENTE,Primera mención,OTRAS,7,5,7.8,4
Entrevistado_2929,Entrevistado_2929,AGUASCALIENTES,BAJIO,Primera mención,ITESM,8.4,9,9,6
Entrevistado_2930,Entrevistado_2930,AGUASCALIENTES,BAJIO,Primera mención,OTRAS,8,8,10,8
Entrevistado_2931,Entrevistado_2931,TEPIC,OCCIDENTE,Primera mención,OTRAS,10,10,7.8,4
Entrevistado_2932,Entrevistado_2932,LEÓN,BAJIO,Primera mención,OTRAS,8.4,7,1,6
Entrevistado_2933,Entrevistado_2933,IRAPUATO,BAJIO,Primera mención,OTRAS,8.4,6,7.8,8
Entrevistado_2934,Entrevistado_2934,TEPIC,OCCIDENTE,Primera mención,OTRAS,8.4,1,7,2
Entrevistado_2935,Entrevistado_2935,IRAPUATO,BAJIO,Primera mención,OTRAS,8.4,8,7,8
Entrevistado_2936,Entrevistado_2936,GUADALAJARA,BAJIO,Primera mención,OTRAS,8,5,7.8,10
Entrevistado_2937,Entrevistado_2937,TUXTLA GUTIÉRREZ,SUR,Primera mención,ITESM,8,8,10,8
Entrevistado_2938,Entrevistado_2938,HERMOSILLO,OCCIDENTE,Primera mención,OTRAS,8,3,9,8
Entrevistado_2939,Entrevistado_2939,MORELIA,BAJIO,Primera mención,OTRAS,7,8,6,3
Entrevistado_2940,Entrevistado_2940,MORELIA,BAJIO,Primera mención,OTRAS,8.4,5,7.8,10
Entrevistado_2941,Entrevistado_2941,CIUDAD DE MÉXICO,CENTRO,Primera mención,OTRAS,9,4,7.8,8
Entrevistado_2942,Entrevistado_2942,MORELIA,BAJIO,Primera mención,OTRAS,10,8,10,8
Entrevistado_2943,Entrevistado_2943,CULIACÁN,OCCIDENTE,Primera mención,OTRAS,8,10,7.8,8
Entrevistado_2944,Entrevistado_2944,CIUDAD DE MÉXICO,CENTRO,Primera mención,ITESM,8.4,2,7.8,8
Entrevistado_2945,Entrevistado_2945,MORELIA,BAJIO,Primera mención,OTRAS,7,8,7.8,6
Entrevistado_2946,Entrevistado_2946,LEÓN,BAJIO,Primera mención,OTRAS,6,9,8,8
Entrevistado_2947,Entrevistado_2947,MORELIA,BAJIO,Primera mención,OTRAS,5,4,10,10
Entrevistado_2948,Entrevistado_2948,HERMOSILLO,OCCIDENTE,Primera mención,ITESM,10,8,10,8
Entrevistado_2949,Entrevistado_2949,VILLAHERMOSA,SUR,Primera mención,OTRAS,9,10,1,6
Entrevistado_2950,Entrevistado_2950,HERMOSILLO,OCCIDENTE,Primera mención,OTRAS,10,8,7.8,8
Entrevistado_2951,Entrevistado_2951,AGUASCALIENTES,BAJIO,Primera mención,OTRAS,8.4,7,9,8
Entrevistado_2952,Entrevistado_2952,GUADALAJARA,BAJIO,Primera mención,ITESM,10,10,7.8,8
Entrevistado_2953,Entrevistado_2953,CIUDAD DE MÉXICO,CENTRO,Primera mención,OTRAS,8,8,7.8,6
Entrevistado_2954,Entrevistado_2954,MAZATLÁN,OCCIDENTE,Primera mención,OTRAS,8,8,7.8,7
Entrevistado_2955,Entrevistado_2955,CIUDAD DE MÉXICO,CENTRO,Primera mención,ITESM,8.4,4,7.8,8
Entrevistado_2956,Entrevistado_2956,COATZACOALCOS,SUR,Primera mención,OTRAS,10,10,8,8
Entrevistado_2957,Entrevistado_2957,CIUDAD DE MÉXICO,CENTRO,Primera mención,OTRAS,9,8,4,8
Entrevistado_2958,Entrevistado_2958,GUADALAJARA,BAJIO,Primera mención,OTRAS,7,8,7.8,8
Entrevistado_2959,Entrevistado_2959,MONTERREY,NORTE,Primera mención,ITESM,8.4,6,7.8,9
Entrevistado_2960,Entrevistado_2960,GUADALAJARA,BAJIO,Primera mención,OTRAS,8.4,9,9,7
Entrevistado_2961,Entrevistado_2961,LEÓN,BAJIO,Primera mención,OTRAS,7,10,7.8,8
Entrevistado_2962,Entrevistado_2962,VILLAHERMOSA,SUR,Primera mención,UVM,8.4,10,7.8,10
Entrevistado_2963,Entrevistado_2963,CD. OBREGÓN,OCCIDENTE,Primera mención,OTRAS,8,9,2,8
Entrevistado_2964,Entrevistado_2964,CIUDAD DE MÉXICO,CENTRO,Primera mención,OTRAS,10,3,7.8,8
Entrevistado_2965,Entrevistado_2965,GUADALAJARA,BAJIO,Primera mención,OTRAS,7,8,10,10
Entrevistado_2966,Entrevistado_2966,LEÓN,BAJIO,Primera mención,OTRAS,8.4,8,5,8
Entrevistado_2967,Entrevistado_2967,LA PAZ,OCCIDENTE,Primera mención,OTRAS,8.4,10,7.8,10
Entrevistado_2968,Entrevistado_2968,MORELIA,BAJIO,Primera mención,OTRAS,7,9,9,6
Entrevistado_2969,Entrevistado_2969,TUXTLA GUTIÉRREZ,SUR,Primera mención,OTRAS,10,8,10,8
Entrevistado_2970,Entrevistado_2970,MEXICALI,OCCIDENTE,Primera mención,OTRAS,8,9,7,8
Entrevistado_2971,Entrevistado_2971,COATZACOALCOS,SUR,Primera mención,OTRAS,10,8,8,8
Entrevistado_2972,Entrevistado_2972,QUERÉTARO,CENTRO,Primera mención,ANÁHUAC,10,8,7,5
Entrevistado_2973,Entrevistado_2973,HERMOSILLO,OCCIDENTE,Primera mención,UVM,8.4,8,10,10
Entrevistado_2974,Entrevistado_2974,MONTERREY,NORTE,Primera mención,ITESM,5,8,7,8
Entrevistado_2975,Entrevistado_2975,CIUDAD DE MÉXICO,CENTRO,Primera mención,OTRAS,8.4,10,5,8
Entrevistado_2976,Entrevistado_2976,TUXTLA GUTIÉRREZ,SUR,Primera mención,UVM,7,8,10,10
Entrevistado_2977,Entrevistado_2977,LEÓN,BAJIO,Primera mención,OTRAS,9,8,4,10
Entrevistado_2978,Entrevistado_2978,TIJUANA,OCCIDENTE,Primera mención,OTRAS,9,10,7.8,8
Entrevistado_2979,Entrevistado_2979,TEPIC,OCCIDENTE,Primera mención,OTRAS,10,7,10,7
Entrevistado_2980,Entrevistado_2980,VILLAHERMOSA,SUR,Primera mención,OTRAS,8.4,10,7.8,7
Entrevistado_2981,Entrevistado_2981,PUEBLA,CENTRO,Primera mención,OTRAS,10,9,5,8
Entrevistado_2982,Entrevistado_2982,GUADALAJARA,BAJIO,Primera mención,OTRAS,8,10,10,8
Entrevistado_2983,Entrevistado_2983,COATZACOALCOS,SUR,Primera mención,OTRAS,8.4,8,10,7
Entrevistado_2984,Entrevistado_2984,PUEBLA,CENTRO,Primera mención,OTRAS,10,8,7.8,9
Entrevistado_2985,Entrevistado_2985,GUADALAJARA,BAJIO,Primera mención,OTRAS,8.4,6,3,7
Entrevistado_2986,Entrevistado_2986,COATZACOALCOS,SUR,Primera mención,OTRAS,8.4,8,7.8,1
Entrevistado_2987,Entrevistado_2987,CIUDAD DE MÉXICO,CENTRO,Primera mención,ITESM,8,8,10,8
Entrevistado_2988,Entrevistado_2988,CIUDAD DE MÉXICO,CENTRO,Primera mención,OTRAS,7,8,7.8,8
Entrevistado_2989,Entrevistado_2989,GUADALAJARA,BAJIO,Primera mención,OTRAS,8,7,1,8
Entrevistado_2990,Entrevistado_2990,COATZACOALCOS,SUR,Primera mención,OTRAS,8.4,10,7.8,10
Entrevistado_2991,Entrevistado_2991,GUADALAJARA,BAJIO,Primera mención,OTRAS,7,8,7,8
Entrevistado_2992,Entrevistado_2992,AGUASCALIENTES,BAJIO,Primera mención,ITESM,9,8,7,10
Entrevistado_2993,Entrevistado_2993,CULIACÁN,OCCIDENTE,Primera mención,OTRAS,8.4,8,7.8,8
Entrevistado_2994,Entrevistado_2994,VERACRUZ,ORIENTE,Primera mención,OTRAS,10,8,8,10
Entrevistado_2995,Entrevistado_2995,CIUDAD DE MÉXICO,CENTRO,Primera mención,OTRAS,9,10,10,10
Entrevistado_2996,Entrevistado_2996,MORELIA,BAJIO,Primera mención,OTRAS,7,6,7,8
Entrevistado_2997,Entrevistado_2997,TEPIC,OCCIDENTE,Primera mención,OTRAS,8.4,7,4,8
Entrevistado_2998,Entrevistado_2998,CIUDAD DE MÉXICO,CENTRO,Primera mención,UVM,10,10,9,3
Entrevistado_2999,Entrevistado_2999,CULIACÁN,OCCIDENTE,Primera mención,OTRAS,8.4,8,10,8
Entrevistado_3000,Entrevistado_3000,CULIACÁN,OCCIDENTE,Primera mención,OTRAS,10,8,7.8,7
Entrevistado_3001,Entrevistado_3001,AGUASCALIENTES,BAJIO,Primera mención,OTRAS,10,8,7.8,8
Entrevistado_3002,Entrevistado_3002,MEXICALI,OCCIDENTE,Primera mención,OTRAS,8.4,10,8,8
Entrevistado_3003,Entrevistado_3003,ZAMORA,BAJIO,Primera mención,OTRAS,4,8,7,7
Entrevistado_3004,Entrevistado_3004,CIUDAD DE MÉXICO,CENTRO,Primera mención,OTRAS,8.4,10,8,8
Entrevistado_3005,Entrevistado_3005,PUEBLA,CENTRO,Primera mención,OTRAS,7,8,7.8,8
Entrevistado_3006,Entrevistado_3006,VILLAHERMOSA,SUR,Primera mención,OTRAS,7,8,10,10
Entrevistado_3007,Entrevistado_3007,MORELIA,BAJIO,Primera mención,OTRAS,7,10,7.8,8
Entrevistado_3008,Entrevistado_3008,MORELIA,BAJIO,Primera mención,OTRAS,10,8,2,8
Entrevistado_3009,Entrevistado_3009,MÉRIDA,SUR,Primera mención,OTRAS,8.4,8,10,8
Entrevistado_3010,Entrevistado_3010,GUADALAJARA,BAJIO,Primera mención,OTRAS,7,6,1,8
Entrevistado_3011,Entrevistado_3011,CIUDAD DE MÉXICO,CENTRO,Primera mención,OTRAS,8,10,4,10
Entrevistado_3012,Entrevistado_3012,MORELIA,BAJIO,Primera mención,OTRAS,10,10,7.8,8
Entrevistado_3013,Entrevistado_3013,HERMOSILLO,OCCIDENTE,Primera mención,OTRAS,10,10,7.8,8
Entrevistado_3014,Entrevistado_3014,GUADALAJARA,BAJIO,Primera mención,OTRAS,5,8,3,5
Entrevistado_3015,Entrevistado_3015,VILLAHERMOSA,SUR,Primera mención,UVM,10,8,7.8,8
Entrevistado_3016,Entrevistado_3016,MAZATLÁN,OCCIDENTE,Primera mención,OTRAS,10,8,7.8,6
Entrevistado_3017,Entrevistado_3017,GUADALAJARA,BAJIO,Primera mención,OTRAS,8.4,9,9,8
Entrevistado_3018,Entrevistado_3018,GUADALAJARA,BAJIO,Primera mención,OTRAS,10,5,8,8
Entrevistado_3019,Entrevistado_3019,CIUDAD DE MÉXICO,CENTRO,Primera mención,OTRAS,10,9,10,8
Entrevistado_3020,Entrevistado_3020,GUADALAJARA,BAJIO,Primera mención,ITESM,8.4,7,7.8,10
Entrevistado_3021,Entrevistado_3021,CIUDAD DE MÉXICO,CENTRO,Primera mención,OTRAS,5,8,8,8
Entrevistado_3022,Entrevistado_3022,GUADALAJARA,BAJIO,Primera mención,OTRAS,7,10,7,7
Entrevistado_3023,Entrevistado_3023,ZAMORA,BAJIO,Primera mención,OTRAS,6,10,7.8,8
Entrevistado_3024,Entrevistado_3024,LEÓN,BAJIO,Primera mención,ITESM,10,3,1,8
Entrevistado_3025,Entrevistado_3025,LEÓN,BAJIO,Primera mención,OTRAS,8.4,10,1,8
Entrevistado_3026,Entrevistado_3026,COATZACOALCOS,SUR,Primera mención,OTRAS,10,2,7.8,8
Entrevistado_3027,Entrevistado_3027,MAZATLÁN,OCCIDENTE,Primera mención,OTRAS,9,8,10,8
Entrevistado_3028,Entrevistado_3028,CIUDAD DE MÉXICO,CENTRO,Primera mención,OTRAS,9,4,7.8,8
Entrevistado_3029,Entrevistado_3029,TEPIC,OCCIDENTE,Primera mención,OTRAS,10,8,7.8,8
Entrevistado_3030,Entrevistado_3030,IRAPUATO,BAJIO,Primera mención,OTRAS,10,8,10,6
Entrevistado_3031,Entrevistado_3031,TEPIC,OCCIDENTE,Primera mención,OTRAS,8.4,9,7.8,8
Entrevistado_3032,Entrevistado_3032,GUADALAJARA,BAJIO,Primera mención,OTRAS,8.4,9,10,5
Entrevistado_3033,Entrevistado_3033,QUERÉTARO,CENTRO,Primera mención,OTRAS,7,5,6,8
Entrevistado_3034,Entrevistado_3034,MONTERREY,NORTE,Primera mención,OTRAS,4,10,7,8
Entrevistado_3035,Entrevistado_3035,GUADALAJARA,BAJIO,Primera mención,OTRAS,10,8,6,10
Entrevistado_3036,Entrevistado_3036,GUADALAJARA,BAJIO,Primera mención,OTRAS,10,7,7,8
Entrevistado_3037,Entrevistado_3037,GUADALAJARA,BAJIO,Primera mención,OTRAS,9,8,7.8,8
Entrevistado_3038,Entrevistado_3038,COATZACOALCOS,SUR,Primera mención,OTRAS,8.4,8,7.8,8
Entrevistado_3039,Entrevistado_3039,MONTERREY,NORTE,Primera mención,ITESM,8.4,9,7.8,9
Entrevistado_3040,Entrevistado_3040,QUERÉTARO,CENTRO,Primera mención,OTRAS,7,2,7.8,6
Entrevistado_3041,Entrevistado_3041,LA PAZ,OCCIDENTE,Primera mención,OTRAS,8.4,8,3,8
Entrevistado_3042,Entrevistado_3042,LEÓN,BAJIO,Primera mención,OTRAS,8,8,6,7
Entrevistado_3043,Entrevistado_3043,MORELIA,BAJIO,Primera mención,OTRAS,7,8,7.8,5
Entrevistado_3044,Entrevistado_3044,IRAPUATO,BAJIO,Primera mención,OTRAS,8,8,10,8
Entrevistado_3045,Entrevistado_3045,MORELIA,BAJIO,Primera mención,ITESM,5,8,7.8,8
Entrevistado_3046,Entrevistado_3046,AGUASCALIENTES,BAJIO,Primera mención,UVM,8.4,8,10,10
Entrevistado_3047,Entrevistado_3047,MÉRIDA,SUR,Primera mención,ANÁHUAC,8.4,8,10,10
Entrevistado_3048,Entrevistado_3048,MAZATLÁN,OCCIDENTE,Primera mención,OTRAS,9,2,7.8,5
Entrevistado_3049,Entrevistado_3049,QUERÉTARO,CENTRO,Primera mención,ANÁHUAC,9,8,7.8,8
Entrevistado_3050,Entrevistado_3050,CIUDAD DE MÉXICO,CENTRO,Primera mención,ITESM,8.4,8,8,7
Entrevistado_3051,Entrevistado_3051,MONTERREY,NORTE,Primera mención,OTRAS,8,7,7.8,8
Entrevistado_3052,Entrevistado_3052,TEPIC,OCCIDENTE,Primera mención,OTRAS,9,8,7.8,6
Entrevistado_3053,Entrevistado_3053,TIJUANA,OCCIDENTE,Primera mención,OTRAS,10,8,4,8
Entrevistado_3054,Entrevistado_3054,MAZATLÁN,OCCIDENTE,Primera mención,OTRAS,8,4,10,8
Entrevistado_3055,Entrevistado_3055,MAZATLÁN,OCCIDENTE,Primera mención,OTRAS,8,8,7.8,10
Entrevistado_3056,Entrevistado_3056,GUADALAJARA,BAJIO,Primera mención,OTRAS,8.4,5,7.8,10
Entrevistado_3057,Entrevistado_3057,QUERÉTARO,CENTRO,Primera mención,OTRAS,7,10,7.8,8
Entrevistado_3058,Entrevistado_3058,GUADALAJARA,BAJIO,Primera mención,OTRAS,6,8,10,10
Entrevistado_3059,Entrevistado_3059,CIUDAD DE MÉXICO,CENTRO,Primera mención,UVM,8.4,9,10,8
Entrevistado_3060,Entrevistado_3060,HERMOSILLO,OCCIDENTE,Primera mención,OTRAS,10,6,8,8
Entrevistado_3061,Entrevistado_3061,CULIACÁN,OCCIDENTE,Primera mención,ITESM,4,10,7.8,8
Entrevistado_3062,Entrevistado_3062,IRAPUATO,BAJIO,Primera mención,ITESM,9,10,7.8,8
Entrevistado_3063,Entrevistado_3063,COATZACOALCOS,SUR,Primera mención,OTRAS,10,5,4,8
Entrevistado_3064,Entrevistado_3064,LA PAZ,OCCIDENTE,Primera mención,OTRAS,7,8,3,1
Entrevistado_3065,Entrevistado_3065,GUADALAJARA,BAJIO,Primera mención,OTRAS,10,6,7.8,8
Entrevistado_3066,Entrevistado_3066,MORELIA,BAJIO,Primera mención,OTRAS,10,5,7.8,8
Entrevistado_3067,Entrevistado_3067,CULIACÁN,OCCIDENTE,Primera mención,OTRAS,8,7,1,8
Entrevistado_3068,Entrevistado_3068,TEPIC,OCCIDENTE,Primera mención,OTRAS,10,8,7.8,9
Entrevistado_3069,Entrevistado_3069,GUADALAJARA,BAJIO,Primera mención,OTRAS,8.4,6,7.8,8
Entrevistado_3070,Entrevistado_3070,MAZATLÁN,OCCIDENTE,Primera mención,OTRAS,10,10,4,7
Entrevistado_3071,Entrevistado_3071,GUADALAJARA,BAJIO,Primera mención,OTRAS,9,8,7.8,9
Entrevistado_3072,Entrevistado_3072,CIUDAD DE MÉXICO,CENTRO,Primera mención,ITESM,10,8,7.8,10
Entrevistado_3073,Entrevistado_3073,AGUASCALIENTES,BAJIO,Primera mención,OTRAS,8,7,10,10
Entrevistado_3074,Entrevistado_3074,PUEBLA,CENTRO,Primera mención,OTRAS,7,10,8,8
Entrevistado_3075,Entrevistado_3075,GUADALAJARA,BAJIO,Primera mención,OTRAS,8.4,3,1,8
Entrevistado_3076,Entrevistado_3076,GUADALAJARA,BAJIO,Primera mención,OTRAS,8.4,3,10,6
Entrevistado_3077,Entrevistado_3077,CULIACÁN,OCCIDENTE,Primera mención,OTRAS,4,6,4,8
Entrevistado_3078,Entrevistado_3078,MORELIA,BAJIO,Primera mención,OTRAS,6,3,1,8
Entrevistado_3079,Entrevistado_3079,CULIACÁN,OCCIDENTE,Primera mención,OTRAS,10,5,1,8
Entrevistado_3080,Entrevistado_3080,GUADALAJARA,BAJIO,Primera mención,OTRAS,10,3,9,5
Entrevistado_3081,Entrevistado_3081,VILLAHERMOSA,SUR,Primera mención,OTRAS,8.4,6,7.8,3
Entrevistado_3082,Entrevistado_3082,COATZACOALCOS,SUR,Primera mención,OTRAS,8.4,8,7.8,10
Entrevistado_3083,Entrevistado_3083,MORELIA,BAJIO,Primera mención,OTRAS,8.4,8,8,8
Entrevistado_3084,Entrevistado_3084,LOS CABOS,OCCIDENTE,Primera mención,OTRAS,8,10,7.8,8
Entrevistado_3085,Entrevistado_3085,MAZATLÁN,OCCIDENTE,Primera mención,OTRAS,8.4,8,5,9
Entrevistado_3086,Entrevistado_3086,GUADALAJARA,BAJIO,Primera mención,OTRAS,8.4,6,10,8
Entrevistado_3087,Entrevistado_3087,VILLAHERMOSA,SUR,Primera mención,OTRAS,10,8,8,8
Entrevistado_3088,Entrevistado_3088,VILLAHERMOSA,SUR,Primera mención,UVM,6,8,3,10
Entrevistado_3089,Entrevistado_3089,MONTERREY,NORTE,Primera mención,OTRAS,5,10,7.8,8
Entrevistado_3090,Entrevistado_3090,QUERÉTARO,CENTRO,Primera mención,ANÁHUAC,8,8,7.8,8
Entrevistado_3091,Entrevistado_3091,TEPIC,OCCIDENTE,Primera mención,OTRAS,6,10,7.8,7
Entrevistado_3092,Entrevistado_3092,IRAPUATO,BAJIO,Primera mención,OTRAS,9,8,7.8,10
Entrevistado_3093,Entrevistado_3093,GUADALAJARA,BAJIO,Primera mención,OTRAS,8.4,10,7.8,8
Entrevistado_3094,Entrevistado_3094,MORELIA,BAJIO,Primera mención,OTRAS,10,8,7.8,3
Entrevistado_3095,Entrevistado_3095,AGUASCALIENTES,BAJIO,Primera mención,OTRAS,9,8,7.8,8
Entrevistado_3096,Entrevistado_3096,HERMOSILLO,OCCIDENTE,Primera mención,OTRAS,9,8,7.8,8
Entrevistado_3097,Entrevistado_3097,VILLAHERMOSA,SUR,Primera mención,OTRAS,10,8,7.8,10
Entrevistado_3098,Entrevistado_3098,CULIACÁN,OCCIDENTE,Primera mención,OTRAS,10,9,10,8
Entrevistado_3099,Entrevistado_3099,HERMOSILLO,OCCIDENTE,Primera mención,OTRAS,8,8,9,6
Entrevistado_3100,Entrevistado_3100,MORELIA,BAJIO,Primera mención,OTRAS,8.4,8,6,2
Entrevistado_3101,Entrevistado_3101,VILLAHERMOSA,SUR,Primera mención,OTRAS,10,8,4,6
Entrevistado_3102,Entrevistado_3102,TEPIC,OCCIDENTE,Primera mención,OTRAS,7,5,7.8,8
Entrevistado_3103,Entrevistado_3103,CIUDAD DE MÉXICO,CENTRO,Primera mención,OTRAS,8.4,3,7.8,8
Entrevistado_3104,Entrevistado_3104,AGUASCALIENTES,BAJIO,Primera mención,OTRAS,10,8,7.8,8
Entrevistado_3105,Entrevistado_3105,VILLAHERMOSA,SUR,Primera mención,OTRAS,8,10,8,10
Entrevistado_3106,Entrevistado_3106,ENSENADA,OCCIDENTE,Primera mención,OTRAS,10,5,10,3
Entrevistado_3107,Entrevistado_3107,VILLAHERMOSA,SUR,Primera mención,UVM,10,8,7.8,5
Entrevistado_3108,Entrevistado_3108,LEÓN,BAJIO,Primera mención,OTRAS,6,8,8,8
Entrevistado_3109,Entrevistado_3109,GUADALAJARA,BAJIO,Primera mención,OTRAS,8.4,6,9,8
Entrevistado_3110,Entrevistado_3110,GUADALAJARA,BAJIO,Primera mención,OTRAS,8,10,7.8,8
Entrevistado_3111,Entrevistado_3111,LEÓN,BAJIO,Primera mención,OTRAS,10,9,7,8
Entrevistado_3112,Entrevistado_3112,CULIACÁN,OCCIDENTE,Primera mención,OTRAS,7,10,7.8,8
Entrevistado_3113,Entrevistado_3113,MONTERREY,NORTE,Primera mención,OTRAS,6,3,1,8
Entrevistado_3114,Entrevistado_3114,TEPIC,OCCIDENTE,Primera mención,OTRAS,10,8,6,8
Entrevistado_3115,Entrevistado_3115,IRAPUATO,BAJIO,Primera mención,OTRAS,7,8,10,8
Entrevistado_3116,Entrevistado_3116,GUADALAJARA,BAJIO,Primera mención,OTRAS,10,5,7.8,8
Entrevistado_3117,Entrevistado_3117,MAZATLÁN,OCCIDENTE,Primera mención,OTRAS,10,7,7.8,9
Entrevistado_3118,Entrevistado_3118,IRAPUATO,BAJIO,Primera mención,OTRAS,8,10,7.8,10
Entrevistado_3119,Entrevistado_3119,HERMOSILLO,OCCIDENTE,Primera mención,UVM,10,8,6,8
Entrevistado_3120,Entrevistado_3120,GUADALAJARA,BAJIO,Primera mención,OTRAS,8,5,7.8,8
Entrevistado_3121,Entrevistado_3121,GUADALAJARA,BAJIO,Primera mención,OTRAS,8,9,7.8,10
Entrevistado_3122,Entrevistado_3122,MEXICALI,OCCIDENTE,Primera mención,OTRAS,8,8,7.8,10
Entrevistado_3123,Entrevistado_3123,VILLAHERMOSA,SUR,Primera mención,UVM,10,8,7,7
Entrevistado_3124,Entrevistado_3124,MORELIA,BAJIO,Primera mención,OTRAS,7,10,10,5
Entrevistado_3125,Entrevistado_3125,QUERÉTARO,CENTRO,Primera mención,OTRAS,7,8,7.8,8
Entrevistado_3126,Entrevistado_3126,LEÓN,BAJIO,Primera mención,OTRAS,8,9,6,8
Entrevistado_3127,Entrevistado_3127,GUADALAJARA,BAJIO,Primera mención,OTRAS,10,10,8,8
Entrevistado_3128,Entrevistado_3128,QUERÉTARO,CENTRO,Primera mención,UVM,9,9,1,8
Entrevistado_3129,Entrevistado_3129,GUADALAJARA,BAJIO,Primera mención,OTRAS,9,8,5,8
Entrevistado_3130,Entrevistado_3130,MEXICALI,OCCIDENTE,Primera mención,OTRAS,10,7,7.8,8
Entrevistado_3131,Entrevistado_3131,MORELIA,BAJIO,Primera mención,OTRAS,8.4,8,2,8
Entrevistado_3132,Entrevistado_3132,HERMOSILLO,OCCIDENTE,Primera mención,ITESM,5,6,10,9
Entrevistado_3133,Entrevistado_3133,MEXICALI,OCCIDENTE,Primera mención,OTRAS,9,8,6,8
Entrevistado_3134,Entrevistado_3134,CULIACÁN,OCCIDENTE,Primera mención,OTRAS,6,8,10,8
Entrevistado_3135,Entrevistado_3135,MORELIA,BAJIO,Primera mención,OTRAS,7,6,7.8,8
Entrevistado_3136,Entrevistado_3136,GUADALAJARA,BAJIO,Primera mención,ITESM,8.4,10,8,8
Entrevistado_3137,Entrevistado_3137,TEPIC,OCCIDENTE,Primera mención,OTRAS,8,6,7.8,6
Entrevistado_3138,Entrevistado_3138,LEÓN,BAJIO,Primera mención,OTRAS,10,8,7.8,10
Entrevistado_3139,Entrevistado_3139,CD. OBREGÓN,OCCIDENTE,Primera mención,OTRAS,10,4,7,8
Entrevistado_3140,Entrevistado_3140,MORELIA,BAJIO,Primera mención,OTRAS,8.4,8,7.8,8
Entrevistado_3141,Entrevistado_3141,MORELIA,BAJIO,Primera mención,OTRAS,8.4,8,7.8,5
Entrevistado_3142,Entrevistado_3142,GUADALAJARA,BAJIO,Primera mención,OTRAS,8,10,7.8,7
Entrevistado_3143,Entrevistado_3143,LA PAZ,OCCIDENTE,Primera mención,OTRAS,8.4,7,9,8
Entrevistado_3144,Entrevistado_3144,HERMOSILLO,OCCIDENTE,Primera mención,OTRAS,5,10,7.8,8
Entrevistado_3145,Entrevistado_3145,GUADALAJARA,BAJIO,Primera mención,UVM,6,8,7.8,10
Entrevistado_3146,Entrevistado_3146,MORELIA,BAJIO,Primera mención,OTRAS,8.4,8,3,8
Entrevistado_3147,Entrevistado_3147,MORELIA,BAJIO,Primera mención,OTRAS,10,4,7.8,8
Entrevistado_3148,Entrevistado_3148,MORELIA,BAJIO,Primera mención,OTRAS,10,3,1,5
Entrevistado_3149,Entrevistado_3149,QUERÉTARO,CENTRO,Primera mención,ANÁHUAC,8.4,4,3,8
Entrevistado_3150,Entrevistado_3150,VILLAHERMOSA,SUR,Primera mención,UVM,7,8,10,9
Entrevistado_3151,Entrevistado_3151,PUEBLA,CENTRO,Primera mención,ANÁHUAC,8.4,8,7.8,9
Entrevistado_3152,Entrevistado_3152,LA PAZ,OCCIDENTE,Primera mención,OTRAS,9,10,7.8,7
Entrevistado_3153,Entrevistado_3153,GUADALAJARA,BAJIO,Primera mención,OTRAS,8.4,10,10,7
Entrevistado_3154,Entrevistado_3154,CULIACÁN,OCCIDENTE,Primera mención,OTRAS,10,8,7.8,8
Entrevistado_3155,Entrevistado_3155,LEÓN,BAJIO,Primera mención,OTRAS,10,10,7.8,8
Entrevistado_3156,Entrevistado_3156,GUADALAJARA,BAJIO,Primera mención,OTRAS,8.4,6,7.8,10
Entrevistado_3157,Entrevistado_3157,AGUASCALIENTES,BAJIO,Primera mención,OTRAS,10,8,10,8
Entrevistado_3158,Entrevistado_3158,VILLAHERMOSA,SUR,Primera mención,OTRAS,9,10,7.8,10
Entrevistado_3159,Entrevistado_3159,QUERÉTARO,CENTRO,Primera mención,ANÁHUAC,9,8,7.8,10
Entrevistado_3160,Entrevistado_3160,LOS CABOS,OCCIDENTE,Primera mención,OTRAS,8.4,7,7.8,6
Entrevistado_3161,Entrevistado_3161,GUADALAJARA,BAJIO,Primera mención,UVM,8.4,7,7.8,10
Entrevistado_3162,Entrevistado_3162,VILLAHERMOSA,SUR,Primera mención,OTRAS,8,8,7.8,8
Entrevistado_3163,Entrevistado_3163,VILLAHERMOSA,SUR,Primera mención,UVM,10,8,10,1
Entrevistado_3164,Entrevistado_3164,TUXTLA GUTIÉRREZ,SUR,Primera mención,OTRAS,8,10,5,8
Entrevistado_3165,Entrevistado_3165,MORELIA,BAJIO,Primera mención,OTRAS,10,8,10,9
Entrevistado_3166,Entrevistado_3166,CULIACÁN,OCCIDENTE,Primera mención,OTRAS,10,10,5,10
Entrevistado_3167,Entrevistado_3167,HERMOSILLO,OCCIDENTE,Primera mención,OTRAS,8.4,7,7.8,8
Entrevistado_3168,Entrevistado_3168,QUERÉTARO,CENTRO,Primera mención,UVM,7,10,7.8,6
Entrevistado_3169,Entrevistado_3169,GUADALAJARA,BAJIO,Primera mención,OTRAS,9,8,4,8
Entrevistado_3170,Entrevistado_3170,HERMOSILLO,OCCIDENTE,Primera mención,OTRAS,7,8,4,8
Entrevistado_3171,Entrevistado_3171,MORELIA,BAJIO,Primera mención,OTRAS,10,10,7.8,10
Entrevistado_3172,Entrevistado_3172,GUADALAJARA,BAJIO,Primera mención,OTRAS,6,7,8,8
Entrevistado_3173,Entrevistado_3173,TUXTLA GUTIÉRREZ,SUR,Primera mención,OTRAS,10,8,7.8,6
Entrevistado_3174,Entrevistado_3174,MEXICALI,OCCIDENTE,Primera mención,OTRAS,8.4,8,10,8
Entrevistado_3175,Entrevistado_3175,AGUASCALIENTES,BAJIO,Primera mención,OTRAS,8,3,10,10
Entrevistado_3176,Entrevistado_3176,PUEBLA,CENTRO,Primera mención,OTRAS,6,5,7.8,8
Entrevistado_3177,Entrevistado_3177,MORELIA,BAJIO,Primera mención,OTRAS,7,8,7.8,8
Entrevistado_3178,Entrevistado_3178,MEXICALI,OCCIDENTE,Primera mención,OTRAS,10,8,10,5
Entrevistado_3179,Entrevistado_3179,MORELIA,BAJIO,Primera mención,OTRAS,9,8,8,3
Entrevistado_3180,Entrevistado_3180,MORELIA,BAJIO,Primera mención,OTRAS,8.4,8,7.8,4
Entrevistado_3181,Entrevistado_3181,QUERÉTARO,CENTRO,Primera mención,UVM,9,10,6,8
Entrevistado_3182,Entrevistado_3182,AGUASCALIENTES,BAJIO,Primera mención,OTRAS,10,5,7.8,8
Entrevistado_3183,Entrevistado_3183,TEPIC,OCCIDENTE,Primera mención,OTRAS,7,10,10,7
Entrevistado_3184,Entrevistado_3184,GUADALAJARA,BAJIO,Primera mención,OTRAS,8,9,7.8,8
Entrevistado_3185,Entrevistado_3185,GUADALAJARA,BAJIO,Primera mención,OTRAS,6,7,10,8
Entrevistado_3186,Entrevistado_3186,CULIACÁN,OCCIDENTE,Primera mención,ITESM,10,8,7,10
Entrevistado_3187,Entrevistado_3187,GUADALAJARA,BAJIO,Primera mención,OTRAS,9,8,2,8
Entrevistado_3188,Entrevistado_3188,MAZATLÁN,OCCIDENTE,Primera mención,OTRAS,8.4,7,3,10
Entrevistado_3189,Entrevistado_3189,GUADALAJARA,BAJIO,Primera mención,ITESM,8,10,5,1
Entrevistado_3190,Entrevistado_3190,AGUASCALIENTES,BAJIO,Primera mención,OTRAS,8.4,8,5,1
Entrevistado_3191,Entrevistado_3191,HERMOSILLO,OCCIDENTE,Primera mención,OTRAS,9,10,7.8,3
Entrevistado_3192,Entrevistado_3192,GUADALAJARA,BAJIO,Primera mención,OTRAS,10,8,10,10
Entrevistado_3193,Entrevistado_3193,GUADALAJARA,BAJIO,Primera mención,OTRAS,7,8,9,10
Entrevistado_3194,Entrevistado_3194,GUADALAJARA,BAJIO,Primera mención,OTRAS,10,4,7.8,6
Entrevistado_3195,Entrevistado_3195,ZAMORA,BAJIO,Primera mención,OTRAS,8,9,10,6
Entrevistado_3196,Entrevistado_3196,AGUASCALIENTES,BAJIO,Primera mención,OTRAS,8.4,10,10,10
Entrevistado_3197,Entrevistado_3197,TEPIC,OCCIDENTE,Primera mención,OTRAS,9,10,7.8,9
Entrevistado_3198,Entrevistado_3198,TEPIC,OCCIDENTE,Primera mención,OTRAS,8,8,10,8
Entrevistado_3199,Entrevistado_3199,MEXICALI,OCCIDENTE,Primera mención,OTRAS,8.4,10,7.8,8
Entrevistado_3200,Entrevistado_3200,AGUASCALIENTES,BAJIO,Primera mención,OTRAS,9,9,7.8,4
Entrevistado_3201,Entrevistado_3201,MORELIA,BAJIO,Primera mención,OTRAS,6,8,10,10
Entrevistado_3202,Entrevistado_3202,AGUASCALIENTES,BAJIO,Primera mención,OTRAS,10,6,6,9
Entrevistado_3203,Entrevistado_3203,LEÓN,BAJIO,Primera mención,OTRAS,8,8,7.8,8
Entrevistado_3204,Entrevistado_3204,GUADALAJARA,BAJIO,Primera mención,OTRAS,8.4,8,3,8
Entrevistado_3205,Entrevistado_3205,GUADALAJARA,BAJIO,Primera mención,OTRAS,6,9,7.8,8
Entrevistado_3206,Entrevistado_3206,TUXTLA GUTIÉRREZ,SUR,Primera mención,OTRAS,9,5,5,8
Entrevistado_3207,Entrevistado_3207,CIUDAD DE MÉXICO,CENTRO,Primera mención,OTRAS,8,9,7.8,8
Entrevistado_3208,Entrevistado_3208,COATZACOALCOS,SUR,Primera mención,OTRAS,8.4,10,2,8
Entrevistado_3209,Entrevistado_3209,TEPIC,OCCIDENTE,Primera mención,OTRAS,10,8,7.8,9
Entrevistado_3210,Entrevistado_3210,MORELIA,BAJIO,Primera mención,OTRAS,8,7,7.8,9
Entrevistado_3211,Entrevistado_3211,TEPIC,OCCIDENTE,Primera mención,OTRAS,8.4,7,7.8,9
Entrevistado_3212,Entrevistado_3212,QUERÉTARO,CENTRO,Primera mención,UVM,10,8,7,9
Entrevistado_3213,Entrevistado_3213,GUADALAJARA,BAJIO,Primera mención,OTRAS,5,8,10,8
Entrevistado_3214,Entrevistado_3214,CIUDAD DE MÉXICO,CENTRO,Primera mención,ITESM,7,10,4,8
Entrevistado_3215,Entrevistado_3215,ZAMORA,BAJIO,Primera mención,OTRAS,9,9,7.8,3
Entrevistado_3216,Entrevistado_3216,LOS MOCHIS,OCCIDENTE,Primera mención,OTRAS,10,8,4,6
Entrevistado_3217,Entrevistado_3217,TUXTLA GUTIÉRREZ,SUR,Primera mención,OTRAS,10,8,7.8,10
Entrevistado_3218,Entrevistado_3218,TUXTLA GUTIÉRREZ,SUR,Primera mención,OTRAS,10,8,10,8
Entrevistado_3219,Entrevistado_3219,AGUASCALIENTES,BAJIO,Primera mención,OTRAS,6,8,10,8
Entrevistado_3220,Entrevistado_3220,TUXTLA GUTIÉRREZ,SUR,Primera mención,OTRAS,7,8,10,7
Entrevistado_3221,Entrevistado_3221,MORELIA,BAJIO,Primera mención,OTRAS,8,8,7,10
Entrevistado_3222,Entrevistado_3222,MORELIA,BAJIO,Primera mención,OTRAS,3,6,7.8,9
Entrevistado_3223,Entrevistado_3223,COATZACOALCOS,SUR,Primera mención,OTRAS,8.4,6,7.8,8
Entrevistado_3224,Entrevistado_3224,GUADALAJARA,BAJIO,Primera mención,OTRAS,3,3,7.8,10
Entrevistado_3225,Entrevistado_3225,MEXICALI,OCCIDENTE,Primera mención,OTRAS,10,8,6,4
Entrevistado_3226,Entrevistado_3226,CIUDAD DE MÉXICO,CENTRO,Primera mención,OTRAS,10,8,9,8
Entrevistado_3227,Entrevistado_3227,GUADALAJARA,BAJIO,Primera mención,OTRAS,10,10,7.8,10
Entrevistado_3228,Entrevistado_3228,VERACRUZ,ORIENTE,Primera mención,OTRAS,8,8,9,8
Entrevistado_3229,Entrevistado_3229,MORELIA,BAJIO,Primera mención,OTRAS,8.4,10,7.8,6
Entrevistado_3230,Entrevistado_3230,GUADALAJARA,BAJIO,Primera mención,OTRAS,7,9,7.8,8
Entrevistado_3231,Entrevistado_3231,GUADALAJARA,BAJIO,Primera mención,OTRAS,8.4,4,1,8
Entrevistado_3232,Entrevistado_3232,AGUASCALIENTES,BAJIO,Primera mención,OTRAS,8.4,8,2,8
Entrevistado_3233,Entrevistado_3233,GUADALAJARA,BAJIO,Primera mención,OTRAS,7,8,7.8,8
Entrevistado_3234,Entrevistado_3234,MAZATLÁN,OCCIDENTE,Primera mención,OTRAS,8.4,6,7,8
Entrevistado_3235,Entrevistado_3235,VILLAHERMOSA,SUR,Primera mención,OTRAS,10,10,7.8,7
Entrevistado_3236,Entrevistado_3236,GUADALAJARA,BAJIO,Primera mención,OTRAS,8,6,7.8,7
Entrevistado_3237,Entrevistado_3237,GUADALAJARA,BAJIO,Primera mención,OTRAS,8.4,8,10,7
Entrevistado_3238,Entrevistado_3238,HERMOSILLO,OCCIDENTE,Primera mención,OTRAS,9,10,7.8,6
Entrevistado_3239,Entrevistado_3239,PUEBLA,CENTRO,Primera mención,OTRAS,8.4,10,7.8,9
Entrevistado_3240,Entrevistado_3240,QUERÉTARO,CENTRO,Primera mención,OTRAS,9,6,10,8
Entrevistado_3241,Entrevistado_3241,CIUDAD DE MÉXICO,CENTRO,Primera mención,ITESM,6,8,7.8,8
Entrevistado_3242,Entrevistado_3242,MAZATLÁN,OCCIDENTE,Primera mención,OTRAS,8.4,7,7.8,9
Entrevistado_3243,Entrevistado_3243,CULIACÁN,OCCIDENTE,Primera mención,OTRAS,7,8,7,8
Entrevistado_3244,Entrevistado_3244,COATZACOALCOS,SUR,Primera mención,OTRAS,9,10,5,9
Entrevistado_3245,Entrevistado_3245,LA PAZ,OCCIDENTE,Primera mención,OTRAS,8,10,7.8,6
Entrevistado_3246,Entrevistado_3246,LEÓN,BAJIO,Primera mención,OTRAS,10,7,7.8,8
Entrevistado_3247,Entrevistado_3247,GUADALAJARA,BAJIO,Primera mención,UVM,8.4,7,10,8
Entrevistado_3248,Entrevistado_3248,CIUDAD DE MÉXICO,CENTRO,Primera mención,OTRAS,8.4,8,6,7
Entrevistado_3249,Entrevistado_3249,MORELIA,BAJIO,Primera mención,OTRAS,8.4,8,7.8,10
Entrevistado_3250,Entrevistado_3250,AGUASCALIENTES,BAJIO,Primera mención,OTRAS,8,5,6,10
Entrevistado_3251,Entrevistado_3251,AGUASCALIENTES,BAJIO,Primera mención,OTRAS,9,5,7.8,10
Entrevistado_3252,Entrevistado_3252,MONTERREY,NORTE,Primera mención,ITESM,10,8,9,8
Entrevistado_3253,Entrevistado_3253,MORELIA,BAJIO,Primera mención,OTRAS,8.4,9,10,2
Entrevistado_3254,Entrevistado_3254,LA PAZ,OCCIDENTE,Primera mención,OTRAS,9,9,7,9
Entrevistado_3255,Entrevistado_3255,AGUASCALIENTES,BAJIO,Primera mención,UVM,9,2,7.8,8
Entrevistado_3256,Entrevistado_3256,MORELIA,BAJIO,Primera mención,OTRAS,8,8,2,8
Entrevistado_3257,Entrevistado_3257,IRAPUATO,BAJIO,Primera mención,OTRAS,8.4,7,10,8
Entrevistado_3258,Entrevistado_3258,MÉRIDA,SUR,Primera mención,ANÁHUAC,10,9,7.8,10
Entrevistado_3259,Entrevistado_3259,GUADALAJARA,BAJIO,Primera mención,ITESM,8.4,8,6,10
Entrevistado_3260,Entrevistado_3260,HERMOSILLO,OCCIDENTE,Primera mención,OTRAS,10,10,8,8
Entrevistado_3261,Entrevistado_3261,CANCÚN,SUR,Primera mención,OTRAS,8,3,7.8,8
Entrevistado_3262,Entrevistado_3262,CULIACÁN,OCCIDENTE,Primera mención,OTRAS,8.4,8,9,7
Entrevistado_3263,Entrevistado_3263,CIUDAD DE MÉXICO,CENTRO,Primera mención,OTRAS,10,8,8,7
Entrevistado_3264,Entrevistado_3264,GUADALAJARA,BAJIO,Primera mención,OTRAS,10,8,7,8
Entrevistado_3265,Entrevistado_3265,COATZACOALCOS,SUR,Primera mención,OTRAS,10,8,8,8
Entrevistado_3266,Entrevistado_3266,QUERÉTARO,CENTRO,Primera mención,ANÁHUAC,8.4,10,7.8,9
Entrevistado_3267,Entrevistado_3267,GUADALAJARA,BAJIO,Primera mención,ITESM,8,5,1,8
Entrevistado_3268,Entrevistado_3268,TUXTLA GUTIÉRREZ,SUR,Primera mención,OTRAS,8,9,9,8
Entrevistado_3269,Entrevistado_3269,CULIACÁN,OCCIDENTE,Primera mención,OTRAS,10,8,6,8
Entrevistado_3270,Entrevistado_3270,CULIACÁN,OCCIDENTE,Primera mención,OTRAS,8.4,4,2,8
Entrevistado_3271,Entrevistado_3271,MAZATLÁN,OCCIDENTE,Primera mención,OTRAS,10,8,1,8
Entrevistado_3272,Entrevistado_3272,GUADALAJARA,BAJIO,Primera mención,OTRAS,7,8,9,5
Entrevistado_3273,Entrevistado_3273,MORELIA,BAJIO,Primera mención,OTRAS,5,7,5,8
Entrevistado_3274,Entrevistado_3274,MORELIA,BAJIO,Primera mención,OTRAS,9,6,5,8
Entrevistado_3275,Entrevistado_3275,COATZACOALCOS,SUR,Primera mención,OTRAS,10,9,7.8,8
Entrevistado_3276,Entrevistado_3276,GUADALAJARA,BAJIO,Primera mención,OTRAS,7,10,7.8,6
Entrevistado_3277,Entrevistado_3277,TUXTLA GUTIÉRREZ,SUR,Primera mención,OTRAS,8.4,7,7.8,10
Entrevistado_3278,Entrevistado_3278,VILLAHERMOSA,SUR,Primera mención,UVM,8.4,8,7.8,9
Entrevistado_3279,Entrevistado_3279,GUADALAJARA,BAJIO,Primera mención,OTRAS,8,8,6,10
Entrevistado_3280,Entrevistado_3280,COATZACOALCOS,SUR,Primera mención,OTRAS,9,10,7.8,7
Entrevistado_3281,Entrevistado_3281,TEPIC,OCCIDENTE,Primera mención,OTRAS,10,7,7.8,7
Entrevistado_3282,Entrevistado_3282,VILLAHERMOSA,SUR,Primera mención,OTRAS,7,10,7.8,10
Entrevistado_3283,Entrevistado_3283,CIUDAD DE MÉXICO,CENTRO,Primera mención,OTRAS,8,10,7.8,8
Entrevistado_3284,Entrevistado_3284,PUEBLA,CENTRO,Primera mención,OTRAS,10,9,7.8,10
Entrevistado_3285,Entrevistado_3285,GUADALAJARA,BAJIO,Primera mención,OTRAS,9,8,7.8,8
Entrevistado_3286,Entrevistado_3286,CD. OBREGÓN,OCCIDENTE,Primera mención,OTRAS,8.4,5,7.8,8
Entrevistado_3287,Entrevistado_3287,MORELIA,BAJIO,Primera mención,ITESM,6,7,8,10
Entrevistado_3288,Entrevistado_3288,CIUDAD DE MÉXICO,CENTRO,Primera mención,OTRAS,8.4,4,7.8,8
Entrevistado_3289,Entrevistado_3289,TEPIC,OCCIDENTE,Primera mención,OTRAS,10,10,7.8,8
Entrevistado_3290,Entrevistado_3290,CULIACÁN,OCCIDENTE,Primera mención,OTRAS,6,10,1,8
Entrevistado_3291,Entrevistado_3291,GUADALAJARA,BAJIO,Primera mención,OTRAS,10,10,10,6
Entrevistado_3292,Entrevistado_3292,GUADALAJARA,BAJIO,Primera mención,OTRAS,6,7,3,8
Entrevistado_3293,Entrevistado_3293,GUADALAJARA,BAJIO,Primera mención,OTRAS,8.4,8,7.8,8
Entrevistado_3294,Entrevistado_3294,GUADALAJARA,BAJIO,Primera mención,OTRAS,8.4,10,7.8,7
Entrevistado_3295,Entrevistado_3295,GUADALAJARA,BAJIO,Primera mención,OTRAS,7,8,3,6
Entrevistado_3296,Entrevistado_3296,GUADALAJARA,BAJIO,Primera mención,OTRAS,8.4,8,10,8
Entrevistado_3297,Entrevistado_3297,MORELIA,BAJIO,Primera mención,OTRAS,9,10,7.8,10
Entrevistado_3298,Entrevistado_3298,CIUDAD DE MÉXICO,CENTRO,Primera mención,OTRAS,10,8,9,8
Entrevistado_3299,Entrevistado_3299,MORELIA,BAJIO,Primera mención,OTRAS,8.4,7,8,6
Entrevistado_3300,Entrevistado_3300,GUADALAJARA,BAJIO,Primera mención,OTRAS,5,8,5,9
Entrevistado_3301,Entrevistado_3301,CULIACÁN,OCCIDENTE,Primera mención,OTRAS,8.4,8,7.8,7
Entrevistado_3302,Entrevistado_3302,CULIACÁN,OCCIDENTE,Primera mención,OTRAS,6,8,8,7
Entrevistado_3303,Entrevistado_3303,VILLAHERMOSA,SUR,Primera mención,OTRAS,10,8,4,6
Entrevistado_3304,Entrevistado_3304,MORELIA,BAJIO,Primera mención,OTRAS,8.4,8,10,3
Entrevistado_3305,Entrevistado_3305,COATZACOALCOS,SUR,Primera mención,OTRAS,7,8,10,8
Entrevistado_3306,Entrevistado_3306,MONTERREY,NORTE,Primera mención,OTRAS,8,10,10,9
Entrevistado_3307,Entrevistado_3307,IRAPUATO,BAJIO,Primera mención,ITESM,8,10,8,8
Entrevistado_3308,Entrevistado_3308,COATZACOALCOS,SUR,Primera mención,OTRAS,10,10,7.8,8
Entrevistado_3309,Entrevistado_3309,LEÓN,BAJIO,Primera mención,OTRAS,10,9,7.8,8
Entrevistado_3310,Entrevistado_3310,MONTERREY,NORTE,Primera mención,ITESM,9,8,10,6
Entrevistado_3311,Entrevistado_3311,ZAMORA,BAJIO,Primera mención,OTRAS,10,7,3,8
Entrevistado_3312,Entrevistado_3312,LEÓN,BAJIO,Primera mención,OTRAS,8.4,7,10,10
Entrevistado_3313,Entrevistado_3313,AGUASCALIENTES,BAJIO,Primera mención,OTRAS,8.4,10,10,8
Entrevistado_3314,Entrevistado_3314,GUADALAJARA,BAJIO,Primera mención,UVM,10,1,7.8,8
Entrevistado_3315,Entrevistado_3315,LEÓN,BAJIO,Primera mención,OTRAS,9,8,7.8,6
Entrevistado_3316,Entrevistado_3316,AGUASCALIENTES,BAJIO,Primera mención,UVM,7,8,9,8
Entrevistado_3317,Entrevistado_3317,MONTERREY,NORTE,Primera mención,OTRAS,10,7,7.8,8
Entrevistado_3318,Entrevistado_3318,LA PAZ,OCCIDENTE,Primera mención,OTRAS,10,8,7.8,8
Entrevistado_3319,Entrevistado_3319,QUERÉTARO,CENTRO,Primera mención,ANÁHUAC,8,5,7.8,9
Entrevistado_3320,Entrevistado_3320,QUERÉTARO,CENTRO,Primera mención,OTRAS,9,4,6,8
Entrevistado_3321,Entrevistado_3321,AGUASCALIENTES,BAJIO,Primera mención,OTRAS,9,8,1,6
Entrevistado_3322,Entrevistado_3322,GUADALAJARA,BAJIO,Primera mención,UVM,10,5,7.8,8
Entrevistado_3323,Entrevistado_3323,PUEBLA,CENTRO,Primera mención,OTRAS,10,7,7.8,8
Entrevistado_3324,Entrevistado_3324,AGUASCALIENTES,BAJIO,Primera mención,OTRAS,6,10,7.8,10
Entrevistado_3325,Entrevistado_3325,MÉRIDA,SUR,Primera mención,OTRAS,9,8,10,10
Entrevistado_3326,Entrevistado_3326,COATZACOALCOS,SUR,Primera mención,OTRAS,8.4,8,4,10
Entrevistado_3327,Entrevistado_3327,CULIACÁN,OCCIDENTE,Primera mención,OTRAS,6,8,9,8
Entrevistado_3328,Entrevistado_3328,ZAMORA,BAJIO,Primera mención,OTRAS,6,10,5,10
Entrevistado_3329,Entrevistado_3329,GUADALAJARA,BAJIO,Primera mención,OTRAS,9,8,7.8,4
Entrevistado_3330,Entrevistado_3330,GUADALAJARA,BAJIO,Primera mención,OTRAS,10,6,7.8,5
Entrevistado_3331,Entrevistado_3331,VILLAHERMOSA,SUR,Primera mención,OTRAS,1,8,7.8,8
Entrevistado_3332,Entrevistado_3332,AGUASCALIENTES,BAJIO,Primera mención,OTRAS,9,8,8,5
Entrevistado_3333,Entrevistado_3333,LEÓN,BAJIO,Primera mención,OTRAS,8.4,9,5,8
Entrevistado_3334,Entrevistado_3334,CULIACÁN,OCCIDENTE,Primera mención,OTRAS,7,8,10,4
Entrevistado_3335,Entrevistado_3335,LEÓN,BAJIO,Primera mención,OTRAS,10,8,10,3
Entrevistado_3336,Entrevistado_3336,ZAMORA,BAJIO,Primera mención,OTRAS,9,5,7.8,8
Entrevistado_3337,Entrevistado_3337,MONTERREY,NORTE,Primera mención,ITESM,10,10,10,8
Entrevistado_3338,Entrevistado_3338,MORELIA,BAJIO,Primera mención,OTRAS,7,8,7.8,9
Entrevistado_3339,Entrevistado_3339,MORELIA,BAJIO,Primera mención,OTRAS,8.4,8,7.8,6
Entrevistado_3340,Entrevistado_3340,TIJUANA,OCCIDENTE,Primera mención,OTRAS,10,5,7.8,8
Entrevistado_3341,Entrevistado_3341,TEPIC,OCCIDENTE,Primera mención,OTRAS,6,6,7,8
Entrevistado_3342,Entrevistado_3342,TIJUANA,OCCIDENTE,Primera mención,OTRAS,8.4,7,8,8
Entrevistado_3343,Entrevistado_3343,GUADALAJARA,BAJIO,Primera mención,OTRAS,8,8,2,3
Entrevistado_3344,Entrevistado_3344,LA PAZ,OCCIDENTE,Primera mención,OTRAS,8,8,6,9
Entrevistado_3345,Entrevistado_3345,GUADALAJARA,BAJIO,Primera mención,ITESM,4,8,7.8,9
Entrevistado_3346,Entrevistado_3346,VILLAHERMOSA,SUR,Primera mención,OTRAS,7,4,7.8,10
Entrevistado_3347,Entrevistado_3347,MEXICALI,OCCIDENTE,Primera mención,OTRAS,9,8,8,8
Entrevistado_3348,Entrevistado_3348,CD. OBREGÓN,OCCIDENTE,Primera mención,OTRAS,8.4,3,7.8,8
Entrevistado_3349,Entrevistado_3349,GUADALAJARA,BAJIO,Primera mención,OTRAS,8,7,7.8,8
Entrevistado_3350,Entrevistado_3350,TEPIC,OCCIDENTE,Primera mención,OTRAS,7,8,10,8
Entrevistado_3351,Entrevistado_3351,GUADALAJARA,BAJIO,Primera mención,OTRAS,8,8,6,10
Entrevistado_3352,Entrevistado_3352,GUADALAJARA,BAJIO,Primera mención,OTRAS,9,8,3,8
Entrevistado_3353,Entrevistado_3353,LOS CABOS,OCCIDENTE,Primera mención,OTRAS,8.4,8,8,8
Entrevistado_3354,Entrevistado_3354,GUADALAJARA,BAJIO,Primera mención,OTRAS,9,10,7,8
Entrevistado_3355,Entrevistado_3355,ENSENADA,OCCIDENTE,Primera mención,OTRAS,10,10,5,8
Entrevistado_3356,Entrevistado_3356,AGUASCALIENTES,BAJIO,Primera mención,OTRAS,10,1,10,1
Entrevistado_3357,Entrevistado_3357,MEXICALI,OCCIDENTE,Primera mención,OTRAS,8,8,9,7
Entrevistado_3358,Entrevistado_3358,MORELIA,BAJIO,Primera mención,OTRAS,8.4,10,7.8,8
Entrevistado_3359,Entrevistado_3359,AGUASCALIENTES,BAJIO,Primera mención,ITESM,10,8,7.8,6
Entrevistado_3360,Entrevistado_3360,GUADALAJARA,BAJIO,Primera mención,OTRAS,9,8,9,8
Entrevistado_3361,Entrevistado_3361,CULIACÁN,OCCIDENTE,Primera mención,ITESM,8.4,10,7.8,8
Entrevistado_3362,Entrevistado_3362,MORELIA,BAJIO,Primera mención,OTRAS,10,8,10,8
Entrevistado_3363,Entrevistado_3363,CIUDAD DE MÉXICO,CENTRO,Primera mención,OTRAS,7,10,8,6
Entrevistado_3364,Entrevistado_3364,MORELIA,BAJIO,Primera mención,OTRAS,8.4,8,5,8
Entrevistado_3365,Entrevistado_3365,MONTERREY,NORTE,Primera mención,ITESM,8,8,7.8,8
Entrevistado_3366,Entrevistado_3366,HERMOSILLO,OCCIDENTE,Primera mención,ITESM,10,10,7.8,8
Entrevistado_3367,Entrevistado_3367,LA PAZ,OCCIDENTE,Primera mención,OTRAS,10,8,5,8
Entrevistado_3368,Entrevistado_3368,MEXICALI,OCCIDENTE,Primera mención,OTRAS,8.4,4,7.8,9
Entrevistado_3369,Entrevistado_3369,COATZACOALCOS,SUR,Primera mención,OTRAS,9,8,8,7
Entrevistado_3370,Entrevistado_3370,CIUDAD DE MÉXICO,CENTRO,Primera mención,OTRAS,10,3,8,7
Entrevistado_3371,Entrevistado_3371,ZAMORA,BAJIO,Primera mención,OTRAS,10,8,7.8,8
Entrevistado_3372,Entrevistado_3372,GUADALAJARA,BAJIO,Primera mención,OTRAS,9,10,8,9
Entrevistado_3373,Entrevistado_3373,MONTERREY,NORTE,Primera mención,OTRAS,8,5,10,8
Entrevistado_3374,Entrevistado_3374,AGUASCALIENTES,BAJIO,Primera mención,OTRAS,7,8,8,8
Entrevistado_3375,Entrevistado_3375,ENSENADA,OCCIDENTE,Primera mención,OTRAS,10,10,3,6
Entrevistado_3376,Entrevistado_3376,GUADALAJARA,BAJIO,Primera mención,OTRAS,8.4,2,7.8,8
Entrevistado_3377,Entrevistado_3377,AGUASCALIENTES,BAJIO,Primera mención,OTRAS,9,8,6,5
Entrevistado_3378,Entrevistado_3378,VILLAHERMOSA,SUR,Primera mención,OTRAS,10,7,7.8,8
Entrevistado_3379,Entrevistado_3379,GUADALAJARA,BAJIO,Primera mención,OTRAS,5,8,7.8,8
Entrevistado_3380,Entrevistado_3380,ZAMORA,BAJIO,Primera mención,OTRAS,10,8,5,10
Entrevistado_3381,Entrevistado_3381,MORELIA,BAJIO,Primera mención,OTRAS,10,8,6,8
Entrevistado_3382,Entrevistado_3382,TIJUANA,OCCIDENTE,Primera mención,OTRAS,9,7,7.8,9
Entrevistado_3383,Entrevistado_3383,VILLAHERMOSA,SUR,Primera mención,OTRAS,7,9,2,8
Entrevistado_3384,Entrevistado_3384,MONTERREY,NORTE,Primera mención,ITESM,8,7,7.8,8
Entrevistado_3385,Entrevistado_3385,AGUASCALIENTES,BAJIO,Primera mención,UVM,10,10,7.8,8
Entrevistado_3386,Entrevistado_3386,VILLAHERMOSA,SUR,Primera mención,UVM,8,8,7.8,8
Entrevistado_3387,Entrevistado_3387,HERMOSILLO,OCCIDENTE,Primera mención,OTRAS,8.4,3,6,8
Entrevistado_3388,Entrevistado_3388,COATZACOALCOS,SUR,Primera mención,OTRAS,7,4,7.8,10
Entrevistado_3389,Entrevistado_3389,AGUASCALIENTES,BAJIO,Primera mención,UVM,9,10,9,10
Entrevistado_3390,Entrevistado_3390,GUADALAJARA,BAJIO,Primera mención,OTRAS,8.4,8,7.8,8
Entrevistado_3391,Entrevistado_3391,CULIACÁN,OCCIDENTE,Primera mención,OTRAS,5,8,1,8
Entrevistado_3392,Entrevistado_3392,GUADALAJARA,BAJIO,Primera mención,OTRAS,7,8,7,10
Entrevistado_3393,Entrevistado_3393,LEÓN,BAJIO,Primera mención,OTRAS,10,8,7.8,4
Entrevistado_3394,Entrevistado_3394,MAZATLÁN,OCCIDENTE,Primera mención,OTRAS,10,10,6,10
Entrevistado_3395,Entrevistado_3395,TUXTLA GUTIÉRREZ,SUR,Primera mención,OTRAS,8.4,7,8,7
Entrevistado_3396,Entrevistado_3396,TEPIC,OCCIDENTE,Primera mención,OTRAS,4,9,8,8
Entrevistado_3397,Entrevistado_3397,GUADALAJARA,BAJIO,Primera mención,OTRAS,10,8,7,6
Entrevistado_3398,Entrevistado_3398,CULIACÁN,OCCIDENTE,Primera mención,OTRAS,7,8,10,8
Entrevistado_3399,Entrevistado_3399,ENSENADA,OCCIDENTE,Primera mención,OTRAS,6,8,10,6
Entrevistado_3400,Entrevistado_3400,QUERÉTARO,CENTRO,Primera mención,UVM,9,8,7.8,10
Entrevistado_3401,Entrevistado_3401,TUXTLA GUTIÉRREZ,SUR,Primera mención,OTRAS,8.4,10,9,8
Entrevistado_3402,Entrevistado_3402,MAZATLÁN,OCCIDENTE,Primera mención,OTRAS,8.4,6,5,8
Entrevistado_3403,Entrevistado_3403,MORELIA,BAJIO,Primera mención,OTRAS,8,6,10,5
Entrevistado_3404,Entrevistado_3404,GUADALAJARA,BAJIO,Primera mención,OTRAS,8.4,8,7.8,9
Entrevistado_3405,Entrevistado_3405,LEÓN,BAJIO,Primera mención,OTRAS,8,8,7.8,8
Entrevistado_3406,Entrevistado_3406,CULIACÁN,OCCIDENTE,Primera mención,OTRAS,10,8,7.8,9
Entrevistado_3407,Entrevistado_3407,LEÓN,BAJIO,Primera mención,ITESM,8.4,9,6,7
Entrevistado_3408,Entrevistado_3408,GUADALAJARA,BAJIO,Primera mención,UVM,8.4,6,8,4
Entrevistado_3409,Entrevistado_3409,GUADALAJARA,BAJIO,Primera mención,OTRAS,8.4,8,10,8
Entrevistado_3410,Entrevistado_3410,AGUASCALIENTES,BAJIO,Primera mención,ITESM,10,6,8,8
Entrevistado_3411,Entrevistado_3411,TEPIC,OCCIDENTE,Primera mención,OTRAS,8.4,8,7.8,10
Entrevistado_3412,Entrevistado_3412,LEÓN,BAJIO,Primera mención,OTRAS,10,5,7.8,8
Entrevistado_3413,Entrevistado_3413,CD. OBREGÓN,OCCIDENTE,Primera mención,OTRAS,8.4,8,10,8
Entrevistado_3414,Entrevistado_3414,TOLUCA,CENTRO,Primera mención,OTRAS,10,8,7.8,8
Entrevistado_3415,Entrevistado_3415,GUADALAJARA,BAJIO,Primera mención,UVM,8,8,7.8,8
Entrevistado_3416,Entrevistado_3416,CULIACÁN,OCCIDENTE,Primera mención,ITESM,9,8,10,8
Entrevistado_3417,Entrevistado_3417,IRAPUATO,BAJIO,Primera mención,ITESM,10,10,7.8,4
Entrevistado_3418,Entrevistado_3418,MORELIA,BAJIO,Primera mención,OTRAS,7,10,4,10
Entrevistado_3419,Entrevistado_3419,GUADALAJARA,BAJIO,Primera mención,OTRAS,7,8,7.8,7
Entrevistado_3420,Entrevistado_3420,QUERÉTARO,CENTRO,Primera mención,ITESM,6,6,7.8,8
Entrevistado_3421,Entrevistado_3421,GUADALAJARA,BAJIO,Primera mención,OTRAS,8.4,8,7.8,6
Entrevistado_3422,Entrevistado_3422,CD. OBREGÓN,OCCIDENTE,Primera mención,OTRAS,8.4,10,9,8
Entrevistado_3423,Entrevistado_3423,MORELIA,BAJIO,Primera mención,OTRAS,6,10,7.8,8
Entrevistado_3424,Entrevistado_3424,AGUASCALIENTES,BAJIO,Primera mención,OTRAS,7,9,7.8,3
Entrevistado_3425,Entrevistado_3425,GUADALAJARA,BAJIO,Primera mención,OTRAS,10,8,4,9
Entrevistado_3426,Entrevistado_3426,HERMOSILLO,OCCIDENTE,Primera mención,OTRAS,10,6,10,3
Entrevistado_3427,Entrevistado_3427,ZAMORA,BAJIO,Primera mención,OTRAS,8,7,7,8
Entrevistado_3428,Entrevistado_3428,GUADALAJARA,BAJIO,Primera mención,OTRAS,10,7,7.8,8
Entrevistado_3429,Entrevistado_3429,LEÓN,BAJIO,Primera mención,ITESM,4,8,7.8,10
Entrevistado_3430,Entrevistado_3430,MORELIA,BAJIO,Primera mención,OTRAS,5,10,10,8
Entrevistado_3431,Entrevistado_3431,MORELIA,BAJIO,Primera mención,OTRAS,9,1,7.8,10
Entrevistado_3432,Entrevistado_3432,GUADALAJARA,BAJIO,Primera mención,OTRAS,8,1,7.8,10
Entrevistado_3433,Entrevistado_3433,IRAPUATO,BAJIO,Primera mención,OTRAS,8,4,7.8,8
Entrevistado_3434,Entrevistado_3434,TEPIC,OCCIDENTE,Primera mención,OTRAS,6,8,7.8,8
Entrevistado_3435,Entrevistado_3435,GUADALAJARA,BAJIO,Primera mención,OTRAS,9,9,8,9
Entrevistado_3436,Entrevistado_3436,VILLAHERMOSA,SUR,Primera mención,OTRAS,8,7,10,8
Entrevistado_3437,Entrevistado_3437,TUXTLA GUTIÉRREZ,SUR,Primera mención,OTRAS,8,10,10,8
Entrevistado_3438,Entrevistado_3438,LEÓN,BAJIO,Primera mención,OTRAS,10,7,7.8,8
Entrevistado_3439,Entrevistado_3439,MAZATLÁN,OCCIDENTE,Primera mención,OTRAS,9,10,7.8,9
Entrevistado_3440,Entrevistado_3440,GUADALAJARA,BAJIO,Primera mención,OTRAS,7,7,7,6
Entrevistado_3441,Entrevistado_3441,LEÓN,BAJIO,Primera mención,OTRAS,8.4,8,8,10
Entrevistado_3442,Entrevistado_3442,GUADALAJARA,BAJIO,Primera mención,OTRAS,7,8,7.8,5
Entrevistado_3443,Entrevistado_3443,TAPACHULA,SUR,Primera mención,OTRAS,7,10,7.8,6
Entrevistado_3444,Entrevistado_3444,TUXTLA GUTIÉRREZ,SUR,Primera mención,OTRAS,10,8,10,8
Entrevistado_3445,Entrevistado_3445,VILLAHERMOSA,SUR,Primera mención,OTRAS,9,6,10,8
Entrevistado_3446,Entrevistado_3446,GUADALAJARA,BAJIO,Primera mención,OTRAS,6,5,7.8,8
Entrevistado_3447,Entrevistado_3447,QUERÉTARO,CENTRO,Primera mención,ANÁHUAC,9,8,7.8,8
Entrevistado_3448,Entrevistado_3448,LEÓN,BAJIO,Primera mención,OTRAS,8.4,10,3,10
Entrevistado_3449,Entrevistado_3449,PUEBLA,CENTRO,Primera mención,OTRAS,10,7,10,8
Entrevistado_3450,Entrevistado_3450,TUXTLA GUTIÉRREZ,SUR,Primera mención,OTRAS,6,8,7.8,8
Entrevistado_3451,Entrevistado_3451,GUADALAJARA,BAJIO,Primera mención,OTRAS,8.4,6,7.8,10
Entrevistado_3452,Entrevistado_3452,GUADALAJARA,BAJIO,Primera mención,OTRAS,10,5,7.8,8
Entrevistado_3453,Entrevistado_3453,CULIACÁN,OCCIDENTE,Primera mención,ITESM,8.4,9,7.8,10
Entrevistado_3454,Entrevistado_3454,ENSENADA,OCCIDENTE,Primera mención,OTRAS,10,8,7,8
Entrevistado_3455,Entrevistado_3455,GUADALAJARA,BAJIO,Primera mención,OTRAS,10,9,9,7
Entrevistado_3456,Entrevistado_3456,MORELIA,BAJIO,Primera mención,OTRAS,10,8,5,8
Entrevistado_3457,Entrevistado_3457,LA PAZ,OCCIDENTE,Primera mención,OTRAS,6,8,7.8,6
Entrevistado_3458,Entrevistado_3458,QUERÉTARO,CENTRO,Primera mención,ANÁHUAC,8,10,7.8,10
Entrevistado_3459,Entrevistado_3459,CULIACÁN,OCCIDENTE,Primera mención,OTRAS,9,5,7.8,10
Entrevistado_3460,Entrevistado_3460,GUADALAJARA,BAJIO,Primera mención,OTRAS,8.4,8,4,8
Entrevistado_3461,Entrevistado_3461,TEPIC,OCCIDENTE,Primera mención,OTRAS,8,9,7.8,8
Entrevistado_3462,Entrevistado_3462,GUADALAJARA,BAJIO,Primera mención,OTRAS,8,6,10,8
Entrevistado_3463,Entrevistado_3463,CIUDAD DE MÉXICO,CENTRO,Primera mención,UVM,9,10,7.8,1
Entrevistado_3464,Entrevistado_3464,MORELIA,BAJIO,Primera mención,OTRAS,10,6,1,8
Entrevistado_3465,Entrevistado_3465,TEPIC,OCCIDENTE,Primera mención,OTRAS,10,9,5,10
Entrevistado_3466,Entrevistado_3466,CULIACÁN,OCCIDENTE,Primera mención,OTRAS,9,9,7.8,8
Entrevistado_3467,Entrevistado_3467,AGUASCALIENTES,BAJIO,Primera mención,OTRAS,9,8,7.8,8
Entrevistado_3468,Entrevistado_3468,TEPIC,OCCIDENTE,Primera mención,OTRAS,9,10,7.8,8
Entrevistado_3469,Entrevistado_3469,CULIACÁN,OCCIDENTE,Primera mención,OTRAS,9,10,7.8,8
Entrevistado_3470,Entrevistado_3470,MORELIA,BAJIO,Primera mención,OTRAS,6,8,9,8
Entrevistado_3471,Entrevistado_3471,CIUDAD DE MÉXICO,CENTRO,Primera mención,OTRAS,10,10,8,8
Entrevistado_3472,Entrevistado_3472,ZAMORA,BAJIO,Primera mención,OTRAS,8,8,10,8
Entrevistado_3473,Entrevistado_3473,AGUASCALIENTES,BAJIO,Primera mención,OTRAS,6,8,7.8,8
Entrevistado_3474,Entrevistado_3474,PUEBLA,CENTRO,Primera mención,OTRAS,8,9,9,8
Entrevistado_3475,Entrevistado_3475,GUADALAJARA,BAJIO,Primera mención,OTRAS,9,6,3,10
Entrevistado_3476,Entrevistado_3476,GUADALAJARA,BAJIO,Primera mención,UVM,8.4,9,7.8,6
Entrevistado_3477,Entrevistado_3477,LA PAZ,OCCIDENTE,Primera mención,OTRAS,8.4,4,10,8
Entrevistado_3478,Entrevistado_3478,VILLAHERMOSA,SUR,Primera mención,OTRAS,9,10,7.8,5
Entrevistado_3479,Entrevistado_3479,IRAPUATO,BAJIO,Primera mención,OTRAS,6,8,7.8,10
Entrevistado_3480,Entrevistado_3480,CIUDAD DE MÉXICO,CENTRO,Primera mención,OTRAS,10,8,7.8,10
Entrevistado_3481,Entrevistado_3481,MONTERREY,NORTE,Primera mención,OTRAS,10,8,7.8,8
Entrevistado_3482,Entrevistado_3482,AGUASCALIENTES,BAJIO,Primera mención,UVM,8.4,10,7.8,3
Entrevistado_3483,Entrevistado_3483,GUADALAJARA,BAJIO,Primera mención,ITESM,8.4,8,6,9
Entrevistado_3484,Entrevistado_3484,GUADALAJARA,BAJIO,Primera mención,OTRAS,5,10,8,8
Entrevistado_3485,Entrevistado_3485,MEXICALI,OCCIDENTE,Primera mención,UVM,7,9,10,8
Entrevistado_3486,Entrevistado_3486,VILLAHERMOSA,SUR,Primera mención,UVM,8,10,7.8,10
Entrevistado_3487,Entrevistado_3487,COATZACOALCOS,SUR,Primera mención,OTRAS,7,10,5,10
Entrevistado_3488,Entrevistado_3488,AGUASCALIENTES,BAJIO,Primera mención,OTRAS,10,10,10,8
Entrevistado_3489,Entrevistado_3489,VILLAHERMOSA,SUR,Primera mención,OTRAS,10,9,7.8,6
Entrevistado_3490,Entrevistado_3490,GUADALAJARA,BAJIO,Primera mención,OTRAS,8,7,10,8
Entrevistado_3491,Entrevistado_3491,MONTERREY,NORTE,Primera mención,OTRAS,9,9,5,8
Entrevistado_3492,Entrevistado_3492,LEÓN,BAJIO,Primera mención,ITESM,8,9,7.8,8
Entrevistado_3493,Entrevistado_3493,TEPIC,OCCIDENTE,Primera mención,OTRAS,8.4,10,10,9
Entrevistado_3494,Entrevistado_3494,AGUASCALIENTES,BAJIO,Primera mención,OTRAS,6,8,7.8,10
Entrevistado_3495,Entrevistado_3495,LEÓN,BAJIO,Primera mención,OTRAS,8.4,9,3,6
Entrevistado_3496,Entrevistado_3496,LEÓN,BAJIO,Primera mención,OTRAS,10,8,6,8
Entrevistado_3497,Entrevistado_3497,MORELIA,BAJIO,Primera mención,OTRAS,10,9,7.8,8
Entrevistado_3498,Entrevistado_3498,LA PAZ,OCCIDENTE,Primera mención,OTRAS,6,3,10,8
Entrevistado_3499,Entrevistado_3499,MAZATLÁN,OCCIDENTE,Primera mención,OTRAS,10,7,10,6
Entrevistado_3500,Entrevistado_3500,AGUASCALIENTES,BAJIO,Primera mención,OTRAS,8,10,7.8,5
Entrevistado_3501,Entrevistado_3501,MORELIA,BAJIO,Primera mención,OTRAS,8.4,8,6,6
Entrevistado_3502,Entrevistado_3502,TEPIC,OCCIDENTE,Primera mención,OTRAS,10,10,7.8,8
Entrevistado_3503,Entrevistado_3503,LEÓN,BAJIO,Primera mención,ITESM,8.4,8,7,9
Entrevistado_3504,Entrevistado_3504,CULIACÁN,OCCIDENTE,Primera mención,OTRAS,8.4,8,1,6
Entrevistado_3505,Entrevistado_3505,GUADALAJARA,BAJIO,Primera mención,OTRAS,10,8,10,8
Entrevistado_3506,Entrevistado_3506,GUADALAJARA,BAJIO,Primera mención,OTRAS,8.4,6,1,6
Entrevistado_3507,Entrevistado_3507,GUADALAJARA,BAJIO,Primera mención,ITESM,6,8,10,8
Entrevistado_3508,Entrevistado_3508,COATZACOALCOS,SUR,Primera mención,OTRAS,6,10,7.8,9
Entrevistado_3509,Entrevistado_3509,CULIACÁN,OCCIDENTE,Primera mención,OTRAS,10,7,10,8
Entrevistado_3510,Entrevistado_3510,GUADALAJARA,BAJIO,Primera mención,OTRAS,6,9,10,8
Entrevistado_3511,Entrevistado_3511,CIUDAD DE MÉXICO,CENTRO,Primera mención,ITESM,6,6,8,8
Entrevistado_3512,Entrevistado_3512,CIUDAD DE MÉXICO,CENTRO,Primera mención,OTRAS,9,8,7.8,8
Entrevistado_3513,Entrevistado_3513,MORELIA,BAJIO,Primera mención,OTRAS,8.4,7,7.8,10
Entrevistado_3514,Entrevistado_3514,CIUDAD DE MÉXICO,CENTRO,Primera mención,UVM,8.4,7,6,8
Entrevistado_3515,Entrevistado_3515,MONTERREY,NORTE,Primera mención,OTRAS,8,2,9,10
Entrevistado_3516,Entrevistado_3516,TIJUANA,OCCIDENTE,Primera mención,OTRAS,8.4,8,7.8,8
Entrevistado_3517,Entrevistado_3517,MORELIA,BAJIO,Primera mención,OTRAS,10,6,8,8
Entrevistado_3518,Entrevistado_3518,GUADALAJARA,BAJIO,Primera mención,UVM,6,1,3,8
Entrevistado_3519,Entrevistado_3519,AGUASCALIENTES,BAJIO,Primera mención,OTRAS,10,10,10,8
Entrevistado_3520,Entrevistado_3520,MORELIA,BAJIO,Primera mención,OTRAS,8,7,6,8
Entrevistado_3521,Entrevistado_3521,MORELIA,BAJIO,Primera mención,OTRAS,8.4,6,3,8
Entrevistado_3522,Entrevistado_3522,GUADALAJARA,BAJIO,Primera mención,UVM,6,3,7.8,4
Entrevistado_3523,Entrevistado_3523,MÉRIDA,SUR,Primera mención,ANÁHUAC,8.4,10,8,10
Entrevistado_3524,Entrevistado_3524,MONTERREY,NORTE,Primera mención,ITESM,10,8,10,10
Entrevistado_3525,Entrevistado_3525,GUADALAJARA,BAJIO,Primera mención,OTRAS,8,8,7.8,7
Entrevistado_3526,Entrevistado_3526,CULIACÁN,OCCIDENTE,Primera mención,ITESM,8,9,7,10
Entrevistado_3527,Entrevistado_3527,LEÓN,BAJIO,Primera mención,OTRAS,9,7,5,6
Entrevistado_3528,Entrevistado_3528,MONTERREY,NORTE,Primera mención,ITESM,8,10,7.8,10
Entrevistado_3529,Entrevistado_3529,VILLAHERMOSA,SUR,Primera mención,OTRAS,10,9,7.8,8
Entrevistado_3530,Entrevistado_3530,MORELIA,BAJIO,Primera mención,OTRAS,10,10,7.8,8
Entrevistado_3531,Entrevistado_3531,MORELIA,BAJIO,Primera mención,OTRAS,6,4,7.8,10
Entrevistado_3532,Entrevistado_3532,TUXTLA GUTIÉRREZ,SUR,Primera mención,OTRAS,8.4,8,10,5
Entrevistado_3533,Entrevistado_3533,MEXICALI,OCCIDENTE,Primera mención,OTRAS,8.4,7,8,7
Entrevistado_3534,Entrevistado_3534,GUADALAJARA,BAJIO,Primera mención,UVM,9,8,7.8,8
Entrevistado_3535,Entrevistado_3535,MORELIA,BAJIO,Primera mención,OTRAS,8,8,6,8
Entrevistado_3536,Entrevistado_3536,GUADALAJARA,BAJIO,Primera mención,OTRAS,10,8,7,8
Entrevistado_3537,Entrevistado_3537,GUADALAJARA,BAJIO,Primera mención,OTRAS,10,7,7.8,8
Entrevistado_3538,Entrevistado_3538,GUADALAJARA,BAJIO,Primera mención,UVM,10,6,7,8
Entrevistado_3539,Entrevistado_3539,MORELIA,BAJIO,Primera mención,OTRAS,10,1,7.8,8
Entrevistado_3540,Entrevistado_3540,GUADALAJARA,BAJIO,Primera mención,OTRAS,8.4,8,10,10
Entrevistado_3541,Entrevistado_3541,LEÓN,BAJIO,Primera mención,OTRAS,8,4,7.8,8
Entrevistado_3542,Entrevistado_3542,LA PAZ,OCCIDENTE,Primera mención,OTRAS,7,7,7.8,8
Entrevistado_3543,Entrevistado_3543,CULIACÁN,OCCIDENTE,Primera mención,OTRAS,10,8,1,8
Entrevistado_3544,Entrevistado_3544,MORELIA,BAJIO,Primera mención,ITESM,7,10,7.8,7
Entrevistado_3545,Entrevistado_3545,MORELIA,BAJIO,Primera mención,OTRAS,7,7,9,8
Entrevistado_3546,Entrevistado_3546,MONTERREY,NORTE,Primera mención,ITESM,9,8,7.8,8
Entrevistado_3547,Entrevistado_3547,TEPIC,OCCIDENTE,Primera mención,OTRAS,6,10,7.8,8
Entrevistado_3548,Entrevistado_3548,QUERÉTARO,CENTRO,Primera mención,OTRAS,7,8,6,7
Entrevistado_3549,Entrevistado_3549,CIUDAD DE MÉXICO,CENTRO,Primera mención,OTRAS,9,10,7.8,8
Entrevistado_3550,Entrevistado_3550,LA PAZ,OCCIDENTE,Primera mención,OTRAS,8.4,9,4,9
Entrevistado_3551,Entrevistado_3551,GUADALAJARA,BAJIO,Primera mención,OTRAS,10,8,7.8,8
Entrevistado_3552,Entrevistado_3552,MORELIA,BAJIO,Primera mención,OTRAS,3,8,4,8
Entrevistado_3553,Entrevistado_3553,MAZATLÁN,OCCIDENTE,Primera mención,OTRAS,10,3,7.8,8
Entrevistado_3554,Entrevistado_3554,VILLAHERMOSA,SUR,Primera mención,OTRAS,10,10,7.8,9
Entrevistado_3555,Entrevistado_3555,ZAMORA,BAJIO,Primera mención,OTRAS,7,10,10,8
Entrevistado_3556,Entrevistado_3556,GUADALAJARA,BAJIO,Primera mención,OTRAS,10,7,8,7
Entrevistado_3557,Entrevistado_3557,MORELIA,BAJIO,Primera mención,OTRAS,8.4,8,3,8
Entrevistado_3558,Entrevistado_3558,GUADALAJARA,BAJIO,Primera mención,OTRAS,7,5,2,8
Entrevistado_3559,Entrevistado_3559,GUADALAJARA,BAJIO,Primera mención,OTRAS,5,6,7.8,6
Entrevistado_3560,Entrevistado_3560,MONTERREY,NORTE,Primera mención,OTRAS,8,10,7.8,8
Entrevistado_3561,Entrevistado_3561,GUADALAJARA,BAJIO,Primera mención,OTRAS,8.4,5,7.8,6
Entrevistado_3562,Entrevistado_3562,GUADALAJARA,BAJIO,Primera mención,OTRAS,6,8,7.8,10
Entrevistado_3563,Entrevistado_3563,GUADALAJARA,BAJIO,Primera mención,OTRAS,9,8,5,8
Entrevistado_3564,Entrevistado_3564,GUADALAJARA,BAJIO,Primera mención,OTRAS,9,8,7.8,7
Entrevistado_3565,Entrevistado_3565,TIJUANA,OCCIDENTE,Primera mención,OTRAS,8,10,6,8
Entrevistado_3566,Entrevistado_3566,COATZACOALCOS,SUR,Primera mención,OTRAS,10,6,6,9
Entrevistado_3567,Entrevistado_3567,MORELIA,BAJIO,Primera mención,OTRAS,8.4,10,6,8
Entrevistado_3568,Entrevistado_3568,HERMOSILLO,OCCIDENTE,Primera mención,OTRAS,6,8,10,3
Entrevistado_3569,Entrevistado_3569,MONTERREY,NORTE,Primera mención,ITESM,9,8,10,7
Entrevistado_3570,Entrevistado_3570,LEÓN,BAJIO,Primera mención,ITESM,10,9,6,8
Entrevistado_3571,Entrevistado_3571,MONTERREY,NORTE,Primera mención,ITESM,8,8,10,7
Entrevistado_3572,Entrevistado_3572,CULIACÁN,OCCIDENTE,Primera mención,OTRAS,9,5,7.8,8
Entrevistado_3573,Entrevistado_3573,LA PAZ,OCCIDENTE,Primera mención,OTRAS,7,8,4,8
Entrevistado_3574,Entrevistado_3574,MORELIA,BAJIO,Primera mención,OTRAS,7,8,1,4
Entrevistado_3575,Entrevistado_3575,IRAPUATO,BAJIO,Primera mención,OTRAS,8,6,8,10
Entrevistado_3576,Entrevistado_3576,LEÓN,BAJIO,Primera mención,OTRAS,8.4,9,7.8,8
Entrevistado_3577,Entrevistado_3577,LEÓN,BAJIO,Primera mención,OTRAS,10,6,4,8
Entrevistado_3578,Entrevistado_3578,QUERÉTARO,CENTRO,Primera mención,UVM,8.4,8,7.8,10
Entrevistado_3579,Entrevistado_3579,TUXTLA GUTIÉRREZ,SUR,Primera mención,OTRAS,8,8,7.8,10
Entrevistado_3580,Entrevistado_3580,GUADALAJARA,BAJIO,Primera mención,OTRAS,8,8,3,8
Entrevistado_3581,Entrevistado_3581,MÉRIDA,SUR,Primera mención,OTRAS,10,3,7.8,8
Entrevistado_3582,Entrevistado_3582,VILLAHERMOSA,SUR,Primera mención,OTRAS,10,10,7,8
Entrevistado_3583,Entrevistado_3583,MONTERREY,NORTE,Primera mención,ITESM,10,8,7.8,8
Entrevistado_3584,Entrevistado_3584,GUADALAJARA,BAJIO,Primera mención,OTRAS,10,10,7.8,7
Entrevistado_3585,Entrevistado_3585,TEPIC,OCCIDENTE,Primera mención,OTRAS,10,10,7.8,10
Entrevistado_3586,Entrevistado_3586,GUADALAJARA,BAJIO,Primera mención,OTRAS,8.4,10,10,1
Entrevistado_3587,Entrevistado_3587,QUERÉTARO,CENTRO,Primera mención,ANÁHUAC,10,9,6,4
Entrevistado_3588,Entrevistado_3588,COATZACOALCOS,SUR,Primera mención,OTRAS,5,5,7.8,8
Entrevistado_3589,Entrevistado_3589,MORELIA,BAJIO,Primera mención,OTRAS,8,8,8,10
Entrevistado_3590,Entrevistado_3590,COATZACOALCOS,SUR,Primera mención,OTRAS,10,8,7.8,8
Entrevistado_3591,Entrevistado_3591,GUADALAJARA,BAJIO,Primera mención,OTRAS,9,6,7.8,8
Entrevistado_3592,Entrevistado_3592,COATZACOALCOS,SUR,Primera mención,OTRAS,9,8,7,7
Entrevistado_3593,Entrevistado_3593,HERMOSILLO,OCCIDENTE,Primera mención,OTRAS,9,10,7,8
Entrevistado_3594,Entrevistado_3594,GUADALAJARA,BAJIO,Primera mención,UVM,6,8,7,8
Entrevistado_3595,Entrevistado_3595,MONTERREY,NORTE,Primera mención,ITESM,10,8,3,7
Entrevistado_3596,Entrevistado_3596,MEXICALI,OCCIDENTE,Primera mención,OTRAS,10,4,7.8,8
Entrevistado_3597,Entrevistado_3597,MEXICALI,OCCIDENTE,Primera mención,OTRAS,8.4,8,7,7
Entrevistado_3598,Entrevistado_3598,PUEBLA,CENTRO,Primera mención,OTRAS,8.4,8,6,8
Entrevistado_3599,Entrevistado_3599,QUERÉTARO,CENTRO,Primera mención,ITESM,10,5,10,10
Entrevistado_3600,Entrevistado_3600,TEPIC,OCCIDENTE,Primera mención,OTRAS,10,8,10,5
Entrevistado_3601,Entrevistado_3601,COATZACOALCOS,SUR,Primera mención,OTRAS,10,10,6,7
Entrevistado_3602,Entrevistado_3602,GUADALAJARA,BAJIO,Primera mención,OTRAS,10,7,1,8
Entrevistado_3603,Entrevistado_3603,GUADALAJARA,BAJIO,Primera mención,OTRAS,10,7,7.8,6
Entrevistado_3604,Entrevistado_3604,GUADALAJARA,BAJIO,Primera mención,OTRAS,8,8,1,9
Entrevistado_3605,Entrevistado_3605,LA PAZ,OCCIDENTE,Primera mención,OTRAS,9,7,7.8,6
Entrevistado_3606,Entrevistado_3606,COATZACOALCOS,SUR,Primera mención,OTRAS,8.4,8,10,8
Entrevistado_3607,Entrevistado_3607,VILLAHERMOSA,SUR,Primera mención,OTRAS,10,10,8,6
Entrevistado_3608,Entrevistado_3608,CIUDAD DE MÉXICO,CENTRO,Primera mención,ANÁHUAC,8,8,7,8
Entrevistado_3609,Entrevistado_3609,GUADALAJARA,BAJIO,Primera mención,OTRAS,10,10,7.8,8
Entrevistado_3610,Entrevistado_3610,CULIACÁN,OCCIDENTE,Primera mención,OTRAS,8.4,8,7.8,6
Entrevistado_3611,Entrevistado_3611,GUADALAJARA,BAJIO,Primera mención,UVM,7,10,8,8
Entrevistado_3612,Entrevistado_3612,IRAPUATO,BAJIO,Primera mención,OTRAS,8.4,7,4,8
Entrevistado_3613,Entrevistado_3613,MORELIA,BAJIO,Primera mención,OTRAS,7,8,7.8,8
Entrevistado_3614,Entrevistado_3614,QUERÉTARO,CENTRO,Primera mención,UVM,8,10,7.8,8
Entrevistado_3615,Entrevistado_3615,COATZACOALCOS,SUR,Primera mención,OTRAS,8,10,7.8,10
Entrevistado_3616,Entrevistado_3616,COATZACOALCOS,SUR,Primera mención,OTRAS,9,8,2,7
Entrevistado_3617,Entrevistado_3617,MORELIA,BAJIO,Primera mención,OTRAS,8.4,8,10,9
Entrevistado_3618,Entrevistado_3618,CIUDAD DE MÉXICO,CENTRO,Primera mención,OTRAS,6,6,1,7
Entrevistado_3619,Entrevistado_3619,MONTERREY,NORTE,Primera mención,OTRAS,8.4,7,3,7
Entrevistado_3620,Entrevistado_3620,MONTERREY,NORTE,Primera mención,OTRAS,9,8,9,8
Entrevistado_3621,Entrevistado_3621,MORELIA,BAJIO,Primera mención,OTRAS,10,10,7.8,8
Entrevistado_3622,Entrevistado_3622,MORELIA,BAJIO,Primera mención,OTRAS,8.4,8,8,1
Entrevistado_3623,Entrevistado_3623,MAZATLÁN,OCCIDENTE,Primera mención,OTRAS,7,3,4,10
Entrevistado_3624,Entrevistado_3624,GUADALAJARA,BAJIO,Primera mención,OTRAS,6,3,7.8,10
Entrevistado_3625,Entrevistado_3625,GUADALAJARA,BAJIO,Primera mención,OTRAS,7,7,3,8
Entrevistado_3626,Entrevistado_3626,CULIACÁN,OCCIDENTE,Primera mención,OTRAS,8.4,4,7.8,8
Entrevistado_3627,Entrevistado_3627,CULIACÁN,OCCIDENTE,Primera mención,ITESM,7,7,6,10
Entrevistado_3628,Entrevistado_3628,LA PAZ,OCCIDENTE,Primera mención,OTRAS,10,8,7.8,4
Entrevistado_3629,Entrevistado_3629,CIUDAD DE MÉXICO,CENTRO,Primera mención,UVM,8.4,8,5,10
Entrevistado_3630,Entrevistado_3630,LEÓN,BAJIO,Primera mención,OTRAS,8.4,10,7.8,10
Entrevistado_3631,Entrevistado_3631,LA PAZ,OCCIDENTE,Primera mención,OTRAS,7,8,7.8,8
Entrevistado_3632,Entrevistado_3632,MORELIA,BAJIO,Primera mención,OTRAS,8.4,4,10,8
Entrevistado_3633,Entrevistado_3633,LA PAZ,OCCIDENTE,Primera mención,OTRAS,9,8,10,5
Entrevistado_3634,Entrevistado_3634,CULIACÁN,OCCIDENTE,Primera mención,ITESM,8.4,8,10,10
Entrevistado_3635,Entrevistado_3635,GUADALAJARA,BAJIO,Primera mención,OTRAS,10,10,10,10
Entrevistado_3636,Entrevistado_3636,MAZATLÁN,OCCIDENTE,Primera mención,OTRAS,8.4,8,3,9
Entrevistado_3637,Entrevistado_3637,GUADALAJARA,BAJIO,Primera mención,ITESM,9,8,6,8
Entrevistado_3638,Entrevistado_3638,TUXTLA GUTIÉRREZ,SUR,Primera mención,OTRAS,10,5,9,8
Entrevistado_3639,Entrevistado_3639,MAZATLÁN,OCCIDENTE,Primera mención,OTRAS,9,6,7,3
Entrevistado_3640,Entrevistado_3640,LEÓN,BAJIO,Primera mención,OTRAS,7,6,5,8
Entrevistado_3641,Entrevistado_3641,VILLAHERMOSA,SUR,Primera mención,OTRAS,10,4,7.8,7
Entrevistado_3642,Entrevistado_3642,AGUASCALIENTES,BAJIO,Primera mención,OTRAS,10,8,5,10
Entrevistado_3643,Entrevistado_3643,VILLAHERMOSA,SUR,Primera mención,UVM,9,8,10,8
Entrevistado_3644,Entrevistado_3644,TIJUANA,OCCIDENTE,Primera mención,OTRAS,8.4,7,3,5
Entrevistado_3645,Entrevistado_3645,PUEBLA,CENTRO,Primera mención,OTRAS,9,5,7.8,2
Entrevistado_3646,Entrevistado_3646,ENSENADA,OCCIDENTE,Primera mención,OTRAS,8.4,8,10,10
Entrevistado_3647,Entrevistado_3647,TUXTLA GUTIÉRREZ,SUR,Primera mención,OTRAS,9,10,7.8,8
Entrevistado_3648,Entrevistado_3648,MEXICALI,OCCIDENTE,Primera mención,OTRAS,5,10,5,8
Entrevistado_3649,Entrevistado_3649,TIJUANA,OCCIDENTE,Primera mención,OTRAS,8,4,7.8,8
Entrevistado_3650,Entrevistado_3650,TUXTLA GUTIÉRREZ,SUR,Primera mención,OTRAS,6,10,8,8
Entrevistado_3651,Entrevistado_3651,QUERÉTARO,CENTRO,Primera mención,ITESM,7,8,10,8
Entrevistado_3652,Entrevistado_3652,PUEBLA,CENTRO,Primera mención,OTRAS,8.4,7,7.8,6
Entrevistado_3653,Entrevistado_3653,CULIACÁN,OCCIDENTE,Primera mención,ITESM,10,9,10,10
Entrevistado_3654,Entrevistado_3654,VILLAHERMOSA,SUR,Primera mención,OTRAS,10,8,10,3
Entrevistado_3655,Entrevistado_3655,MONTERREY,NORTE,Primera mención,ITESM,10,10,5,8
Entrevistado_3656,Entrevistado_3656,MEXICALI,OCCIDENTE,Primera mención,OTRAS,8.4,7,4,8
Entrevistado_3657,Entrevistado_3657,IRAPUATO,BAJIO,Primera mención,OTRAS,8,8,8,8
Entrevistado_3658,Entrevistado_3658,TUXTLA GUTIÉRREZ,SUR,Primera mención,OTRAS,9,8,7.8,8
Entrevistado_3659,Entrevistado_3659,GUADALAJARA,BAJIO,Primera mención,OTRAS,9,8,8,8
Entrevistado_3660,Entrevistado_3660,CIUDAD DE MÉXICO,CENTRO,Primera mención,OTRAS,8,10,7.8,8
Entrevistado_3661,Entrevistado_3661,LEÓN,BAJIO,Primera mención,OTRAS,8.4,7,7.8,10
Entrevistado_3662,Entrevistado_3662,GUADALAJARA,BAJIO,Primera mención,OTRAS,9,8,7.8,8
Entrevistado_3663,Entrevistado_3663,LA PAZ,OCCIDENTE,Primera mención,OTRAS,10,10,7.8,10
Entrevistado_3664,Entrevistado_3664,CULIACÁN,OCCIDENTE,Primera mención,OTRAS,8.4,8,10,10
Entrevistado_3665,Entrevistado_3665,GUADALAJARA,BAJIO,Primera mención,OTRAS,10,8,3,8
Entrevistado_3666,Entrevistado_3666,COATZACOALCOS,SUR,Primera mención,OTRAS,8,8,10,10
Entrevistado_3667,Entrevistado_3667,MEXICALI,OCCIDENTE,Primera mención,OTRAS,8.4,8,1,8
Entrevistado_3668,Entrevistado_3668,MONTERREY,NORTE,Primera mención,OTRAS,8,8,7.8,9
Entrevistado_3669,Entrevistado_3669,LEÓN,BAJIO,Primera mención,ITESM,8.4,8,6,8
Entrevistado_3670,Entrevistado_3670,GUADALAJARA,BAJIO,Primera mención,OTRAS,8,8,6,10
Entrevistado_3671,Entrevistado_3671,MEXICALI,OCCIDENTE,Primera mención,OTRAS,10,7,4,8
Entrevistado_3672,Entrevistado_3672,MORELIA,BAJIO,Primera mención,OTRAS,8.4,10,8,10
Entrevistado_3673,Entrevistado_3673,CIUDAD DE MÉXICO,CENTRO,Primera mención,OTRAS,8.4,5,7.8,10
Entrevistado_3674,Entrevistado_3674,MORELIA,BAJIO,Primera mención,OTRAS,7,10,7.8,7
Entrevistado_3675,Entrevistado_3675,HERMOSILLO,OCCIDENTE,Primera mención,ITESM,5,8,7.8,8
Entrevistado_3676,Entrevistado_3676,VILLAHERMOSA,SUR,Primera mención,OTRAS,8,5,7.8,8
Entrevistado_3677,Entrevistado_3677,GUADALAJARA,BAJIO,Primera mención,OTRAS,9,3,5,6
Entrevistado_3678,Entrevistado_3678,MAZATLÁN,OCCIDENTE,Primera mención,OTRAS,10,8,7.8,8
Entrevistado_3679,Entrevistado_3679,LEÓN,BAJIO,Primera mención,ITESM,8.4,4,6,7
Entrevistado_3680,Entrevistado_3680,GUADALAJARA,BAJIO,Primera mención,OTRAS,8,10,7.8,8
Entrevistado_3681,Entrevistado_3681,TEPIC,OCCIDENTE,Primera mención,OTRAS,10,8,7.8,9
Entrevistado_3682,Entrevistado_3682,MORELIA,BAJIO,Primera mención,OTRAS,8,8,7.8,8
Entrevistado_3683,Entrevistado_3683,HERMOSILLO,OCCIDENTE,Primera mención,OTRAS,10,8,7.8,7
Entrevistado_3684,Entrevistado_3684,GUADALAJARA,BAJIO,Primera mención,UVM,8,8,6,8
Entrevistado_3685,Entrevistado_3685,TUXTLA GUTIÉRREZ,SUR,Primera mención,OTRAS,6,9,7.8,8
Entrevistado_3686,Entrevistado_3686,COATZACOALCOS,SUR,Primera mención,OTRAS,9,10,7.8,8
Entrevistado_3687,Entrevistado_3687,HERMOSILLO,OCCIDENTE,Primera mención,UVM,4,8,10,8
Entrevistado_3688,Entrevistado_3688,VILLAHERMOSA,SUR,Primera mención,OTRAS,9,8,7.8,8
Entrevistado_3689,Entrevistado_3689,CULIACÁN,OCCIDENTE,Primera mención,ITESM,5,8,7.8,8
Entrevistado_3690,Entrevistado_3690,MORELIA,BAJIO,Primera mención,OTRAS,5,8,3,5
Entrevistado_3691,Entrevistado_3691,GUADALAJARA,BAJIO,Primera mención,OTRAS,7,8,7.8,8
Entrevistado_3692,Entrevistado_3692,COATZACOALCOS,SUR,Primera mención,OTRAS,8.4,10,4,5
Entrevistado_3693,Entrevistado_3693,CIUDAD DE MÉXICO,CENTRO,Primera mención,ANÁHUAC,9,8,10,9
Entrevistado_3694,Entrevistado_3694,GUADALAJARA,BAJIO,Primera mención,OTRAS,8.4,3,7,10
Entrevistado_3695,Entrevistado_3695,GUADALAJARA,BAJIO,Primera mención,ITESM,6,8,4,8
Entrevistado_3696,Entrevistado_3696,LEÓN,BAJIO,Primera mención,OTRAS,9,8,10,8
Entrevistado_3697,Entrevistado_3697,MEXICALI,OCCIDENTE,Primera mención,OTRAS,4,10,7.8,8
Entrevistado_3698,Entrevistado_3698,CULIACÁN,OCCIDENTE,Primera mención,ITESM,6,9,10,8
Entrevistado_3699,Entrevistado_3699,LOS CABOS,OCCIDENTE,Primera mención,OTRAS,8.4,8,7.8,6
Entrevistado_3700,Entrevistado_3700,VILLAHERMOSA,SUR,Primera mención,OTRAS,8,2,9,8
Entrevistado_3701,Entrevistado_3701,AGUASCALIENTES,BAJIO,Primera mención,OTRAS,9,10,7.8,8
Entrevistado_3702,Entrevistado_3702,MORELIA,BAJIO,Primera mención,OTRAS,5,10,10,8
Entrevistado_3703,Entrevistado_3703,QUERÉTARO,CENTRO,Primera mención,OTRAS,10,7,4,8
Entrevistado_3704,Entrevistado_3704,MEXICALI,OCCIDENTE,Primera mención,OTRAS,10,5,7.8,10
Entrevistado_3705,Entrevistado_3705,AGUASCALIENTES,BAJIO,Primera mención,OTRAS,8,10,1,8
Entrevistado_3706,Entrevistado_3706,HERMOSILLO,OCCIDENTE,Primera mención,OTRAS,6,8,6,10
Entrevistado_3707,Entrevistado_3707,GUADALAJARA,BAJIO,Primera mención,OTRAS,7,8,7.8,6
Entrevistado_3708,Entrevistado_3708,CD. OBREGÓN,OCCIDENTE,Primera mención,OTRAS,8,10,9,8
Entrevistado_3709,Entrevistado_3709,GUADALAJARA,BAJIO,Primera mención,OTRAS,10,9,7,7
Entrevistado_3710,Entrevistado_3710,GUADALAJARA,BAJIO,Primera mención,OTRAS,8,3,6,7
Entrevistado_3711,Entrevistado_3711,TEPIC,OCCIDENTE,Primera mención,OTRAS,8,5,7.8,7
Entrevistado_3712,Entrevistado_3712,TEPIC,OCCIDENTE,Primera mención,OTRAS,10,10,7.8,8
Entrevistado_3713,Entrevistado_3713,CIUDAD DE MÉXICO,CENTRO,Primera mención,OTRAS,10,10,7.8,8
Entrevistado_3714,Entrevistado_3714,MORELIA,BAJIO,Primera mención,OTRAS,6,8,7.8,8
Entrevistado_3715,Entrevistado_3715,LOS MOCHIS,OCCIDENTE,Primera mención,OTRAS,10,10,7.8,5
Entrevistado_3716,Entrevistado_3716,GUADALAJARA,BAJIO,Primera mención,OTRAS,7,8,9,2
Entrevistado_3717,Entrevistado_3717,VILLAHERMOSA,SUR,Primera mención,UVM,10,10,7.8,8
Entrevistado_3718,Entrevistado_3718,TEPIC,OCCIDENTE,Primera mención,OTRAS,8,5,7.8,8
Entrevistado_3719,Entrevistado_3719,GUADALAJARA,BAJIO,Primera mención,OTRAS,10,8,10,8
Entrevistado_3720,Entrevistado_3720,MORELIA,BAJIO,Primera mención,OTRAS,8.4,10,7.8,4
Entrevistado_3721,Entrevistado_3721,MORELIA,BAJIO,Primera mención,OTRAS,8,8,10,8
Entrevistado_3722,Entrevistado_3722,MONTERREY,NORTE,Primera mención,ITESM,8.4,8,5,10
Entrevistado_3723,Entrevistado_3723,HERMOSILLO,OCCIDENTE,Primera mención,OTRAS,8.4,8,10,10
Entrevistado_3724,Entrevistado_3724,CIUDAD DE MÉXICO,CENTRO,Primera mención,UVM,9,7,6,8
Entrevistado_3725,Entrevistado_3725,LA PAZ,OCCIDENTE,Primera mención,OTRAS,9,8,10,9
Entrevistado_3726,Entrevistado_3726,CIUDAD DE MÉXICO,CENTRO,Primera mención,OTRAS,8.4,8,4,8
Entrevistado_3727,Entrevistado_3727,MORELIA,BAJIO,Primera mención,OTRAS,6,9,7.8,3
Entrevistado_3728,Entrevistado_3728,CIUDAD DE MÉXICO,CENTRO,Primera mención,OTRAS,8,2,10,6
Entrevistado_3729,Entrevistado_3729,AGUASCALIENTES,BAJIO,Primera mención,OTRAS,7,3,9,5
Entrevistado_3730,Entrevistado_3730,TEPIC,OCCIDENTE,Primera mención,OTRAS,8.4,10,7.8,10
Entrevistado_3731,Entrevistado_3731,VILLAHERMOSA,SUR,Primera mención,OTRAS,9,10,7.8,8
Entrevistado_3732,Entrevistado_3732,VILLAHERMOSA,SUR,Primera mención,OTRAS,10,6,7.8,10
Entrevistado_3733,Entrevistado_3733,CULIACÁN,OCCIDENTE,Primera mención,OTRAS,10,8,10,8
Entrevistado_3734,Entrevistado_3734,TUXTLA GUTIÉRREZ,SUR,Primera mención,OTRAS,8.4,8,7.8,8
Entrevistado_3735,Entrevistado_3735,QUERÉTARO,CENTRO,Primera mención,UVM,8,8,7.8,6
Entrevistado_3736,Entrevistado_3736,LOS CABOS,OCCIDENTE,Primera mención,OTRAS,7,10,7.8,8
Entrevistado_3737,Entrevistado_3737,CULIACÁN,OCCIDENTE,Primera mención,OTRAS,9,8,5,8
Entrevistado_3738,Entrevistado_3738,MONTERREY,NORTE,Primera mención,OTRAS,5,3,10,5
Entrevistado_3739,Entrevistado_3739,QUERÉTARO,CENTRO,Primera mención,ANÁHUAC,10,10,7.8,7
Entrevistado_3740,Entrevistado_3740,MONTERREY,NORTE,Primera mención,ITESM,8,8,7.8,8
Entrevistado_3741,Entrevistado_3741,TEPIC,OCCIDENTE,Primera mención,OTRAS,8.4,10,5,10
Entrevistado_3742,Entrevistado_3742,LEÓN,BAJIO,Primera mención,OTRAS,4,8,7,8
Entrevistado_3743,Entrevistado_3743,ENSENADA,OCCIDENTE,Primera mención,OTRAS,7,10,7.8,8
Entrevistado_3744,Entrevistado_3744,VERACRUZ,ORIENTE,Primera mención,OTRAS,10,6,10,8
Entrevistado_3745,Entrevistado_3745,QUERÉTARO,CENTRO,Primera mención,ITESM,6,8,10,10
Entrevistado_3746,Entrevistado_3746,MEXICALI,OCCIDENTE,Primera mención,OTRAS,10,8,10,7
Entrevistado_3747,Entrevistado_3747,LEÓN,BAJIO,Primera mención,OTRAS,4,8,6,8
Entrevistado_3748,Entrevistado_3748,GUADALAJARA,BAJIO,Primera mención,OTRAS,10,8,10,8
Entrevistado_3749,Entrevistado_3749,MORELIA,BAJIO,Primera mención,OTRAS,9,10,10,8
Entrevistado_3750,Entrevistado_3750,MORELIA,BAJIO,Primera mención,OTRAS,7,9,10,8
Entrevistado_3751,Entrevistado_3751,MONTERREY,NORTE,Primera mención,OTRAS,4,6,8,8
Entrevistado_3752,Entrevistado_3752,COATZACOALCOS,SUR,Primera mención,OTRAS,8.4,8,7.8,8
Entrevistado_3753,Entrevistado_3753,VILLAHERMOSA,SUR,Primera mención,OTRAS,10,8,7.8,8
Entrevistado_3754,Entrevistado_3754,QUERÉTARO,CENTRO,Primera mención,OTRAS,7,8,7.8,8
Entrevistado_3755,Entrevistado_3755,MORELIA,BAJIO,Primera mención,OTRAS,9,10,4,10
Entrevistado_3756,Entrevistado_3756,CULIACÁN,OCCIDENTE,Primera mención,OTRAS,8.4,8,7.8,8
Entrevistado_3757,Entrevistado_3757,GUADALAJARA,BAJIO,Primera mención,OTRAS,10,2,8,7
Entrevistado_3758,Entrevistado_3758,CULIACÁN,OCCIDENTE,Primera mención,OTRAS,10,10,1,7
Entrevistado_3759,Entrevistado_3759,GUADALAJARA,BAJIO,Primera mención,UVM,8.4,10,9,8
Entrevistado_3760,Entrevistado_3760,AGUASCALIENTES,BAJIO,Primera mención,UVM,7,8,7.8,6
Entrevistado_3761,Entrevistado_3761,CIUDAD DE MÉXICO,CENTRO,Primera mención,UVM,5,8,7,8
Entrevistado_3762,Entrevistado_3762,GUADALAJARA,BAJIO,Primera mención,OTRAS,10,5,7,8
Entrevistado_3763,Entrevistado_3763,AGUASCALIENTES,BAJIO,Primera mención,OTRAS,10,7,7.8,8
Entrevistado_3764,Entrevistado_3764,PUEBLA,CENTRO,Primera mención,OTRAS,8,9,3,10
Entrevistado_3765,Entrevistado_3765,CIUDAD DE MÉXICO,CENTRO,Primera mención,ANÁHUAC,8,8,4,8
Entrevistado_3766,Entrevistado_3766,GUADALAJARA,BAJIO,Primera mención,OTRAS,8,6,4,10
Entrevistado_3767,Entrevistado_3767,GUADALAJARA,BAJIO,Primera mención,OTRAS,9,8,7,9
Entrevistado_3768,Entrevistado_3768,CULIACÁN,OCCIDENTE,Primera mención,OTRAS,10,8,6,8
Entrevistado_3769,Entrevistado_3769,AGUASCALIENTES,BAJIO,Primera mención,OTRAS,10,8,10,8
Entrevistado_3770,Entrevistado_3770,IRAPUATO,BAJIO,Primera mención,OTRAS,8.4,6,7.8,8
Entrevistado_3771,Entrevistado_3771,MÉRIDA,SUR,Primera mención,ANÁHUAC,10,7,5,8
Entrevistado_3772,Entrevistado_3772,AGUASCALIENTES,BAJIO,Primera mención,OTRAS,10,8,7.8,8
Entrevistado_3773,Entrevistado_3773,CIUDAD DE MÉXICO,CENTRO,Primera mención,OTRAS,10,8,10,4
Entrevistado_3774,Entrevistado_3774,CIUDAD DE MÉXICO,CENTRO,Primera mención,ANÁHUAC,10,8,7.8,9
Entrevistado_3775,Entrevistado_3775,QUERÉTARO,CENTRO,Primera mención,ANÁHUAC,7,4,2,8
Entrevistado_3776,Entrevistado_3776,GUADALAJARA,BAJIO,Primera mención,OTRAS,7,10,10,8
Entrevistado_3777,Entrevistado_3777,MORELIA,BAJIO,Primera mención,OTRAS,8,10,7,10
Entrevistado_3778,Entrevistado_3778,LEÓN,BAJIO,Primera mención,OTRAS,8,2,10,6
Entrevistado_3779,Entrevistado_3779,TEPIC,OCCIDENTE,Primera mención,OTRAS,8,10,7.8,10
Entrevistado_3780,Entrevistado_3780,VERACRUZ,ORIENTE,Primera mención,OTRAS,10,9,3,8
Entrevistado_3781,Entrevistado_3781,GUADALAJARA,BAJIO,Primera mención,OTRAS,8.4,8,6,5
Entrevistado_3782,Entrevistado_3782,GUADALAJARA,BAJIO,Primera mención,OTRAS,6,10,6,8
Entrevistado_3783,Entrevistado_3783,MORELIA,BAJIO,Primera mención,OTRAS,8.4,8,7.8,9
Entrevistado_3784,Entrevistado_3784,LEÓN,BAJIO,Primera mención,OTRAS,7,6,7.8,8
Entrevistado_3785,Entrevistado_3785,TEPIC,OCCIDENTE,Primera mención,OTRAS,6,8,7,10
Entrevistado_3786,Entrevistado_3786,GUADALAJARA,BAJIO,Primera mención,OTRAS,7,9,7.8,8
Entrevistado_3787,Entrevistado_3787,GUADALAJARA,BAJIO,Primera mención,OTRAS,8.4,8,7,8
Entrevistado_3788,Entrevistado_3788,MORELIA,BAJIO,Primera mención,OTRAS,10,8,10,1
Entrevistado_3789,Entrevistado_3789,GUADALAJARA,BAJIO,Primera mención,OTRAS,8.4,7,5,8
Entrevistado_3790,Entrevistado_3790,TEPIC,OCCIDENTE,Primera mención,OTRAS,8.4,10,7.8,7
Entrevistado_3791,Entrevistado_3791,GUADALAJARA,BAJIO,Primera mención,OTRAS,8.4,8,7.8,10
Entrevistado_3792,Entrevistado_3792,TEPIC,OCCIDENTE,Primera mención,OTRAS,8.4,8,8,8
Entrevistado_3793,Entrevistado_3793,MORELIA,BAJIO,Primera mención,OTRAS,9,7,9,8
Entrevistado_3794,Entrevistado_3794,QUERÉTARO,CENTRO,Primera mención,ANÁHUAC,8.4,2,7.8,8
Entrevistado_3795,Entrevistado_3795,TEPIC,OCCIDENTE,Primera mención,OTRAS,4,10,7.8,10
Entrevistado_3796,Entrevistado_3796,MORELIA,BAJIO,Primera mención,OTRAS,8.4,10,7.8,10
Entrevistado_3797,Entrevistado_3797,HERMOSILLO,OCCIDENTE,Primera mención,OTRAS,8.4,6,7,10
Entrevistado_3798,Entrevistado_3798,GUADALAJARA,BAJIO,Primera mención,OTRAS,5,7,1,8
Entrevistado_3799,Entrevistado_3799,CULIACÁN,OCCIDENTE,Primera mención,OTRAS,10,4,7.8,8
Entrevistado_3800,Entrevistado_3800,CULIACÁN,OCCIDENTE,Primera mención,OTRAS,8,10,7.8,8
Entrevistado_3801,Entrevistado_3801,TUXTLA GUTIÉRREZ,SUR,Primera mención,OTRAS,8.4,8,10,10
Entrevistado_3802,Entrevistado_3802,LA PAZ,OCCIDENTE,Primera mención,OTRAS,8.4,8,7,9
Entrevistado_3803,Entrevistado_3803,GUADALAJARA,BAJIO,Primera mención,OTRAS,8.4,9,7,8
Entrevistado_3804,Entrevistado_3804,MORELIA,BAJIO,Primera mención,OTRAS,7,10,7.8,9
Entrevistado_3805,Entrevistado_3805,MORELIA,BAJIO,Primera mención,OTRAS,6,9,7.8,5
Entrevistado_3806,Entrevistado_3806,GUADALAJARA,BAJIO,Primera mención,OTRAS,10,1,4,10
Entrevistado_3807,Entrevistado_3807,COATZACOALCOS,SUR,Primera mención,OTRAS,8.4,5,10,8
Entrevistado_3808,Entrevistado_3808,MONTERREY,NORTE,Primera mención,ITESM,8,8,7.8,8
Entrevistado_3809,Entrevistado_3809,GUADALAJARA,BAJIO,Primera mención,OTRAS,8.4,8,8,10
Entrevistado_3810,Entrevistado_3810,LEÓN,BAJIO,Primera mención,OTRAS,8,6,9,8
Entrevistado_3811,Entrevistado_3811,MORELIA,BAJIO,Primera mención,OTRAS,9,8,7.8,8
Entrevistado_3812,Entrevistado_3812,GUADALAJARA,BAJIO,Primera mención,OTRAS,8,8,7.8,4
Entrevistado_3813,Entrevistado_3813,CIUDAD DE MÉXICO,CENTRO,Primera mención,OTRAS,9,10,10,10
Entrevistado_3814,Entrevistado_3814,TEPIC,OCCIDENTE,Primera mención,OTRAS,8.4,5,6,8
Entrevistado_3815,Entrevistado_3815,GUADALAJARA,BAJIO,Primera mención,OTRAS,7,8,6,2
Entrevistado_3816,Entrevistado_3816,VILLAHERMOSA,SUR,Primera mención,OTRAS,8.4,8,3,8
Entrevistado_3817,Entrevistado_3817,LA PAZ,OCCIDENTE,Primera mención,OTRAS,8,3,1,8
Entrevistado_3818,Entrevistado_3818,GUADALAJARA,BAJIO,Primera mención,OTRAS,8,9,7.8,8
Entrevistado_3819,Entrevistado_3819,MORELIA,BAJIO,Primera mención,OTRAS,8,4,7.8,10
Entrevistado_3820,Entrevistado_3820,TUXTLA GUTIÉRREZ,SUR,Primera mención,OTRAS,10,3,10,10
Entrevistado_3821,Entrevistado_3821,MORELIA,BAJIO,Primera mención,OTRAS,9,9,7,8
Entrevistado_3822,Entrevistado_3822,LA PAZ,OCCIDENTE,Primera mención,OTRAS,8.4,8,10,8
Entrevistado_3823,Entrevistado_3823,GUADALAJARA,BAJIO,Primera mención,OTRAS,5,10,5,8
Entrevistado_3824,Entrevistado_3824,HERMOSILLO,OCCIDENTE,Primera mención,OTRAS,9,6,10,8
Entrevistado_3825,Entrevistado_3825,HERMOSILLO,OCCIDENTE,Primera mención,OTRAS,10,5,9,4
Entrevistado_3826,Entrevistado_3826,MORELIA,BAJIO,Primera mención,OTRAS,8.4,8,2,7
Entrevistado_3827,Entrevistado_3827,GUADALAJARA,BAJIO,Primera mención,OTRAS,8.4,8,7.8,8
Entrevistado_3828,Entrevistado_3828,TEPIC,OCCIDENTE,Primera mención,OTRAS,8,8,7.8,7
Entrevistado_3829,Entrevistado_3829,TEPIC,OCCIDENTE,Primera mención,OTRAS,8.4,8,10,10
Entrevistado_3830,Entrevistado_3830,TEPIC,OCCIDENTE,Primera mención,OTRAS,9,10,7,10
Entrevistado_3831,Entrevistado_3831,VILLAHERMOSA,SUR,Primera mención,OTRAS,5,5,10,7
Entrevistado_3832,Entrevistado_3832,IRAPUATO,BAJIO,Primera mención,ITESM,10,6,7.8,8
Entrevistado_3833,Entrevistado_3833,CULIACÁN,OCCIDENTE,Primera mención,ITESM,9,8,7.8,8
Entrevistado_3834,Entrevistado_3834,GUADALAJARA,BAJIO,Primera mención,ITESM,9,8,8,5
Entrevistado_3835,Entrevistado_3835,QUERÉTARO,CENTRO,Primera mención,ANÁHUAC,10,8,5,8
Entrevistado_3836,Entrevistado_3836,QUERÉTARO,CENTRO,Primera mención,UVM,10,8,6,8
Entrevistado_3837,Entrevistado_3837,COATZACOALCOS,SUR,Primera mención,OTRAS,10,10,10,8
Entrevistado_3838,Entrevistado_3838,IRAPUATO,BAJIO,Primera mención,OTRAS,9,8,10,8
Entrevistado_3839,Entrevistado_3839,GUADALAJARA,BAJIO,Primera mención,OTRAS,9,9,10,5
Entrevistado_3840,Entrevistado_3840,GUADALAJARA,BAJIO,Primera mención,OTRAS,10,8,7.8,8
Entrevistado_3841,Entrevistado_3841,CIUDAD DE MÉXICO,CENTRO,Primera mención,OTRAS,9,8,8,8
Entrevistado_3842,Entrevistado_3842,MONTERREY,NORTE,Primera mención,OTRAS,10,10,4,10
Entrevistado_3843,Entrevistado_3843,TIJUANA,OCCIDENTE,Primera mención,OTRAS,2,10,4,8
Entrevistado_3844,Entrevistado_3844,AGUASCALIENTES,BAJIO,Primera mención,OTRAS,9,7,7.8,8
Entrevistado_3845,Entrevistado_3845,AGUASCALIENTES,BAJIO,Primera mención,OTRAS,8.4,8,10,8
Entrevistado_3846,Entrevistado_3846,TUXTLA GUTIÉRREZ,SUR,Primera mención,OTRAS,10,10,7.8,10
Entrevistado_3847,Entrevistado_3847,IRAPUATO,BAJIO,Primera mención,OTRAS,8.4,8,10,8
Entrevistado_3848,Entrevistado_3848,LEÓN,BAJIO,Primera mención,OTRAS,8.4,8,8,8
Entrevistado_3849,Entrevistado_3849,COATZACOALCOS,SUR,Primera mención,OTRAS,9,10,10,8
Entrevistado_3850,Entrevistado_3850,TEPIC,OCCIDENTE,Primera mención,OTRAS,8,5,4,8
Entrevistado_3851,Entrevistado_3851,CIUDAD DE MÉXICO,CENTRO,Primera mención,OTRAS,7,10,10,8
Entrevistado_3852,Entrevistado_3852,PUEBLA,CENTRO,Primera mención,OTRAS,10,9,7.8,8
Entrevistado_3853,Entrevistado_3853,GUADALAJARA,BAJIO,Primera mención,OTRAS,8,9,5,10
Entrevistado_3854,Entrevistado_3854,MORELIA,BAJIO,Primera mención,OTRAS,8.4,10,7.8,9
Entrevistado_3855,Entrevistado_3855,TEPIC,OCCIDENTE,Primera mención,OTRAS,10,9,8,10
Entrevistado_3856,Entrevistado_3856,MORELIA,BAJIO,Primera mención,OTRAS,6,6,6,8
Entrevistado_3857,Entrevistado_3857,COATZACOALCOS,SUR,Primera mención,OTRAS,8,9,8,8
Entrevistado_3858,Entrevistado_3858,LEÓN,BAJIO,Primera mención,OTRAS,8.4,1,7.8,10
Entrevistado_3859,Entrevistado_3859,MEXICALI,OCCIDENTE,Primera mención,OTRAS,10,8,8,9
Entrevistado_3860,Entrevistado_3860,CULIACÁN,OCCIDENTE,Primera mención,ITESM,5,8,8,8
Entrevistado_3861,Entrevistado_3861,MEXICALI,OCCIDENTE,Primera mención,OTRAS,8,10,7.8,10
Entrevistado_3862,Entrevistado_3862,CULIACÁN,OCCIDENTE,Primera mención,OTRAS,8.4,8,10,6
Entrevistado_3863,Entrevistado_3863,MORELIA,BAJIO,Primera mención,OTRAS,9,8,7.8,6
Entrevistado_3864,Entrevistado_3864,HERMOSILLO,OCCIDENTE,Primera mención,OTRAS,10,8,7.8,9
Entrevistado_3865,Entrevistado_3865,HERMOSILLO,OCCIDENTE,Primera mención,UVM,10,5,6,8
Entrevistado_3866,Entrevistado_3866,GUADALAJARA,BAJIO,Primera mención,OTRAS,10,8,5,10
Entrevistado_3867,Entrevistado_3867,PUEBLA,CENTRO,Primera mención,OTRAS,9,7,7.8,7
Entrevistado_3868,Entrevistado_3868,GUADALAJARA,BAJIO,Primera mención,OTRAS,9,8,7.8,9
Entrevistado_3869,Entrevistado_3869,CULIACÁN,OCCIDENTE,Primera mención,ITESM,7,7,7,8
Entrevistado_3870,Entrevistado_3870,CD. OBREGÓN,OCCIDENTE,Primera mención,OTRAS,10,9,7.8,8
Entrevistado_3871,Entrevistado_3871,MORELIA,BAJIO,Primera mención,OTRAS,3,10,5,8
Entrevistado_3872,Entrevistado_3872,VILLAHERMOSA,SUR,Primera mención,UVM,10,8,7.8,10
Entrevistado_3873,Entrevistado_3873,AGUASCALIENTES,BAJIO,Primera mención,OTRAS,9,9,10,8
Entrevistado_3874,Entrevistado_3874,CIUDAD DE MÉXICO,CENTRO,Primera mención,OTRAS,9,9,4,8
Entrevistado_3875,Entrevistado_3875,GUADALAJARA,BAJIO,Primera mención,OTRAS,8.4,10,10,8
Entrevistado_3876,Entrevistado_3876,MONTERREY,NORTE,Primera mención,ITESM,8,3,7.8,8
Entrevistado_3877,Entrevistado_3877,TUXTLA GUTIÉRREZ,SUR,Primera mención,OTRAS,8.4,8,7,10
Entrevistado_3878,Entrevistado_3878,QUERÉTARO,CENTRO,Primera mención,UVM,8.4,10,2,10
Entrevistado_3879,Entrevistado_3879,TUXTLA GUTIÉRREZ,SUR,Primera mención,OTRAS,8.4,10,7.8,8
Entrevistado_3880,Entrevistado_3880,MAZATLÁN,OCCIDENTE,Primera mención,OTRAS,9,8,1,10
Entrevistado_3881,Entrevistado_3881,CULIACÁN,OCCIDENTE,Primera mención,OTRAS,9,8,7.8,8
Entrevistado_3882,Entrevistado_3882,COATZACOALCOS,SUR,Primera mención,OTRAS,8.4,10,7.8,6
Entrevistado_3883,Entrevistado_3883,GUADALAJARA,BAJIO,Primera mención,OTRAS,10,8,7.8,7
Entrevistado_3884,Entrevistado_3884,AGUASCALIENTES,BAJIO,Primera mención,UVM,8,10,9,4
Entrevistado_3885,Entrevistado_3885,TUXTLA GUTIÉRREZ,SUR,Primera mención,OTRAS,7,8,7.8,10
Entrevistado_3886,Entrevistado_3886,LOS CABOS,OCCIDENTE,Primera mención,OTRAS,8.4,10,2,7
Entrevistado_3887,Entrevistado_3887,LA PAZ,OCCIDENTE,Primera mención,OTRAS,8.4,8,3,8
Entrevistado_3888,Entrevistado_3888,MORELIA,BAJIO,Primera mención,OTRAS,9,5,7.8,5
Entrevistado_3889,Entrevistado_3889,GUADALAJARA,BAJIO,Primera mención,OTRAS,8.4,8,7.8,9
Entrevistado_3890,Entrevistado_3890,VILLAHERMOSA,SUR,Primera mención,OTRAS,10,8,7.8,6
Entrevistado_3891,Entrevistado_3891,GUADALAJARA,BAJIO,Primera mención,OTRAS,7,8,7.8,6
Entrevistado_3892,Entrevistado_3892,CULIACÁN,OCCIDENTE,Primera mención,ITESM,10,10,10,6
Entrevistado_3893,Entrevistado_3893,GUADALAJARA,BAJIO,Primera mención,ITESM,9,6,3,8
Entrevistado_3894,Entrevistado_3894,COATZACOALCOS,SUR,Primera mención,OTRAS,10,8,6,2
Entrevistado_3895,Entrevistado_3895,TEPIC,OCCIDENTE,Primera mención,OTRAS,10,10,7.8,8
Entrevistado_3896,Entrevistado_3896,MONTERREY,NORTE,Primera mención,ITESM,7,8,10,6
Entrevistado_3897,Entrevistado_3897,CIUDAD DE MÉXICO,CENTRO,Primera mención,OTRAS,10,6,10,3
Entrevistado_3898,Entrevistado_3898,COATZACOALCOS,SUR,Primera mención,OTRAS,10,10,7.8,9
Entrevistado_3899,Entrevistado_3899,TUXTLA GUTIÉRREZ,SUR,Primera mención,OTRAS,8,8,10,8
Entrevistado_3900,Entrevistado_3900,HERMOSILLO,OCCIDENTE,Primera mención,OTRAS,9,6,7.8,8
Entrevistado_3901,Entrevistado_3901,CIUDAD DE MÉXICO,CENTRO,Primera mención,UVM,8.4,8,7.8,10
Entrevistado_3902,Entrevistado_3902,HERMOSILLO,OCCIDENTE,Primera mención,UVM,8,10,1,5
Entrevistado_3903,Entrevistado_3903,CULIACÁN,OCCIDENTE,Primera mención,OTRAS,9,8,10,8
Entrevistado_3904,Entrevistado_3904,CULIACÁN,OCCIDENTE,Primera mención,OTRAS,6,8,4,9
Entrevistado_3905,Entrevistado_3905,TAPACHULA,SUR,Primera mención,OTRAS,8.4,8,7.8,9
Entrevistado_3906,Entrevistado_3906,TUXTLA GUTIÉRREZ,SUR,Primera mención,OTRAS,10,10,7.8,8
Entrevistado_3907,Entrevistado_3907,CULIACÁN,OCCIDENTE,Primera mención,OTRAS,3,7,7.8,7
Entrevistado_3908,Entrevistado_3908,TUXTLA GUTIÉRREZ,SUR,Primera mención,OTRAS,9,7,7.8,8
Entrevistado_3909,Entrevistado_3909,GUADALAJARA,BAJIO,Primera mención,OTRAS,10,10,7.8,8
Entrevistado_3910,Entrevistado_3910,GUADALAJARA,BAJIO,Primera mención,OTRAS,8.4,4,6,9
Entrevistado_3911,Entrevistado_3911,COATZACOALCOS,SUR,Primera mención,OTRAS,10,10,7.8,8
Entrevistado_3912,Entrevistado_3912,MORELIA,BAJIO,Primera mención,OTRAS,8,7,9,8
Entrevistado_3913,Entrevistado_3913,CD. OBREGÓN,OCCIDENTE,Primera mención,OTRAS,8.4,10,8,6
Entrevistado_3914,Entrevistado_3914,CIUDAD DE MÉXICO,CENTRO,Primera mención,OTRAS,8.4,8,1,8
Entrevistado_3915,Entrevistado_3915,CULIACÁN,OCCIDENTE,Primera mención,OTRAS,8.4,9,10,8
Entrevistado_3916,Entrevistado_3916,GUADALAJARA,BAJIO,Primera mención,OTRAS,6,3,4,8
Entrevistado_3917,Entrevistado_3917,GUADALAJARA,BAJIO,Primera mención,OTRAS,8,8,7,8
Entrevistado_3918,Entrevistado_3918,CIUDAD DE MÉXICO,CENTRO,Primera mención,OTRAS,8,8,9,9
Entrevistado_3919,Entrevistado_3919,MORELIA,BAJIO,Primera mención,OTRAS,7,8,10,9
Entrevistado_3920,Entrevistado_3920,LA PAZ,OCCIDENTE,Primera mención,OTRAS,8.4,8,4,8
Entrevistado_3921,Entrevistado_3921,AGUASCALIENTES,BAJIO,Primera mención,OTRAS,7,5,8,10
Entrevistado_3922,Entrevistado_3922,MÉRIDA,SUR,Primera mención,ANÁHUAC,8,8,10,8
Entrevistado_3923,Entrevistado_3923,MEXICALI,OCCIDENTE,Primera mención,UVM,8.4,8,1,8
Entrevistado_3924,Entrevistado_3924,GUADALAJARA,BAJIO,Primera mención,OTRAS,8.4,5,6,8
Entrevistado_3925,Entrevistado_3925,MORELIA,BAJIO,Primera mención,OTRAS,8.4,8,10,5
Entrevistado_3926,Entrevistado_3926,ZAMORA,BAJIO,Primera mención,OTRAS,6,10,7.8,8
Entrevistado_3927,Entrevistado_3927,GUADALAJARA,BAJIO,Primera mención,OTRAS,6,10,7.8,8
Entrevistado_3928,Entrevistado_3928,GUADALAJARA,BAJIO,Primera mención,OTRAS,10,8,7,9
Entrevistado_3929,Entrevistado_3929,GUADALAJARA,BAJIO,Primera mención,OTRAS,8.4,8,7,7
Entrevistado_3930,Entrevistado_3930,TIJUANA,OCCIDENTE,Primera mención,OTRAS,9,4,4,5
Entrevistado_3931,Entrevistado_3931,AGUASCALIENTES,BAJIO,Primera mención,OTRAS,9,8,5,9
Entrevistado_3932,Entrevistado_3932,GUADALAJARA,BAJIO,Primera mención,OTRAS,8.4,9,8,6
Entrevistado_3933,Entrevistado_3933,AGUASCALIENTES,BAJIO,Primera mención,OTRAS,9,6,10,8
Entrevistado_3934,Entrevistado_3934,CULIACÁN,OCCIDENTE,Primera mención,OTRAS,8.4,2,7.8,5
Entrevistado_3935,Entrevistado_3935,MORELIA,BAJIO,Primera mención,OTRAS,6,9,6,8
Entrevistado_3936,Entrevistado_3936,GUADALAJARA,BAJIO,Primera mención,ITESM,8.4,8,7.8,5
Entrevistado_3937,Entrevistado_3937,TIJUANA,OCCIDENTE,Primera mención,OTRAS,8.4,10,6,6
Entrevistado_3938,Entrevistado_3938,MORELIA,BAJIO,Primera mención,OTRAS,10,6,10,8
Entrevistado_3939,Entrevistado_3939,MAZATLÁN,OCCIDENTE,Primera mención,OTRAS,10,8,7.8,4
Entrevistado_3940,Entrevistado_3940,HERMOSILLO,OCCIDENTE,Primera mención,OTRAS,9,10,7.8,7
Entrevistado_3941,Entrevistado_3941,GUADALAJARA,BAJIO,Primera mención,OTRAS,10,8,4,8
Entrevistado_3942,Entrevistado_3942,IRAPUATO,BAJIO,Primera mención,OTRAS,9,3,7.8,9
Entrevistado_3943,Entrevistado_3943,TEPIC,OCCIDENTE,Primera mención,OTRAS,8.4,7,7.8,7
Entrevistado_3944,Entrevistado_3944,IRAPUATO,BAJIO,Primera mención,OTRAS,10,8,3,8
Entrevistado_3945,Entrevistado_3945,MEXICALI,OCCIDENTE,Primera mención,OTRAS,10,8,7.8,8
Entrevistado_3946,Entrevistado_3946,QUERÉTARO,CENTRO,Primera mención,OTRAS,10,8,5,1
Entrevistado_3947,Entrevistado_3947,TUXTLA GUTIÉRREZ,SUR,Primera mención,UVM,10,7,7.8,7
Entrevistado_3948,Entrevistado_3948,MONTERREY,NORTE,Primera mención,ITESM,8.4,3,9,8
Entrevistado_3949,Entrevistado_3949,CULIACÁN,OCCIDENTE,Primera mención,ITESM,7,8,7.8,8
Entrevistado_3950,Entrevistado_3950,TUXTLA GUTIÉRREZ,SUR,Primera mención,OTRAS,8.4,10,10,10
Entrevistado_3951,Entrevistado_3951,ZAMORA,BAJIO,Primera mención,OTRAS,10,8,4,6
Entrevistado_3952,Entrevistado_3952,GUADALAJARA,BAJIO,Primera mención,OTRAS,5,7,4,8
Entrevistado_3953,Entrevistado_3953,MONTERREY,NORTE,Primera mención,ITESM,10,9,5,8
Entrevistado_3954,Entrevistado_3954,GUADALAJARA,BAJIO,Primera mención,OTRAS,6,10,8,8
Entrevistado_3955,Entrevistado_3955,MÉRIDA,SUR,Primera mención,ANÁHUAC,10,9,3,8
Entrevistado_3956,Entrevistado_3956,GUADALAJARA,BAJIO,Primera mención,OTRAS,4,3,10,4
Entrevistado_3957,Entrevistado_3957,CIUDAD DE MÉXICO,CENTRO,Primera mención,OTRAS,10,8,10,8
Entrevistado_3958,Entrevistado_3958,TUXTLA GUTIÉRREZ,SUR,Primera mención,OTRAS,7,10,7.8,8
Entrevistado_3959,Entrevistado_3959,HERMOSILLO,OCCIDENTE,Primera mención,OTRAS,8,10,10,10
Entrevistado_3960,Entrevistado_3960,MONTERREY,NORTE,Primera mención,ITESM,8.4,10,7.8,6
Entrevistado_3961,Entrevistado_3961,TEPIC,OCCIDENTE,Primera mención,OTRAS,8.4,10,9,8
Entrevistado_3962,Entrevistado_3962,AGUASCALIENTES,BAJIO,Primera mención,OTRAS,7,8,7.8,9
Entrevistado_3963,Entrevistado_3963,MORELIA,BAJIO,Primera mención,OTRAS,8,8,7.8,6
Entrevistado_3964,Entrevistado_3964,QUERÉTARO,CENTRO,Primera mención,OTRAS,8,9,10,9
Entrevistado_3965,Entrevistado_3965,LEÓN,BAJIO,Primera mención,OTRAS,7,8,10,8
Entrevistado_3966,Entrevistado_3966,COATZACOALCOS,SUR,Primera mención,OTRAS,8.4,7,4,5
Entrevistado_3967,Entrevistado_3967,LA PAZ,OCCIDENTE,Primera mención,OTRAS,10,10,3,8
Entrevistado_3968,Entrevistado_3968,QUERÉTARO,CENTRO,Primera mención,ITESM,6,9,10,8
Entrevistado_3969,Entrevistado_3969,CULIACÁN,OCCIDENTE,Primera mención,OTRAS,7,10,7.8,8
Entrevistado_3970,Entrevistado_3970,TIJUANA,OCCIDENTE,Primera mención,OTRAS,9,10,10,8
Entrevistado_3971,Entrevistado_3971,LA PAZ,OCCIDENTE,Primera mención,OTRAS,8.4,8,7.8,8
Entrevistado_3972,Entrevistado_3972,IRAPUATO,BAJIO,Primera mención,OTRAS,7,8,7.8,8
Entrevistado_3973,Entrevistado_3973,GUADALAJARA,BAJIO,Primera mención,OTRAS,5,8,7,6
Entrevistado_3974,Entrevistado_3974,GUADALAJARA,BAJIO,Primera mención,OTRAS,9,8,7.8,8
Entrevistado_3975,Entrevistado_3975,TUXTLA GUTIÉRREZ,SUR,Primera mención,OTRAS,7,8,7.8,7
Entrevistado_3976,Entrevistado_3976,TIJUANA,OCCIDENTE,Primera mención,OTRAS,6,8,10,10
Entrevistado_3977,Entrevistado_3977,GUADALAJARA,BAJIO,Primera mención,OTRAS,8.4,7,7.8,5
Entrevistado_3978,Entrevistado_3978,VILLAHERMOSA,SUR,Primera mención,UVM,8,6,4,8
Entrevistado_3979,Entrevistado_3979,AGUASCALIENTES,BAJIO,Primera mención,UVM,10,5,7,7
Entrevistado_3980,Entrevistado_3980,MONTERREY,NORTE,Primera mención,ITESM,10,7,7,5
Entrevistado_3981,Entrevistado_3981,TUXTLA GUTIÉRREZ,SUR,Primera mención,OTRAS,7,5,7.8,8
Entrevistado_3982,Entrevistado_3982,GUADALAJARA,BAJIO,Primera mención,OTRAS,10,8,7.8,3
Entrevistado_3983,Entrevistado_3983,GUADALAJARA,BAJIO,Primera mención,OTRAS,8.4,8,9,8
Entrevistado_3984,Entrevistado_3984,HERMOSILLO,OCCIDENTE,Primera mención,OTRAS,10,8,8,10
Entrevistado_3985,Entrevistado_3985,GUADALAJARA,BAJIO,Primera mención,OTRAS,8.4,8,7.8,4
Entrevistado_3986,Entrevistado_3986,GUADALAJARA,BAJIO,Primera mención,OTRAS,7,10,7.8,8
Entrevistado_3987,Entrevistado_3987,GUADALAJARA,BAJIO,Primera mención,OTRAS,9,4,7.8,8
Entrevistado_3988,Entrevistado_3988,LEÓN,BAJIO,Primera mención,OTRAS,8,8,7.8,8
Entrevistado_3989,Entrevistado_3989,COATZACOALCOS,SUR,Primera mención,OTRAS,10,9,9,8
Entrevistado_3990,Entrevistado_3990,MAZATLÁN,OCCIDENTE,Primera mención,OTRAS,9,10,9,8
Entrevistado_3991,Entrevistado_3991,AGUASCALIENTES,BAJIO,Primera mención,OTRAS,8.4,10,9,9
Entrevistado_3992,Entrevistado_3992,MORELIA,BAJIO,Primera mención,OTRAS,10,7,7,4
Entrevistado_3993,Entrevistado_3993,MAZATLÁN,OCCIDENTE,Primera mención,OTRAS,6,8,4,8
Entrevistado_3994,Entrevistado_3994,VILLAHERMOSA,SUR,Primera mención,OTRAS,10,9,7.8,10
Entrevistado_3995,Entrevistado_3995,HERMOSILLO,OCCIDENTE,Primera mención,OTRAS,8,4,7.8,8
Entrevistado_3996,Entrevistado_3996,GUADALAJARA,BAJIO,Primera mención,OTRAS,9,8,7.8,9
Entrevistado_3997,Entrevistado_3997,IRAPUATO,BAJIO,Primera mención,OTRAS,8.4,10,7.8,8
Entrevistado_3998,Entrevistado_3998,VILLAHERMOSA,SUR,Primera mención,OTRAS,10,8,2,8
Entrevistado_3999,Entrevistado_3999,MONTERREY,NORTE,Primera mención,ITESM,8.4,8,7.8,10
Entrevistado_4000,Entrevistado_4000,GUADALAJARA,BAJIO,Primera mención,OTRAS,8.4,8,6,8
Entrevistado_4001,Entrevistado_4001,VILLAHERMOSA,SUR,Primera mención,OTRAS,10,8,7,8
Entrevistado_4002,Entrevistado_4002,CIUDAD DE MÉXICO,CENTRO,Primera mención,UVM,5,5,7.8,8
Entrevistado_4003,Entrevistado_4003,GUADALAJARA,BAJIO,Primera mención,OTRAS,9,8,7.8,8
Entrevistado_4004,Entrevistado_4004,LEÓN,BAJIO,Primera mención,OTRAS,10,8,7.8,8
Entrevistado_4005,Entrevistado_4005,GUADALAJARA,BAJIO,Primera mención,OTRAS,10,10,5,10
Entrevistado_4006,Entrevistado_4006,CIUDAD DE MÉXICO,CENTRO,Primera mención,OTRAS,9,5,7.8,10
Entrevistado_4007,Entrevistado_4007,CIUDAD DE MÉXICO,CENTRO,Primera mención,OTRAS,6,6,10,8
Entrevistado_4008,Entrevistado_4008,GUADALAJARA,BAJIO,Primera mención,OTRAS,8,8,1,8
Entrevistado_4009,Entrevistado_4009,QUERÉTARO,CENTRO,Primera mención,ANÁHUAC,10,6,7.8,6
Entrevistado_4010,Entrevistado_4010,LA PAZ,OCCIDENTE,Primera mención,OTRAS,7,8,7.8,8
Entrevistado_4011,Entrevistado_4011,GUADALAJARA,BAJIO,Primera mención,OTRAS,9,4,10,8
Entrevistado_4012,Entrevistado_4012,TEPIC,OCCIDENTE,Primera mención,OTRAS,7,8,5,8
Entrevistado_4013,Entrevistado_4013,VILLAHERMOSA,SUR,Primera mención,UVM,8,10,9,8
Entrevistado_4014,Entrevistado_4014,COATZACOALCOS,SUR,Primera mención,OTRAS,6,10,8,7
Entrevistado_4015,Entrevistado_4015,ZAMORA,BAJIO,Primera mención,OTRAS,10,10,7.8,6
Entrevistado_4016,Entrevistado_4016,AGUASCALIENTES,BAJIO,Primera mención,ITESM,10,10,10,8
Entrevistado_4017,Entrevistado_4017,XALAPA,ORIENTE,Primera mención,OTRAS,8.4,7,7.8,4
Entrevistado_4018,Entrevistado_4018,MORELIA,BAJIO,Primera mención,OTRAS,7,8,10,8
Entrevistado_4019,Entrevistado_4019,MORELIA,BAJIO,Primera mención,OTRAS,7,8,7.8,8
Entrevistado_4020,Entrevistado_4020,ZAMORA,BAJIO,Primera mención,OTRAS,8.4,10,7.8,10
Entrevistado_4021,Entrevistado_4021,MORELIA,BAJIO,Primera mención,OTRAS,6,8,7.8,6
Entrevistado_4022,Entrevistado_4022,GUADALAJARA,BAJIO,Primera mención,OTRAS,8.4,8,10,4
Entrevistado_4023,Entrevistado_4023,CULIACÁN,OCCIDENTE,Primera mención,OTRAS,8.4,8,7.8,8
Entrevistado_4024,Entrevistado_4024,GUADALAJARA,BAJIO,Primera mención,OTRAS,8,8,10,8
Entrevistado_4025,Entrevistado_4025,GUADALAJARA,BAJIO,Primera mención,OTRAS,8.4,9,10,9
Entrevistado_4026,Entrevistado_4026,CULIACÁN,OCCIDENTE,Primera mención,OTRAS,5,8,10,8
Entrevistado_4027,Entrevistado_4027,MORELIA,BAJIO,Primera mención,OTRAS,6,8,7.8,8
Entrevistado_4028,Entrevistado_4028,LEÓN,BAJIO,Primera mención,OTRAS,10,8,1,8
Entrevistado_4029,Entrevistado_4029,MEXICALI,OCCIDENTE,Primera mención,OTRAS,8.4,5,3,8
Entrevistado_4030,Entrevistado_4030,MORELIA,BAJIO,Primera mención,ITESM,8.4,10,1,8
Entrevistado_4031,Entrevistado_4031,COATZACOALCOS,SUR,Primera mención,OTRAS,10,4,5,8
Entrevistado_4032,Entrevistado_4032,CD. OBREGÓN,OCCIDENTE,Primera mención,OTRAS,7,6,5,8
Entrevistado_4033,Entrevistado_4033,LEÓN,BAJIO,Primera mención,OTRAS,10,9,7.8,2
Entrevistado_4034,Entrevistado_4034,MORELIA,BAJIO,Primera mención,OTRAS,9,10,10,10
Entrevistado_4035,Entrevistado_4035,COATZACOALCOS,SUR,Primera mención,OTRAS,8.4,10,7.8,10
Entrevistado_4036,Entrevistado_4036,MORELIA,BAJIO,Primera mención,OTRAS,9,8,1,8
Entrevistado_4037,Entrevistado_4037,COATZACOALCOS,SUR,Primera mención,OTRAS,8.4,10,9,8
Entrevistado_4038,Entrevistado_4038,LA PAZ,OCCIDENTE,Primera mención,OTRAS,8.4,8,10,8
Entrevistado_4039,Entrevistado_4039,CIUDAD DE MÉXICO,CENTRO,Primera mención,OTRAS,6,5,7.8,10
Entrevistado_4040,Entrevistado_4040,MORELIA,BAJIO,Primera mención,OTRAS,10,10,7.8,8
Entrevistado_4041,Entrevistado_4041,QUERÉTARO,CENTRO,Primera mención,OTRAS,8,10,6,8
Entrevistado_4042,Entrevistado_4042,AGUASCALIENTES,BAJIO,Primera mención,UVM,10,8,5,8
Entrevistado_4043,Entrevistado_4043,HERMOSILLO,OCCIDENTE,Primera mención,ITESM,6,8,7.8,10
Entrevistado_4044,Entrevistado_4044,COATZACOALCOS,SUR,Primera mención,OTRAS,10,8,7.8,8
Entrevistado_4045,Entrevistado_4045,GUADALAJARA,BAJIO,Primera mención,OTRAS,9,8,7.8,8
Entrevistado_4046,Entrevistado_4046,QUERÉTARO,CENTRO,Primera mención,OTRAS,10,8,8,10
Entrevistado_4047,Entrevistado_4047,ZAMORA,BAJIO,Primera mención,OTRAS,8,1,3,8
Entrevistado_4048,Entrevistado_4048,QUERÉTARO,CENTRO,Primera mención,ITESM,7,8,5,8
Entrevistado_4049,Entrevistado_4049,LEÓN,BAJIO,Primera mención,OTRAS,9,8,7,8
Entrevistado_4050,Entrevistado_4050,CULIACÁN,OCCIDENTE,Primera mención,OTRAS,9,10,7.8,8
Entrevistado_4051,Entrevistado_4051,LA PAZ,OCCIDENTE,Primera mención,OTRAS,7,10,7.8,5
Entrevistado_4052,Entrevistado_4052,GUADALAJARA,BAJIO,Primera mención,OTRAS,7,7,10,8
Entrevistado_4053,Entrevistado_4053,QUERÉTARO,CENTRO,Primera mención,UVM,9,6,7.8,8
Entrevistado_4054,Entrevistado_4054,GUADALAJARA,BAJIO,Primera mención,OTRAS,10,8,8,7
Entrevistado_4055,Entrevistado_4055,TIJUANA,OCCIDENTE,Primera mención,OTRAS,8,5,10,1
Entrevistado_4056,Entrevistado_4056,TEPIC,OCCIDENTE,Primera mención,OTRAS,9,8,7.8,7
Entrevistado_4057,Entrevistado_4057,TUXTLA GUTIÉRREZ,SUR,Primera mención,UVM,10,7,7.8,8
Entrevistado_4058,Entrevistado_4058,GUADALAJARA,BAJIO,Primera mención,OTRAS,10,10,1,8
Entrevistado_4059,Entrevistado_4059,GUADALAJARA,BAJIO,Primera mención,OTRAS,8.4,8,7,3
Entrevistado_4060,Entrevistado_4060,GUADALAJARA,BAJIO,Primera mención,OTRAS,8.4,9,7.8,10
Entrevistado_4061,Entrevistado_4061,CULIACÁN,OCCIDENTE,Primera mención,OTRAS,7,8,10,8
Entrevistado_4062,Entrevistado_4062,GUADALAJARA,BAJIO,Primera mención,OTRAS,8,8,6,6
Entrevistado_4063,Entrevistado_4063,AGUASCALIENTES,BAJIO,Primera mención,OTRAS,10,7,10,8
Entrevistado_4064,Entrevistado_4064,LA PAZ,OCCIDENTE,Primera mención,OTRAS,8,3,7.8,8
Entrevistado_4065,Entrevistado_4065,MORELIA,BAJIO,Primera mención,OTRAS,8.4,10,7.8,10
Entrevistado_4066,Entrevistado_4066,GUADALAJARA,BAJIO,Primera mención,OTRAS,8,8,7.8,10
Entrevistado_4067,Entrevistado_4067,COATZACOALCOS,SUR,Primera mención,OTRAS,8,5,7.8,8
Entrevistado_4068,Entrevistado_4068,TUXTLA GUTIÉRREZ,SUR,Primera mención,OTRAS,9,8,2,10
Entrevistado_4069,Entrevistado_4069,GUADALAJARA,BAJIO,Primera mención,OTRAS,8.4,8,7.8,4
Entrevistado_4070,Entrevistado_4070,GUADALAJARA,BAJIO,Primera mención,OTRAS,9,7,7.8,8
Entrevistado_4071,Entrevistado_4071,MORELIA,BAJIO,Primera mención,OTRAS,10,10,8,8
Entrevistado_4072,Entrevistado_4072,MORELIA,BAJIO,Primera mención,OTRAS,10,8,7.8,7
Entrevistado_4073,Entrevistado_4073,QUERÉTARO,CENTRO,Primera mención,ANÁHUAC,8.4,8,7.8,8
Entrevistado_4074,Entrevistado_4074,GUADALAJARA,BAJIO,Primera mención,ITESM,9,10,10,8
Entrevistado_4075,Entrevistado_4075,TUXTLA GUTIÉRREZ,SUR,Primera mención,OTRAS,8.4,8,8,8
Entrevistado_4076,Entrevistado_4076,QUERÉTARO,CENTRO,Primera mención,ITESM,7,10,4,10
Entrevistado_4077,Entrevistado_4077,LEÓN,BAJIO,Primera mención,OTRAS,10,10,7.8,8
Entrevistado_4078,Entrevistado_4078,GUADALAJARA,BAJIO,Primera mención,OTRAS,7,10,7.8,10
Entrevistado_4079,Entrevistado_4079,GUADALAJARA,BAJIO,Primera mención,OTRAS,10,10,9,7
Entrevistado_4080,Entrevistado_4080,GUADALAJARA,BAJIO,Primera mención,ITESM,7,7,7.8,1
Entrevistado_4081,Entrevistado_4081,CIUDAD DE MÉXICO,CENTRO,Primera mención,OTRAS,10,8,7.8,8
Entrevistado_4082,Entrevistado_4082,CIUDAD DE MÉXICO,CENTRO,Primera mención,UVM,8.4,5,7.8,8
Entrevistado_4083,Entrevistado_4083,TAPACHULA,SUR,Primera mención,OTRAS,9,9,7.8,8
Entrevistado_4084,Entrevistado_4084,MAZATLÁN,OCCIDENTE,Primera mención,OTRAS,10,8,10,8
Entrevistado_4085,Entrevistado_4085,QUERÉTARO,CENTRO,Primera mención,ANÁHUAC,8.4,6,3,8
Entrevistado_4086,Entrevistado_4086,GUADALAJARA,BAJIO,Primera mención,ITESM,10,8,7.8,8
Entrevistado_4087,Entrevistado_4087,AGUASCALIENTES,BAJIO,Primera mención,OTRAS,10,2,7.8,8
Entrevistado_4088,Entrevistado_4088,GUADALAJARA,BAJIO,Primera mención,OTRAS,9,9,7.8,8
Entrevistado_4089,Entrevistado_4089,CIUDAD DE MÉXICO,CENTRO,Primera mención,ANÁHUAC,9,4,7.8,8
Entrevistado_4090,Entrevistado_4090,LEÓN,BAJIO,Primera mención,OTRAS,7,8,1,6
Entrevistado_4091,Entrevistado_4091,TUXTLA GUTIÉRREZ,SUR,Primera mención,OTRAS,6,8,10,8
Entrevistado_4092,Entrevistado_4092,LEÓN,BAJIO,Primera mención,OTRAS,10,8,6,8
Entrevistado_4093,Entrevistado_4093,CULIACÁN,OCCIDENTE,Primera mención,OTRAS,6,8,10,10
Entrevistado_4094,Entrevistado_4094,GUADALAJARA,BAJIO,Primera mención,ITESM,7,8,6,8
Entrevistado_4095,Entrevistado_4095,TUXTLA GUTIÉRREZ,SUR,Primera mención,OTRAS,10,8,10,8
Entrevistado_4096,Entrevistado_4096,GUADALAJARA,BAJIO,Primera mención,OTRAS,6,8,7,7
Entrevistado_4097,Entrevistado_4097,TIJUANA,OCCIDENTE,Primera mención,OTRAS,7,7,7.8,8
Entrevistado_4098,Entrevistado_4098,MORELIA,BAJIO,Primera mención,OTRAS,8.4,8,7.8,9
Entrevistado_4099,Entrevistado_4099,AGUASCALIENTES,BAJIO,Primera mención,OTRAS,9,8,7.8,10
Entrevistado_4100,Entrevistado_4100,LEÓN,BAJIO,Primera mención,OTRAS,8,10,7.8,8
Entrevistado_4101,Entrevistado_4101,MONTERREY,NORTE,Primera mención,ITESM,8.4,8,1,10
Entrevistado_4102,Entrevistado_4102,TUXTLA GUTIÉRREZ,SUR,Primera mención,OTRAS,10,9,7,8
Entrevistado_4103,Entrevistado_4103,TEPIC,OCCIDENTE,Primera mención,OTRAS,7,8,10,8
Entrevistado_4104,Entrevistado_4104,LEÓN,BAJIO,Primera mención,OTRAS,7,9,7.8,5
Entrevistado_4105,Entrevistado_4105,CIUDAD DE MÉXICO,CENTRO,Primera mención,OTRAS,9,8,1,8
Entrevistado_4106,Entrevistado_4106,LEÓN,BAJIO,Primera mención,OTRAS,8.4,4,3,8
Entrevistado_4107,Entrevistado_4107,VILLAHERMOSA,SUR,Primera mención,UVM,8.4,9,10,10
Entrevistado_4108,Entrevistado_4108,VILLAHERMOSA,SUR,Primera mención,UVM,10,8,10,8
Entrevistado_4109,Entrevistado_4109,MONTERREY,NORTE,Primera mención,ITESM,2,8,8,8
Entrevistado_4110,Entrevistado_4110,COATZACOALCOS,SUR,Primera mención,OTRAS,8.4,6,8,8
Entrevistado_4111,Entrevistado_4111,MORELIA,BAJIO,Primera mención,OTRAS,10,8,7.8,8
Entrevistado_4112,Entrevistado_4112,GUADALAJARA,BAJIO,Primera mención,OTRAS,8,8,7.8,1
Entrevistado_4113,Entrevistado_4113,MORELIA,BAJIO,Primera mención,OTRAS,8,7,7.8,10
Entrevistado_4114,Entrevistado_4114,HERMOSILLO,OCCIDENTE,Primera mención,OTRAS,8.4,10,10,8
Entrevistado_4115,Entrevistado_4115,MORELIA,BAJIO,Primera mención,OTRAS,9,4,7.8,8
Entrevistado_4116,Entrevistado_4116,HERMOSILLO,OCCIDENTE,Primera mención,UVM,10,10,3,10
Entrevistado_4117,Entrevistado_4117,LEÓN,BAJIO,Primera mención,OTRAS,10,8,9,8
Entrevistado_4118,Entrevistado_4118,GUADALAJARA,BAJIO,Primera mención,UVM,8,8,7,10
Entrevistado_4119,Entrevistado_4119,GUADALAJARA,BAJIO,Primera mención,OTRAS,8.4,2,5,8
Entrevistado_4120,Entrevistado_4120,LA PAZ,OCCIDENTE,Primera mención,OTRAS,8.4,2,3,8
Entrevistado_4121,Entrevistado_4121,CIUDAD DE MÉXICO,CENTRO,Primera mención,UVM,8,10,2,8
Entrevistado_4122,Entrevistado_4122,VILLAHERMOSA,SUR,Primera mención,OTRAS,10,10,7.8,1
Entrevistado_4123,Entrevistado_4123,AGUASCALIENTES,BAJIO,Primera mención,OTRAS,9,8,10,8
Entrevistado_4124,Entrevistado_4124,COATZACOALCOS,SUR,Primera mención,OTRAS,8.4,10,7,10
Entrevistado_4125,Entrevistado_4125,MAZATLÁN,OCCIDENTE,Primera mención,OTRAS,6,8,7,8
Entrevistado_4126,Entrevistado_4126,PUEBLA,CENTRO,Primera mención,ANÁHUAC,10,10,10,8
Entrevistado_4127,Entrevistado_4127,TEPIC,OCCIDENTE,Primera mención,OTRAS,8,8,10,10
Entrevistado_4128,Entrevistado_4128,MORELIA,BAJIO,Primera mención,OTRAS,9,8,7.8,6
Entrevistado_4129,Entrevistado_4129,ZAMORA,BAJIO,Primera mención,OTRAS,8.4,10,10,10
Entrevistado_4130,Entrevistado_4130,QUERÉTARO,CENTRO,Primera mención,ANÁHUAC,5,6,10,8
Entrevistado_4131,Entrevistado_4131,GUADALAJARA,BAJIO,Primera mención,OTRAS,9,8,7.8,9
Entrevistado_4132,Entrevistado_4132,CANCÚN,SUR,Primera mención,OTRAS,8.4,6,7.8,7
Entrevistado_4133,Entrevistado_4133,CIUDAD DE MÉXICO,CENTRO,Primera mención,UVM,10,8,3,4
Entrevistado_4134,Entrevistado_4134,GUADALAJARA,BAJIO,Primera mención,OTRAS,8.4,8,10,8
Entrevistado_4135,Entrevistado_4135,LEÓN,BAJIO,Primera mención,OTRAS,8.4,8,10,10
Entrevistado_4136,Entrevistado_4136,TIJUANA,OCCIDENTE,Primera mención,OTRAS,8.4,7,7.8,10
Entrevistado_4137,Entrevistado_4137,GUADALAJARA,BAJIO,Primera mención,OTRAS,9,8,7.8,5
Entrevistado_4138,Entrevistado_4138,GUADALAJARA,BAJIO,Primera mención,OTRAS,8,8,7.8,7
Entrevistado_4139,Entrevistado_4139,AGUASCALIENTES,BAJIO,Primera mención,UVM,7,8,9,9
Entrevistado_4140,Entrevistado_4140,PUEBLA,CENTRO,Primera mención,OTRAS,10,8,7.8,8
Entrevistado_4141,Entrevistado_4141,GUADALAJARA,BAJIO,Primera mención,OTRAS,10,8,4,8
Entrevistado_4142,Entrevistado_4142,CULIACÁN,OCCIDENTE,Primera mención,OTRAS,8,3,7.8,8
Entrevistado_4143,Entrevistado_4143,MÉRIDA,SUR,Primera mención,ANÁHUAC,8.4,9,7.8,8
Entrevistado_4144,Entrevistado_4144,COATZACOALCOS,SUR,Primera mención,OTRAS,8.4,8,7.8,8
Entrevistado_4145,Entrevistado_4145,AGUASCALIENTES,BAJIO,Primera mención,OTRAS,10,8,7.8,7
Entrevistado_4146,Entrevistado_4146,CULIACÁN,OCCIDENTE,Primera mención,OTRAS,10,8,7.8,8
Entrevistado_4147,Entrevistado_4147,TUXTLA GUTIÉRREZ,SUR,Primera mención,OTRAS,8,8,7,8
Entrevistado_4148,Entrevistado_4148,GUADALAJARA,BAJIO,Primera mención,OTRAS,5,6,7.8,8
Entrevistado_4149,Entrevistado_4149,GUADALAJARA,BAJIO,Primera mención,OTRAS,7,8,10,7
Entrevistado_4150,Entrevistado_4150,GUADALAJARA,BAJIO,Primera mención,OTRAS,10,6,7.8,8
Entrevistado_4151,Entrevistado_4151,VILLAHERMOSA,SUR,Primera mención,OTRAS,6,10,7,9
Entrevistado_4152,Entrevistado_4152,CULIACÁN,OCCIDENTE,Primera mención,OTRAS,8,8,7,8
Entrevistado_4153,Entrevistado_4153,AGUASCALIENTES,BAJIO,Primera mención,UVM,8,8,5,8
Entrevistado_4154,Entrevistado_4154,GUADALAJARA,BAJIO,Primera mención,OTRAS,6,6,5,8
Entrevistado_4155,Entrevistado_4155,ZAMORA,BAJIO,Primera mención,OTRAS,8,8,9,8
Entrevistado_4156,Entrevistado_4156,CIUDAD DE MÉXICO,CENTRO,Primera mención,OTRAS,8.4,6,7.8,8
Entrevistado_4157,Entrevistado_4157,GUADALAJARA,BAJIO,Primera mención,ITESM,7,8,6,10
Entrevistado_4158,Entrevistado_4158,IRAPUATO,BAJIO,Primera mención,OTRAS,10,8,8,10
Entrevistado_4159,Entrevistado_4159,VILLAHERMOSA,SUR,Primera mención,UVM,7,10,7.8,8
Entrevistado_4160,Entrevistado_4160,MORELIA,BAJIO,Primera mención,OTRAS,6,7,7.8,8
Entrevistado_4161,Entrevistado_4161,CIUDAD DE MÉXICO,CENTRO,Primera mención,OTRAS,9,5,4,10
Entrevistado_4162,Entrevistado_4162,IRAPUATO,BAJIO,Primera mención,OTRAS,8.4,3,5,8
Entrevistado_4163,Entrevistado_4163,CIUDAD DE MÉXICO,CENTRO,Primera mención,UVM,10,3,10,10
Entrevistado_4164,Entrevistado_4164,CIUDAD DE MÉXICO,CENTRO,Primera mención,OTRAS,6,8,5,10
Entrevistado_4165,Entrevistado_4165,GUADALAJARA,BAJIO,Primera mención,OTRAS,7,8,10,6
Entrevistado_4166,Entrevistado_4166,GUADALAJARA,BAJIO,Primera mención,OTRAS,5,6,6,8
Entrevistado_4167,Entrevistado_4167,CULIACÁN,OCCIDENTE,Primera mención,ITESM,8.4,10,1,8
Entrevistado_4168,Entrevistado_4168,PUEBLA,CENTRO,Primera mención,OTRAS,7,8,8,10
Entrevistado_4169,Entrevistado_4169,GUADALAJARA,BAJIO,Primera mención,OTRAS,9,8,5,8
Entrevistado_4170,Entrevistado_4170,LEÓN,BAJIO,Primera mención,ITESM,10,8,10,7
Entrevistado_4171,Entrevistado_4171,GUADALAJARA,BAJIO,Primera mención,UVM,8.4,8,8,3
Entrevistado_4172,Entrevistado_4172,AGUASCALIENTES,BAJIO,Primera mención,OTRAS,10,8,7.8,8
Entrevistado_4173,Entrevistado_4173,GUADALAJARA,BAJIO,Primera mención,ITESM,8.4,8,7.8,8
Entrevistado_4174,Entrevistado_4174,CULIACÁN,OCCIDENTE,Primera mención,ITESM,10,8,9,9
Entrevistado_4175,Entrevistado_4175,CIUDAD DE MÉXICO,CENTRO,Primera mención,UVM,8.4,10,7.8,8
Entrevistado_4176,Entrevistado_4176,TIJUANA,OCCIDENTE,Primera mención,OTRAS,10,8,10,8
Entrevistado_4177,Entrevistado_4177,TUXTLA GUTIÉRREZ,SUR,Primera mención,OTRAS,10,7,7.8,10
Entrevistado_4178,Entrevistado_4178,CULIACÁN,OCCIDENTE,Primera mención,OTRAS,9,8,7.8,7
Entrevistado_4179,Entrevistado_4179,GUADALAJARA,BAJIO,Primera mención,OTRAS,8.4,6,7.8,8
Entrevistado_4180,Entrevistado_4180,TUXTLA GUTIÉRREZ,SUR,Primera mención,OTRAS,8,8,7.8,6
Entrevistado_4181,Entrevistado_4181,HERMOSILLO,OCCIDENTE,Primera mención,UVM,9,7,10,10
Entrevistado_4182,Entrevistado_4182,HERMOSILLO,OCCIDENTE,Primera mención,OTRAS,8.4,10,7.8,9
Entrevistado_4183,Entrevistado_4183,MORELIA,BAJIO,Primera mención,OTRAS,7,7,7.8,8
Entrevistado_4184,Entrevistado_4184,GUADALAJARA,BAJIO,Primera mención,OTRAS,8.4,1,8,8
Entrevistado_4185,Entrevistado_4185,CIUDAD DE MÉXICO,CENTRO,Primera mención,UVM,9,8,10,10
Entrevistado_4186,Entrevistado_4186,MORELIA,BAJIO,Primera mención,OTRAS,8.4,7,7.8,10
Entrevistado_4187,Entrevistado_4187,TUXTLA GUTIÉRREZ,SUR,Primera mención,OTRAS,10,10,5,8
Entrevistado_4188,Entrevistado_4188,TUXTLA GUTIÉRREZ,SUR,Primera mención,OTRAS,8.4,8,7.8,9
Entrevistado_4189,Entrevistado_4189,HERMOSILLO,OCCIDENTE,Primera mención,UVM,10,7,7.8,8
Entrevistado_4190,Entrevistado_4190,GUADALAJARA,BAJIO,Primera mención,ITESM,9,8,7.8,10
Entrevistado_4191,Entrevistado_4191,QUERÉTARO,CENTRO,Primera mención,ITESM,8.4,8,7.8,10
Entrevistado_4192,Entrevistado_4192,CULIACÁN,OCCIDENTE,Primera mención,OTRAS,9,8,7.8,10
Entrevistado_4193,Entrevistado_4193,COATZACOALCOS,SUR,Primera mención,OTRAS,10,6,7.8,8
Entrevistado_4194,Entrevistado_4194,IRAPUATO,BAJIO,Primera mención,OTRAS,8.4,10,10,5
Entrevistado_4195,Entrevistado_4195,GUADALAJARA,BAJIO,Primera mención,OTRAS,6,8,7,7
Entrevistado_4196,Entrevistado_4196,VILLAHERMOSA,SUR,Primera mención,UVM,6,8,7.8,6
Entrevistado_4197,Entrevistado_4197,MONTERREY,NORTE,Primera mención,ITESM,7,4,7.8,9
Entrevistado_4198,Entrevistado_4198,AGUASCALIENTES,BAJIO,Primera mención,UVM,8.4,10,7.8,8
Entrevistado_4199,Entrevistado_4199,TEPIC,OCCIDENTE,Primera mención,OTRAS,9,8,10,9
Entrevistado_4200,Entrevistado_4200,GUADALAJARA,BAJIO,Primera mención,OTRAS,8.4,10,10,8
Entrevistado_4201,Entrevistado_4201,COATZACOALCOS,SUR,Primera mención,OTRAS,10,8,7.8,10
Entrevistado_4202,Entrevistado_4202,VILLAHERMOSA,SUR,Primera mención,OTRAS,10,8,7.8,10
Entrevistado_4203,Entrevistado_4203,AGUASCALIENTES,BAJIO,Primera mención,ITESM,10,9,9,8
Entrevistado_4204,Entrevistado_4204,GUADALAJARA,BAJIO,Primera mención,OTRAS,8.4,8,7.8,8
Entrevistado_4205,Entrevistado_4205,MÉRIDA,SUR,Primera mención,OTRAS,8.4,10,10,6
Entrevistado_4206,Entrevistado_4206,TEPIC,OCCIDENTE,Primera mención,OTRAS,6,10,7.8,8
Entrevistado_4207,Entrevistado_4207,PUEBLA,CENTRO,Primera mención,OTRAS,8.4,10,7.8,8
Entrevistado_4208,Entrevistado_4208,CIUDAD DE MÉXICO,CENTRO,Primera mención,OTRAS,8.4,7,5,8
Entrevistado_4209,Entrevistado_4209,GUADALAJARA,BAJIO,Primera mención,OTRAS,10,8,7.8,10
Entrevistado_4210,Entrevistado_4210,HERMOSILLO,OCCIDENTE,Primera mención,UVM,3,8,9,10
Entrevistado_4211,Entrevistado_4211,GUADALAJARA,BAJIO,Primera mención,OTRAS,10,8,1,8
Entrevistado_4212,Entrevistado_4212,HERMOSILLO,OCCIDENTE,Primera mención,OTRAS,7,10,10,8
Entrevistado_4213,Entrevistado_4213,QUERÉTARO,CENTRO,Primera mención,ITESM,10,4,10,10
Entrevistado_4214,Entrevistado_4214,CULIACÁN,OCCIDENTE,Primera mención,OTRAS,5,8,1,8
Entrevistado_4215,Entrevistado_4215,MONTERREY,NORTE,Primera mención,OTRAS,8.4,8,4,7
Entrevistado_4216,Entrevistado_4216,TUXTLA GUTIÉRREZ,SUR,Primera mención,OTRAS,8.4,9,4,7
Entrevistado_4217,Entrevistado_4217,TEPIC,OCCIDENTE,Primera mención,OTRAS,7,10,2,7
Entrevistado_4218,Entrevistado_4218,LOS CABOS,OCCIDENTE,Primera mención,OTRAS,9,6,7.8,8
Entrevistado_4219,Entrevistado_4219,GUADALAJARA,BAJIO,Primera mención,OTRAS,10,8,7,9
Entrevistado_4220,Entrevistado_4220,LEÓN,BAJIO,Primera mención,OTRAS,10,8,6,8
Entrevistado_4221,Entrevistado_4221,GUADALAJARA,BAJIO,Primera mención,OTRAS,10,8,7.8,8
Entrevistado_4222,Entrevistado_4222,MORELIA,BAJIO,Primera mención,OTRAS,9,8,7.8,6
Entrevistado_4223,Entrevistado_4223,MORELIA,BAJIO,Primera mención,OTRAS,10,8,3,9
Entrevistado_4224,Entrevistado_4224,HERMOSILLO,OCCIDENTE,Primera mención,UVM,8.4,10,9,8
Entrevistado_4225,Entrevistado_4225,GUADALAJARA,BAJIO,Primera mención,OTRAS,6,7,7.8,1
Entrevistado_4226,Entrevistado_4226,LA PAZ,OCCIDENTE,Primera mención,OTRAS,9,10,7.8,8
Entrevistado_4227,Entrevistado_4227,GUADALAJARA,BAJIO,Primera mención,ITESM,7,7,10,8
Entrevistado_4228,Entrevistado_4228,MORELIA,BAJIO,Primera mención,OTRAS,10,5,7,3
Entrevistado_4229,Entrevistado_4229,GUADALAJARA,BAJIO,Primera mención,OTRAS,8,10,10,5
Entrevistado_4230,Entrevistado_4230,MORELIA,BAJIO,Primera mención,OTRAS,9,9,7.8,10
Entrevistado_4231,Entrevistado_4231,GUADALAJARA,BAJIO,Primera mención,ITESM,10,5,7.8,1
Entrevistado_4232,Entrevistado_4232,GUADALAJARA,BAJIO,Primera mención,OTRAS,10,8,8,7
Entrevistado_4233,Entrevistado_4233,CULIACÁN,OCCIDENTE,Primera mención,OTRAS,8.4,4,7.8,8
Entrevistado_4234,Entrevistado_4234,COATZACOALCOS,SUR,Primera mención,OTRAS,7,6,7.8,6
Entrevistado_4235,Entrevistado_4235,HERMOSILLO,OCCIDENTE,Primera mención,OTRAS,10,8,7.8,7
Entrevistado_4236,Entrevistado_4236,GUADALAJARA,BAJIO,Primera mención,ITESM,8.4,8,7.8,8
Entrevistado_4237,Entrevistado_4237,COATZACOALCOS,SUR,Primera mención,OTRAS,10,8,4,8
Entrevistado_4238,Entrevistado_4238,IRAPUATO,BAJIO,Primera mención,OTRAS,7,10,10,8
Entrevistado_4239,Entrevistado_4239,QUERÉTARO,CENTRO,Primera mención,OTRAS,8,9,7.8,8
Entrevistado_4240,Entrevistado_4240,TUXTLA GUTIÉRREZ,SUR,Primera mención,OTRAS,10,10,5,8
Entrevistado_4241,Entrevistado_4241,CULIACÁN,OCCIDENTE,Primera mención,OTRAS,6,5,3,8
Entrevistado_4242,Entrevistado_4242,AGUASCALIENTES,BAJIO,Primera mención,OTRAS,10,8,2,10
Entrevistado_4243,Entrevistado_4243,TIJUANA,OCCIDENTE,Primera mención,OTRAS,6,8,5,7
Entrevistado_4244,Entrevistado_4244,MONTERREY,NORTE,Primera mención,OTRAS,8,8,8,8
Entrevistado_4245,Entrevistado_4245,GUADALAJARA,BAJIO,Primera mención,OTRAS,8,8,6,10
Entrevistado_4246,Entrevistado_4246,TEPIC,OCCIDENTE,Primera mención,OTRAS,9,4,7.8,8
Entrevistado_4247,Entrevistado_4247,HERMOSILLO,OCCIDENTE,Primera mención,UVM,8,6,7.8,10
Entrevistado_4248,Entrevistado_4248,HERMOSILLO,OCCIDENTE,Primera mención,OTRAS,8,10,7.8,9
Entrevistado_4249,Entrevistado_4249,HERMOSILLO,OCCIDENTE,Primera mención,OTRAS,10,8,7.8,8
Entrevistado_4250,Entrevistado_4250,MORELIA,BAJIO,Primera mención,OTRAS,8,8,7.8,10
Entrevistado_4251,Entrevistado_4251,COATZACOALCOS,SUR,Primera mención,OTRAS,10,8,7.8,8
Entrevistado_4252,Entrevistado_4252,TIJUANA,OCCIDENTE,Primera mención,OTRAS,6,8,6,8
Entrevistado_4253,Entrevistado_4253,MEXICALI,OCCIDENTE,Primera mención,OTRAS,7,8,1,6
Entrevistado_4254,Entrevistado_4254,GUADALAJARA,BAJIO,Primera mención,OTRAS,8.4,6,1,8
Entrevistado_4255,Entrevistado_4255,VILLAHERMOSA,SUR,Primera mención,UVM,8.4,8,9,8
Entrevistado_4256,Entrevistado_4256,GUADALAJARA,BAJIO,Primera mención,OTRAS,8.4,8,10,10
Entrevistado_4257,Entrevistado_4257,MEXICALI,OCCIDENTE,Primera mención,OTRAS,8.4,1,2,8
Entrevistado_4258,Entrevistado_4258,MORELIA,BAJIO,Primera mención,OTRAS,5,8,7.8,5
Entrevistado_4259,Entrevistado_4259,TAPACHULA,SUR,Primera mención,OTRAS,8,4,9,5
Entrevistado_4260,Entrevistado_4260,MORELIA,BAJIO,Primera mención,OTRAS,10,10,7.8,8
Entrevistado_4261,Entrevistado_4261,PUEBLA,CENTRO,Primera mención,OTRAS,8,6,7,5
Entrevistado_4262,Entrevistado_4262,TEPIC,OCCIDENTE,Primera mención,OTRAS,10,8,7.8,8
Entrevistado_4263,Entrevistado_4263,CIUDAD DE MÉXICO,CENTRO,Primera mención,OTRAS,8.4,1,6,10
Entrevistado_4264,Entrevistado_4264,COATZACOALCOS,SUR,Primera mención,OTRAS,8,8,7,8
Entrevistado_4265,Entrevistado_4265,VILLAHERMOSA,SUR,Primera mención,OTRAS,8.4,6,8,10
Entrevistado_4266,Entrevistado_4266,GUADALAJARA,BAJIO,Primera mención,UVM,8.4,9,10,8
Entrevistado_4267,Entrevistado_4267,VILLAHERMOSA,SUR,Primera mención,OTRAS,9,8,7.8,7
Entrevistado_4268,Entrevistado_4268,IRAPUATO,BAJIO,Primera mención,OTRAS,8,8,7.8,10
Entrevistado_4269,Entrevistado_4269,GUADALAJARA,BAJIO,Primera mención,OTRAS,9,8,9,10
Entrevistado_4270,Entrevistado_4270,TUXTLA GUTIÉRREZ,SUR,Primera mención,OTRAS,8.4,9,10,3
Entrevistado_4271,Entrevistado_4271,HERMOSILLO,OCCIDENTE,Primera mención,OTRAS,8.4,10,4,4
Entrevistado_4272,Entrevistado_4272,AGUASCALIENTES,BAJIO,Primera mención,OTRAS,7,8,5,8
Entrevistado_4273,Entrevistado_4273,MORELIA,BAJIO,Primera mención,OTRAS,8.4,8,7.8,10
Entrevistado_4274,Entrevistado_4274,TUXTLA GUTIÉRREZ,SUR,Primera mención,OTRAS,8,9,7.8,10
Entrevistado_4275,Entrevistado_4275,TEPIC,OCCIDENTE,Primera mención,OTRAS,8.4,9,6,10
Entrevistado_4276,Entrevistado_4276,VILLAHERMOSA,SUR,Primera mención,UVM,10,10,7.8,8
Entrevistado_4277,Entrevistado_4277,CIUDAD DE MÉXICO,CENTRO,Primera mención,ITESM,9,8,3,8
Entrevistado_4278,Entrevistado_4278,HERMOSILLO,OCCIDENTE,Primera mención,OTRAS,10,8,7,8
Entrevistado_4279,Entrevistado_4279,GUADALAJARA,BAJIO,Primera mención,OTRAS,10,9,2,10
Entrevistado_4280,Entrevistado_4280,CULIACÁN,OCCIDENTE,Primera mención,OTRAS,8.4,6,10,8
Entrevistado_4281,Entrevistado_4281,GUADALAJARA,BAJIO,Primera mención,OTRAS,8.4,9,8,10
Entrevistado_4282,Entrevistado_4282,CIUDAD DE MÉXICO,CENTRO,Primera mención,OTRAS,9,10,7.8,10
Entrevistado_4283,Entrevistado_4283,AGUASCALIENTES,BAJIO,Primera mención,OTRAS,8.4,10,7.8,6
Entrevistado_4284,Entrevistado_4284,MORELIA,BAJIO,Primera mención,OTRAS,3,10,5,8
Entrevistado_4285,Entrevistado_4285,ZAMORA,BAJIO,Primera mención,OTRAS,9,8,1,10
Entrevistado_4286,Entrevistado_4286,AGUASCALIENTES,BAJIO,Primera mención,ITESM,8.4,8,1,10
Entrevistado_4287,Entrevistado_4287,CULIACÁN,OCCIDENTE,Primera mención,OTRAS,7,7,5,6
Entrevistado_4288,Entrevistado_4288,CANCÚN,SUR,Primera mención,OTRAS,10,10,7.8,8
Entrevistado_4289,Entrevistado_4289,HERMOSILLO,OCCIDENTE,Primera mención,ITESM,9,10,7.8,8
Entrevistado_4290,Entrevistado_4290,LEÓN,BAJIO,Primera mención,OTRAS,5,8,10,1
Entrevistado_4291,Entrevistado_4291,GUADALAJARA,BAJIO,Primera mención,OTRAS,10,8,7.8,8
Entrevistado_4292,Entrevistado_4292,COATZACOALCOS,SUR,Primera mención,OTRAS,10,8,7.8,8
Entrevistado_4293,Entrevistado_4293,MONTERREY,NORTE,Primera mención,OTRAS,8.4,8,10,8
Entrevistado_4294,Entrevistado_4294,GUADALAJARA,BAJIO,Primera mención,OTRAS,8.4,9,10,10
Entrevistado_4295,Entrevistado_4295,MORELIA,BAJIO,Primera mención,OTRAS,9,10,8,10
Entrevistado_4296,Entrevistado_4296,VILLAHERMOSA,SUR,Primera mención,UVM,10,7,4,10
Entrevistado_4297,Entrevistado_4297,HERMOSILLO,OCCIDENTE,Primera mención,OTRAS,8.4,8,10,10
Entrevistado_4298,Entrevistado_4298,TUXTLA GUTIÉRREZ,SUR,Primera mención,OTRAS,10,10,7.8,7
Entrevistado_4299,Entrevistado_4299,LA PAZ,OCCIDENTE,Primera mención,OTRAS,10,10,7.8,8
Entrevistado_4300,Entrevistado_4300,TEPIC,OCCIDENTE,Primera mención,OTRAS,7,8,6,8
Entrevistado_4301,Entrevistado_4301,MORELIA,BAJIO,Primera mención,OTRAS,8,8,1,2
Entrevistado_4302,Entrevistado_4302,GUADALAJARA,BAJIO,Primera mención,OTRAS,10,6,8,2
Entrevistado_4303,Entrevistado_4303,CIUDAD DE MÉXICO,CENTRO,Primera mención,ITESM,7,8,7.8,8
Entrevistado_4304,Entrevistado_4304,QUERÉTARO,CENTRO,Primera mención,ITESM,8.4,4,5,6
Entrevistado_4305,Entrevistado_4305,CIUDAD DE MÉXICO,CENTRO,Primera mención,OTRAS,8,8,4,2
Entrevistado_4306,Entrevistado_4306,GUADALAJARA,BAJIO,Primera mención,OTRAS,7,8,7.8,9
Entrevistado_4307,Entrevistado_4307,MORELIA,BAJIO,Primera mención,OTRAS,8.4,8,6,8
Entrevistado_4308,Entrevistado_4308,IRAPUATO,BAJIO,Primera mención,OTRAS,8,8,6,8
Entrevistado_4309,Entrevistado_4309,TEPIC,OCCIDENTE,Primera mención,OTRAS,5,7,7.8,6
Entrevistado_4310,Entrevistado_4310,GUADALAJARA,BAJIO,Primera mención,OTRAS,7,5,7.8,8
Entrevistado_4311,Entrevistado_4311,LA PAZ,OCCIDENTE,Primera mención,OTRAS,7,1,7.8,8
Entrevistado_4312,Entrevistado_4312,TEPIC,OCCIDENTE,Primera mención,OTRAS,10,10,7.8,8
Entrevistado_4313,Entrevistado_4313,CULIACÁN,OCCIDENTE,Primera mención,OTRAS,8,10,7.8,8
Entrevistado_4314,Entrevistado_4314,TIJUANA,OCCIDENTE,Primera mención,OTRAS,8,8,10,8
Entrevistado_4315,Entrevistado_4315,PUEBLA,CENTRO,Primera mención,OTRAS,8.4,8,7,3
Entrevistado_4316,Entrevistado_4316,HERMOSILLO,OCCIDENTE,Primera mención,OTRAS,10,3,7.8,8
Entrevistado_4317,Entrevistado_4317,ZAMORA,BAJIO,Primera mención,OTRAS,10,8,7.8,8
Entrevistado_4318,Entrevistado_4318,LEÓN,BAJIO,Primera mención,ITESM,10,8,7,10
Entrevistado_4319,Entrevistado_4319,MÉRIDA,SUR,Primera mención,OTRAS,6,10,10,8
Entrevistado_4320,Entrevistado_4320,CIUDAD DE MÉXICO,CENTRO,Primera mención,UVM,10,10,7.8,10
Entrevistado_4321,Entrevistado_4321,VILLAHERMOSA,SUR,Primera mención,UVM,9,8,7.8,7
Entrevistado_4322,Entrevistado_4322,TIJUANA,OCCIDENTE,Primera mención,OTRAS,10,9,10,8
Entrevistado_4323,Entrevistado_4323,CIUDAD DE MÉXICO,CENTRO,Primera mención,OTRAS,10,7,7.8,8
Entrevistado_4324,Entrevistado_4324,ZAMORA,BAJIO,Primera mención,OTRAS,8,8,7.8,10
Entrevistado_4325,Entrevistado_4325,TEPIC,OCCIDENTE,Primera mención,OTRAS,8.4,10,7.8,4
Entrevistado_4326,Entrevistado_4326,CIUDAD DE MÉXICO,CENTRO,Primera mención,OTRAS,8,10,10,7
Entrevistado_4327,Entrevistado_4327,VILLAHERMOSA,SUR,Primera mención,OTRAS,8.4,6,8,7
Entrevistado_4328,Entrevistado_4328,MÉRIDA,SUR,Primera mención,OTRAS,8,8,8,8
Entrevistado_4329,Entrevistado_4329,LEÓN,BAJIO,Primera mención,OTRAS,6,6,7.8,8
Entrevistado_4330,Entrevistado_4330,GUADALAJARA,BAJIO,Primera mención,OTRAS,8,8,4,8
Entrevistado_4331,Entrevistado_4331,TUXTLA GUTIÉRREZ,SUR,Primera mención,OTRAS,7,8,7.8,8
Entrevistado_4332,Entrevistado_4332,QUERÉTARO,CENTRO,Primera mención,ANÁHUAC,8.4,8,6,1
Entrevistado_4333,Entrevistado_4333,IRAPUATO,BAJIO,Primera mención,OTRAS,8.4,8,8,10
Entrevistado_4334,Entrevistado_4334,CULIACÁN,OCCIDENTE,Primera mención,OTRAS,10,4,1,8
Entrevistado_4335,Entrevistado_4335,COATZACOALCOS,SUR,Primera mención,OTRAS,10,10,4,10
Entrevistado_4336,Entrevistado_4336,VILLAHERMOSA,SUR,Primera mención,OTRAS,8.4,8,10,8
Entrevistado_4337,Entrevistado_4337,GUADALAJARA,BAJIO,Primera mención,OTRAS,8,4,7.8,8
Entrevistado_4338,Entrevistado_4338,CIUDAD DE MÉXICO,CENTRO,Primera mención,OTRAS,9,7,5,7
Entrevistado_4339,Entrevistado_4339,GUADALAJARA,BAJIO,Primera mención,OTRAS,9,10,2,8
Entrevistado_4340,Entrevistado_4340,MORELIA,BAJIO,Primera mención,OTRAS,8.4,6,7.8,8
Entrevistado_4341,Entrevistado_4341,GUADALAJARA,BAJIO,Primera mención,OTRAS,10,10,7.8,9
Entrevistado_4342,Entrevistado_4342,TUXTLA GUTIÉRREZ,SUR,Primera mención,OTRAS,9,9,9,8
Entrevistado_4343,Entrevistado_4343,CULIACÁN,OCCIDENTE,Primera mención,OTRAS,8.4,5,10,7
Entrevistado_4344,Entrevistado_4344,COATZACOALCOS,SUR,Primera mención,OTRAS,8.4,8,4,10
Entrevistado_4345,Entrevistado_4345,GUADALAJARA,BAJIO,Primera mención,OTRAS,7,8,3,8
Entrevistado_4346,Entrevistado_4346,COATZACOALCOS,SUR,Primera mención,OTRAS,9,8,3,9
Entrevistado_4347,Entrevistado_4347,GUADALAJARA,BAJIO,Primera mención,OTRAS,9,8,7.8,8
Entrevistado_4348,Entrevistado_4348,MONTERREY,NORTE,Primera mención,ITESM,6,8,7.8,10
Entrevistado_4349,Entrevistado_4349,CIUDAD DE MÉXICO,CENTRO,Primera mención,ANÁHUAC,7,10,7.8,8
Entrevistado_4350,Entrevistado_4350,MONTERREY,NORTE,Primera mención,ITESM,7,3,7.8,8
Entrevistado_4351,Entrevistado_4351,MAZATLÁN,OCCIDENTE,Primera mención,OTRAS,8,8,4,7
Entrevistado_4352,Entrevistado_4352,VILLAHERMOSA,SUR,Primera mención,OTRAS,8,10,7.8,8
Entrevistado_4353,Entrevistado_4353,PUEBLA,CENTRO,Primera mención,OTRAS,9,8,7.8,10
Entrevistado_4354,Entrevistado_4354,MORELIA,BAJIO,Primera mención,OTRAS,8.4,8,7.8,8
Entrevistado_4355,Entrevistado_4355,LEÓN,BAJIO,Primera mención,OTRAS,7,8,7.8,8
Entrevistado_4356,Entrevistado_4356,COATZACOALCOS,SUR,Primera mención,OTRAS,10,6,7.8,10
Entrevistado_4357,Entrevistado_4357,HERMOSILLO,OCCIDENTE,Primera mención,ITESM,10,10,7.8,8
Entrevistado_4358,Entrevistado_4358,MAZATLÁN,OCCIDENTE,Primera mención,OTRAS,7,7,8,8
Entrevistado_4359,Entrevistado_4359,CIUDAD DE MÉXICO,CENTRO,Primera mención,ITESM,8,8,7.8,8
Entrevistado_4360,Entrevistado_4360,MORELIA,BAJIO,Primera mención,OTRAS,9,8,7.8,10
Entrevistado_4361,Entrevistado_4361,TEPIC,OCCIDENTE,Primera mención,OTRAS,7,7,4,8
Entrevistado_4362,Entrevistado_4362,AGUASCALIENTES,BAJIO,Primera mención,OTRAS,8,8,1,8
Entrevistado_4363,Entrevistado_4363,TEPIC,OCCIDENTE,Primera mención,OTRAS,8.4,8,7.8,8
Entrevistado_4364,Entrevistado_4364,MEXICALI,OCCIDENTE,Primera mención,OTRAS,8.4,9,10,8
Entrevistado_4365,Entrevistado_4365,TIJUANA,OCCIDENTE,Primera mención,OTRAS,10,5,7.8,5
Entrevistado_4366,Entrevistado_4366,PUEBLA,CENTRO,Primera mención,OTRAS,8.4,8,9,8
Entrevistado_4367,Entrevistado_4367,ZAMORA,BAJIO,Primera mención,OTRAS,7,7,8,7
Entrevistado_4368,Entrevistado_4368,MONTERREY,NORTE,Primera mención,ITESM,9,4,7.8,8
Entrevistado_4369,Entrevistado_4369,TUXTLA GUTIÉRREZ,SUR,Primera mención,OTRAS,7,9,10,8
Entrevistado_4370,Entrevistado_4370,VILLAHERMOSA,SUR,Primera mención,OTRAS,9,8,7.8,8
Entrevistado_4371,Entrevistado_4371,VILLAHERMOSA,SUR,Primera mención,UVM,10,10,7,4
Entrevistado_4372,Entrevistado_4372,COATZACOALCOS,SUR,Primera mención,OTRAS,10,4,7,10
Entrevistado_4373,Entrevistado_4373,MORELIA,BAJIO,Primera mención,OTRAS,7,10,4,10
Entrevistado_4374,Entrevistado_4374,GUADALAJARA,BAJIO,Primera mención,OTRAS,10,9,10,7
Entrevistado_4375,Entrevistado_4375,HERMOSILLO,OCCIDENTE,Primera mención,OTRAS,8.4,8,10,1
Entrevistado_4376,Entrevistado_4376,MORELIA,BAJIO,Primera mención,OTRAS,10,8,7.8,8
Entrevistado_4377,Entrevistado_4377,QUERÉTARO,CENTRO,Primera mención,UVM,10,10,4,7
Entrevistado_4378,Entrevistado_4378,HERMOSILLO,OCCIDENTE,Primera mención,OTRAS,8,4,7.8,1
Entrevistado_4379,Entrevistado_4379,TUXTLA GUTIÉRREZ,SUR,Primera mención,OTRAS,9,5,10,8
Entrevistado_4380,Entrevistado_4380,AGUASCALIENTES,BAJIO,Primera mención,OTRAS,10,8,7.8,8
Entrevistado_4381,Entrevistado_4381,ENSENADA,OCCIDENTE,Primera mención,OTRAS,10,10,7.8,2
Entrevistado_4382,Entrevistado_4382,IRAPUATO,BAJIO,Primera mención,OTRAS,10,9,7.8,8
Entrevistado_4383,Entrevistado_4383,CULIACÁN,OCCIDENTE,Primera mención,OTRAS,8.4,10,9,8
Entrevistado_4384,Entrevistado_4384,GUADALAJARA,BAJIO,Primera mención,OTRAS,8.4,8,4,8
Entrevistado_4385,Entrevistado_4385,CIUDAD DE MÉXICO,CENTRO,Primera mención,OTRAS,8,10,4,7
Entrevistado_4386,Entrevistado_4386,MEXICALI,OCCIDENTE,Primera mención,OTRAS,8.4,9,10,8
Entrevistado_4387,Entrevistado_4387,MAZATLÁN,OCCIDENTE,Primera mención,OTRAS,5,8,7.8,9
Entrevistado_4388,Entrevistado_4388,VILLAHERMOSA,SUR,Primera mención,UVM,10,7,7.8,10
Entrevistado_4389,Entrevistado_4389,VILLAHERMOSA,SUR,Primera mención,OTRAS,5,10,2,8
Entrevistado_4390,Entrevistado_4390,ZAMORA,BAJIO,Primera mención,OTRAS,8.4,6,7.8,8
Entrevistado_4391,Entrevistado_4391,PUEBLO NUEVO,ORIENTE,Primera mención,OTRAS,8,8,7.8,8
Entrevistado_4392,Entrevistado_4392,TIJUANA,OCCIDENTE,Primera mención,OTRAS,6,5,10,5
Entrevistado_4393,Entrevistado_4393,TEPIC,OCCIDENTE,Primera mención,OTRAS,5,8,7.8,10
Entrevistado_4394,Entrevistado_4394,AGUASCALIENTES,BAJIO,Primera mención,OTRAS,10,6,7,10
Entrevistado_4395,Entrevistado_4395,CULIACÁN,OCCIDENTE,Primera mención,OTRAS,8.4,8,10,8
Entrevistado_4396,Entrevistado_4396,QUERÉTARO,CENTRO,Primera mención,ITESM,8,7,7.8,10
Entrevistado_4397,Entrevistado_4397,COATZACOALCOS,SUR,Primera mención,OTRAS,10,8,4,9
Entrevistado_4398,Entrevistado_4398,TEPIC,OCCIDENTE,Primera mención,OTRAS,6,8,10,8
Entrevistado_4399,Entrevistado_4399,TUXTLA GUTIÉRREZ,SUR,Primera mención,OTRAS,8,10,7.8,8
Entrevistado_4400,Entrevistado_4400,VILLAHERMOSA,SUR,Primera mención,OTRAS,10,8,7.8,10
Entrevistado_4401,Entrevistado_4401,MONTERREY,NORTE,Primera mención,ITESM,9,4,10,8
Entrevistado_4402,Entrevistado_4402,AGUASCALIENTES,BAJIO,Primera mención,OTRAS,7,10,2,10
Entrevistado_4403,Entrevistado_4403,LEÓN,BAJIO,Primera mención,OTRAS,8,7,5,8
Entrevistado_4404,Entrevistado_4404,VILLAHERMOSA,SUR,Primera mención,UVM,10,3,10,8
Entrevistado_4405,Entrevistado_4405,ZAMORA,BAJIO,Primera mención,OTRAS,6,8,7.8,8
Entrevistado_4406,Entrevistado_4406,AGUASCALIENTES,BAJIO,Primera mención,UVM,7,9,7.8,8
Entrevistado_4407,Entrevistado_4407,PUEBLA,CENTRO,Primera mención,OTRAS,10,6,7.8,8
Entrevistado_4408,Entrevistado_4408,MORELIA,BAJIO,Primera mención,OTRAS,9,4,7.8,8
Entrevistado_4409,Entrevistado_4409,IRAPUATO,BAJIO,Primera mención,OTRAS,8,7,7.8,5
Entrevistado_4410,Entrevistado_4410,TEPIC,OCCIDENTE,Primera mención,OTRAS,10,7,8,8
Entrevistado_4411,Entrevistado_4411,GUADALAJARA,BAJIO,Primera mención,OTRAS,6,5,10,8
Entrevistado_4412,Entrevistado_4412,COATZACOALCOS,SUR,Primera mención,OTRAS,8.4,4,2,10
Entrevistado_4413,Entrevistado_4413,CIUDAD DE MÉXICO,CENTRO,Primera mención,UVM,8.4,10,3,8
Entrevistado_4414,Entrevistado_4414,LEÓN,BAJIO,Primera mención,ITESM,10,10,7.8,8
Entrevistado_4415,Entrevistado_4415,COATZACOALCOS,SUR,Primera mención,OTRAS,8.4,4,7.8,10
Entrevistado_4416,Entrevistado_4416,CANCÚN,SUR,Primera mención,OTRAS,8,10,6,8
Entrevistado_4417,Entrevistado_4417,QUERÉTARO,CENTRO,Primera mención,ITESM,10,7,7.8,8
Entrevistado_4418,Entrevistado_4418,COATZACOALCOS,SUR,Primera mención,OTRAS,6,8,10,9
Entrevistado_4419,Entrevistado_4419,CIUDAD DE MÉXICO,CENTRO,Primera mención,UVM,7,10,6,10
Entrevistado_4420,Entrevistado_4420,VILLAHERMOSA,SUR,Primera mención,OTRAS,10,7,7.8,8
Entrevistado_4421,Entrevistado_4421,LEÓN,BAJIO,Primera mención,OTRAS,10,5,4,8
Entrevistado_4422,Entrevistado_4422,GUADALAJARA,BAJIO,Primera mención,ITESM,8.4,7,8,8
Entrevistado_4423,Entrevistado_4423,TEPIC,OCCIDENTE,Primera mención,OTRAS,8.4,6,1,8
Entrevistado_4424,Entrevistado_4424,LEÓN,BAJIO,Primera mención,OTRAS,8,8,7.8,8
Entrevistado_4425,Entrevistado_4425,CULIACÁN,OCCIDENTE,Primera mención,OTRAS,8,10,7,8
Entrevistado_4426,Entrevistado_4426,MONTERREY,NORTE,Primera mención,OTRAS,7,9,6,7
Entrevistado_4427,Entrevistado_4427,CIUDAD DE MÉXICO,CENTRO,Primera mención,OTRAS,6,9,7.8,8
Entrevistado_4428,Entrevistado_4428,TUXTLA GUTIÉRREZ,SUR,Primera mención,UVM,6,8,8,8
Entrevistado_4429,Entrevistado_4429,GUADALAJARA,BAJIO,Primera mención,OTRAS,9,5,4,8
Entrevistado_4430,Entrevistado_4430,GUADALAJARA,BAJIO,Primera mención,OTRAS,9,10,10,3
Entrevistado_4431,Entrevistado_4431,TEPIC,OCCIDENTE,Primera mención,OTRAS,7,6,7.8,8
Entrevistado_4432,Entrevistado_4432,LEÓN,BAJIO,Primera mención,OTRAS,8,9,7.8,6
Entrevistado_4433,Entrevistado_4433,MORELIA,BAJIO,Primera mención,OTRAS,5,8,9,8
Entrevistado_4434,Entrevistado_4434,TUXTLA GUTIÉRREZ,SUR,Primera mención,OTRAS,8,8,7.8,8
Entrevistado_4435,Entrevistado_4435,MONTERREY,NORTE,Primera mención,ITESM,7,3,4,8
Entrevistado_4436,Entrevistado_4436,MAZATLÁN,OCCIDENTE,Primera mención,OTRAS,8.4,8,9,8
Entrevistado_4437,Entrevistado_4437,MORELIA,BAJIO,Primera mención,OTRAS,10,8,9,8
Entrevistado_4438,Entrevistado_4438,TUXTLA GUTIÉRREZ,SUR,Primera mención,OTRAS,10,6,7.8,4
Entrevistado_4439,Entrevistado_4439,GUADALAJARA,BAJIO,Primera mención,UVM,6,8,2,9
Entrevistado_4440,Entrevistado_4440,TUXTLA GUTIÉRREZ,SUR,Primera mención,OTRAS,6,9,7.8,8
Entrevistado_4441,Entrevistado_4441,GUADALAJARA,BAJIO,Primera mención,OTRAS,8,8,5,8
Entrevistado_4442,Entrevistado_4442,AGUASCALIENTES,BAJIO,Primera mención,OTRAS,10,10,10,8
Entrevistado_4443,Entrevistado_4443,VILLAHERMOSA,SUR,Primera mención,OTRAS,10,8,7.8,8
Entrevistado_4444,Entrevistado_4444,CIUDAD DE MÉXICO,CENTRO,Primera mención,OTRAS,10,8,9,8
Entrevistado_4445,Entrevistado_4445,AGUASCALIENTES,BAJIO,Primera mención,OTRAS,10,8,4,4
Entrevistado_4446,Entrevistado_4446,GUADALAJARA,BAJIO,Primera mención,OTRAS,8,8,7.8,10
Entrevistado_4447,Entrevistado_4447,CD. OBREGÓN,OCCIDENTE,Primera mención,OTRAS,6,7,3,8
Entrevistado_4448,Entrevistado_4448,CIUDAD DE MÉXICO,CENTRO,Primera mención,ANÁHUAC,8.4,8,7.8,3
Entrevistado_4449,Entrevistado_4449,CULIACÁN,OCCIDENTE,Primera mención,OTRAS,7,6,7.8,8
Entrevistado_4450,Entrevistado_4450,PUEBLA,CENTRO,Primera mención,OTRAS,9,8,7.8,5
Entrevistado_4451,Entrevistado_4451,AGUASCALIENTES,BAJIO,Primera mención,OTRAS,4,8,10,7
Entrevistado_4452,Entrevistado_4452,TEPIC,OCCIDENTE,Primera mención,OTRAS,4,10,7.8,7
Entrevistado_4453,Entrevistado_4453,GUADALAJARA,BAJIO,Primera mención,OTRAS,8,8,7.8,8
Entrevistado_4454,Entrevistado_4454,TEPIC,OCCIDENTE,Primera mención,OTRAS,7,9,7,8
Entrevistado_4455,Entrevistado_4455,ZAMORA,BAJIO,Primera mención,OTRAS,10,10,2,7
Entrevistado_4456,Entrevistado_4456,VILLAHERMOSA,SUR,Primera mención,UVM,9,10,10,8
Entrevistado_4457,Entrevistado_4457,GUADALAJARA,BAJIO,Primera mención,UVM,10,8,10,8
Entrevistado_4458,Entrevistado_4458,LA PAZ,OCCIDENTE,Primera mención,OTRAS,8.4,5,7.8,10
Entrevistado_4459,Entrevistado_4459,CULIACÁN,OCCIDENTE,Primera mención,OTRAS,8,8,5,8
Entrevistado_4460,Entrevistado_4460,GUADALAJARA,BAJIO,Primera mención,OTRAS,10,8,7.8,4
Entrevistado_4461,Entrevistado_4461,IRAPUATO,BAJIO,Primera mención,OTRAS,9,5,7.8,8
Entrevistado_4462,Entrevistado_4462,GUADALAJARA,BAJIO,Primera mención,OTRAS,4,10,7.8,8
Entrevistado_4463,Entrevistado_4463,QUERÉTARO,CENTRO,Primera mención,ANÁHUAC,9,8,10,9
Entrevistado_4464,Entrevistado_4464,CULIACÁN,OCCIDENTE,Primera mención,OTRAS,8.4,6,10,8
Entrevistado_4465,Entrevistado_4465,AGUASCALIENTES,BAJIO,Primera mención,OTRAS,6,10,7.8,8
Entrevistado_4466,Entrevistado_4466,PUEBLA,CENTRO,Primera mención,OTRAS,10,9,7.8,1
Entrevistado_4467,Entrevistado_4467,IRAPUATO,BAJIO,Primera mención,OTRAS,7,8,7.8,9
Entrevistado_4468,Entrevistado_4468,COATZACOALCOS,SUR,Primera mención,OTRAS,10,8,8,6
Entrevistado_4469,Entrevistado_4469,GUADALAJARA,BAJIO,Primera mención,OTRAS,8.4,8,9,5
Entrevistado_4470,Entrevistado_4470,MORELIA,BAJIO,Primera mención,OTRAS,8.4,10,4,8
Entrevistado_4471,Entrevistado_4471,COATZACOALCOS,SUR,Primera mención,OTRAS,8.4,8,10,6
Entrevistado_4472,Entrevistado_4472,TEPIC,OCCIDENTE,Primera mención,OTRAS,9,8,7.8,8
Entrevistado_4473,Entrevistado_4473,VILLAHERMOSA,SUR,Primera mención,OTRAS,8.4,10,7,8
Entrevistado_4474,Entrevistado_4474,IRAPUATO,BAJIO,Primera mención,OTRAS,9,8,7.8,8
Entrevistado_4475,Entrevistado_4475,GUADALAJARA,BAJIO,Primera mención,OTRAS,8,8,3,2
Entrevistado_4476,Entrevistado_4476,TEPIC,OCCIDENTE,Primera mención,OTRAS,8,10,4,8
Entrevistado_4477,Entrevistado_4477,GUADALAJARA,BAJIO,Primera mención,UVM,8.4,8,7.8,7
Entrevistado_4478,Entrevistado_4478,COATZACOALCOS,SUR,Primera mención,OTRAS,10,7,7.8,8
Entrevistado_4479,Entrevistado_4479,GUADALAJARA,BAJIO,Primera mención,ITESM,10,5,7.8,8
Entrevistado_4480,Entrevistado_4480,GUADALAJARA,BAJIO,Primera mención,OTRAS,8.4,8,10,10
Entrevistado_4481,Entrevistado_4481,GUADALAJARA,BAJIO,Primera mención,OTRAS,10,8,5,8
Entrevistado_4482,Entrevistado_4482,MORELIA,BAJIO,Primera mención,OTRAS,8,9,1,3
Entrevistado_4483,Entrevistado_4483,TUXTLA GUTIÉRREZ,SUR,Primera mención,UVM,8.4,8,2,8
Entrevistado_4484,Entrevistado_4484,GUADALAJARA,BAJIO,Primera mención,OTRAS,8,7,7.8,9
Entrevistado_4485,Entrevistado_4485,MORELIA,BAJIO,Primera mención,OTRAS,8,8,3,8
Entrevistado_4486,Entrevistado_4486,CULIACÁN,OCCIDENTE,Primera mención,OTRAS,8.4,8,2,4
Entrevistado_4487,Entrevistado_4487,CULIACÁN,OCCIDENTE,Primera mención,OTRAS,8.4,5,7.8,10
Entrevistado_4488,Entrevistado_4488,HERMOSILLO,OCCIDENTE,Primera mención,OTRAS,8,8,7.8,7
Entrevistado_4489,Entrevistado_4489,AGUASCALIENTES,BAJIO,Primera mención,OTRAS,10,10,6,10
Entrevistado_4490,Entrevistado_4490,HERMOSILLO,OCCIDENTE,Primera mención,OTRAS,8.4,10,5,8
Entrevistado_4491,Entrevistado_4491,GUADALAJARA,BAJIO,Primera mención,OTRAS,10,4,7.8,8
Entrevistado_4492,Entrevistado_4492,LEÓN,BAJIO,Primera mención,OTRAS,3,10,7.8,8
Entrevistado_4493,Entrevistado_4493,CIUDAD DE MÉXICO,CENTRO,Primera mención,OTRAS,8,10,7.8,8
Entrevistado_4494,Entrevistado_4494,CULIACÁN,OCCIDENTE,Primera mención,OTRAS,8,6,10,8
Entrevistado_4495,Entrevistado_4495,GUADALAJARA,BAJIO,Primera mención,UVM,5,8,2,8
Entrevistado_4496,Entrevistado_4496,MAZATLÁN,OCCIDENTE,Primera mención,OTRAS,7,9,10,7
Entrevistado_4497,Entrevistado_4497,TUXTLA GUTIÉRREZ,SUR,Primera mención,OTRAS,8,10,7.8,10
Entrevistado_4498,Entrevistado_4498,IRAPUATO,BAJIO,Primera mención,OTRAS,9,8,10,10
Entrevistado_4499,Entrevistado_4499,COATZACOALCOS,SUR,Primera mención,OTRAS,7,5,7.8,8
Entrevistado_4500,Entrevistado_4500,TUXTLA GUTIÉRREZ,SUR,Primera mención,OTRAS,8.4,8,10,10
Entrevistado_4501,Entrevistado_4501,MÉRIDA,SUR,Primera mención,ANÁHUAC,10,9,7.8,10
Entrevistado_4502,Entrevistado_4502,MEXICALI,OCCIDENTE,Primera mención,OTRAS,10,10,7.8,8
Entrevistado_4503,Entrevistado_4503,GUADALAJARA,BAJIO,Primera mención,OTRAS,9,8,7.8,8
Entrevistado_4504,Entrevistado_4504,TIJUANA,OCCIDENTE,Primera mención,OTRAS,6,9,10,7
Entrevistado_4505,Entrevistado_4505,HERMOSILLO,OCCIDENTE,Primera mención,OTRAS,8.4,8,10,9
Entrevistado_4506,Entrevistado_4506,LEÓN,BAJIO,Primera mención,OTRAS,6,8,7.8,8
Entrevistado_4507,Entrevistado_4507,GUADALAJARA,BAJIO,Primera mención,OTRAS,7,6,7.8,7
Entrevistado_4508,Entrevistado_4508,CULIACÁN,OCCIDENTE,Primera mención,OTRAS,4,8,9,6
Entrevistado_4509,Entrevistado_4509,AGUASCALIENTES,BAJIO,Primera mención,ITESM,8.4,10,5,8
Entrevistado_4510,Entrevistado_4510,TIJUANA,OCCIDENTE,Primera mención,OTRAS,7,8,7.8,10
Entrevistado_4511,Entrevistado_4511,HERMOSILLO,OCCIDENTE,Primera mención,OTRAS,7,7,7,8
Entrevistado_4512,Entrevistado_4512,GUADALAJARA,BAJIO,Primera mención,OTRAS,8,8,7.8,8
Entrevistado_4513,Entrevistado_4513,CIUDAD DE MÉXICO,CENTRO,Primera mención,UVM,8.4,8,7.8,1
Entrevistado_4514,Entrevistado_4514,VILLAHERMOSA,SUR,Primera mención,UVM,8.4,8,7.8,8
Entrevistado_4515,Entrevistado_4515,MORELIA,BAJIO,Primera mención,OTRAS,8,10,7,8
Entrevistado_4516,Entrevistado_4516,MONTERREY,NORTE,Primera mención,ITESM,10,8,6,8
Entrevistado_4517,Entrevistado_4517,TUXTLA GUTIÉRREZ,SUR,Primera mención,OTRAS,8.4,8,4,10
Entrevistado_4518,Entrevistado_4518,LA PAZ,OCCIDENTE,Primera mención,OTRAS,8.4,4,7.8,10
Entrevistado_4519,Entrevistado_4519,IRAPUATO,BAJIO,Primera mención,ITESM,9,9,10,8
Entrevistado_4520,Entrevistado_4520,LEÓN,BAJIO,Primera mención,OTRAS,8.4,9,5,8
Entrevistado_4521,Entrevistado_4521,MONTERREY,NORTE,Primera mención,ITESM,10,4,7.8,8
Entrevistado_4522,Entrevistado_4522,LA PAZ,OCCIDENTE,Primera mención,OTRAS,10,8,7.8,8
Entrevistado_4523,Entrevistado_4523,VILLAHERMOSA,SUR,Primera mención,OTRAS,9,9,7.8,8
Entrevistado_4524,Entrevistado_4524,GUADALAJARA,BAJIO,Primera mención,OTRAS,10,8,10,9
Entrevistado_4525,Entrevistado_4525,VILLAHERMOSA,SUR,Primera mención,OTRAS,8.4,7,7.8,8
Entrevistado_4526,Entrevistado_4526,LEÓN,BAJIO,Primera mención,OTRAS,8.4,8,7.8,10
Entrevistado_4527,Entrevistado_4527,GUADALAJARA,BAJIO,Primera mención,OTRAS,8,10,2,8
Entrevistado_4528,Entrevistado_4528,MONTERREY,NORTE,Primera mención,OTRAS,8.4,4,7,8
Entrevistado_4529,Entrevistado_4529,GUADALAJARA,BAJIO,Primera mención,ITESM,8.4,10,4,7
Entrevistado_4530,Entrevistado_4530,CIUDAD DE MÉXICO,CENTRO,Primera mención,UVM,8.4,8,6,10
Entrevistado_4531,Entrevistado_4531,MORELIA,BAJIO,Primera mención,OTRAS,6,10,7.8,8
Entrevistado_4532,Entrevistado_4532,MORELIA,BAJIO,Primera mención,OTRAS,7,10,7.8,10
Entrevistado_4533,Entrevistado_4533,MORELIA,BAJIO,Primera mención,OTRAS,9,8,7.8,9
Entrevistado_4534,Entrevistado_4534,GUADALAJARA,BAJIO,Primera mención,OTRAS,6,10,7.8,8
Entrevistado_4535,Entrevistado_4535,AGUASCALIENTES,BAJIO,Primera mención,OTRAS,8.4,8,7.8,8
Entrevistado_4536,Entrevistado_4536,MORELIA,BAJIO,Primera mención,OTRAS,7,10,7.8,8
Entrevistado_4537,Entrevistado_4537,CULIACÁN,OCCIDENTE,Primera mención,OTRAS,8,8,6,6
Entrevistado_4538,Entrevistado_4538,MONTERREY,NORTE,Primera mención,OTRAS,8,6,1,8
Entrevistado_4539,Entrevistado_4539,GUADALAJARA,BAJIO,Primera mención,UVM,9,8,7.8,4
Entrevistado_4540,Entrevistado_4540,CIUDAD DE MÉXICO,CENTRO,Primera mención,OTRAS,9,8,3,8
Entrevistado_4541,Entrevistado_4541,MORELIA,BAJIO,Primera mención,OTRAS,10,8,10,8
Entrevistado_4542,Entrevistado_4542,TEPIC,OCCIDENTE,Primera mención,OTRAS,6,8,8,8
Entrevistado_4543,Entrevistado_4543,LA PAZ,OCCIDENTE,Primera mención,OTRAS,8.4,6,3,1
Entrevistado_4544,Entrevistado_4544,MORELIA,BAJIO,Primera mención,OTRAS,8.4,7,9,8
Entrevistado_4545,Entrevistado_4545,GUADALAJARA,BAJIO,Primera mención,OTRAS,7,3,7.8,8
Entrevistado_4546,Entrevistado_4546,MORELIA,BAJIO,Primera mención,OTRAS,8.4,8,4,8
Entrevistado_4547,Entrevistado_4547,MAZATLÁN,OCCIDENTE,Primera mención,OTRAS,8,8,5,9
Entrevistado_4548,Entrevistado_4548,AGUASCALIENTES,BAJIO,Primera mención,OTRAS,10,10,7.8,8
Entrevistado_4549,Entrevistado_4549,VILLAHERMOSA,SUR,Primera mención,UVM,8,8,7.8,10
Entrevistado_4550,Entrevistado_4550,MÉRIDA,SUR,Primera mención,OTRAS,7,10,7.8,8
Entrevistado_4551,Entrevistado_4551,ZAMORA,BAJIO,Primera mención,OTRAS,8.4,7,7.8,9
Entrevistado_4552,Entrevistado_4552,GUADALAJARA,BAJIO,Primera mención,OTRAS,10,9,7,10
Entrevistado_4553,Entrevistado_4553,MONTERREY,NORTE,Primera mención,ITESM,8,9,3,8
Entrevistado_4554,Entrevistado_4554,CULIACÁN,OCCIDENTE,Primera mención,OTRAS,9,5,7.8,9
Entrevistado_4555,Entrevistado_4555,TEPIC,OCCIDENTE,Primera mención,OTRAS,9,8,9,8
Entrevistado_4556,Entrevistado_4556,GUADALAJARA,BAJIO,Primera mención,OTRAS,10,8,7.8,8
Entrevistado_4557,Entrevistado_4557,IRAPUATO,BAJIO,Primera mención,OTRAS,8,8,7.8,3
Entrevistado_4558,Entrevistado_4558,CD. OBREGÓN,OCCIDENTE,Primera mención,OTRAS,8.4,8,1,8
Entrevistado_4559,Entrevistado_4559,GUADALAJARA,BAJIO,Primera mención,ITESM,9,10,7,8
Entrevistado_4560,Entrevistado_4560,HERMOSILLO,OCCIDENTE,Primera mención,ITESM,5,6,4,8
Entrevistado_4561,Entrevistado_4561,ZAMORA,BAJIO,Primera mención,OTRAS,10,10,8,8
Entrevistado_4562,Entrevistado_4562,PUEBLA,CENTRO,Primera mención,OTRAS,7,8,7.8,5
Entrevistado_4563,Entrevistado_4563,TIJUANA,OCCIDENTE,Primera mención,OTRAS,10,6,6,10
Entrevistado_4564,Entrevistado_4564,GUADALAJARA,BAJIO,Primera mención,OTRAS,10,7,1,8
Entrevistado_4565,Entrevistado_4565,TUXTLA GUTIÉRREZ,SUR,Primera mención,OTRAS,8.4,10,7.8,8
Entrevistado_4566,Entrevistado_4566,TUXTLA GUTIÉRREZ,SUR,Primera mención,OTRAS,9,8,7.8,3
Entrevistado_4567,Entrevistado_4567,VILLAHERMOSA,SUR,Primera mención,OTRAS,7,6,5,8
Entrevistado_4568,Entrevistado_4568,GUADALAJARA,BAJIO,Primera mención,OTRAS,7,8,2,10
Entrevistado_4569,Entrevistado_4569,MORELIA,BAJIO,Primera mención,OTRAS,9,9,7.8,10
Entrevistado_4570,Entrevistado_4570,MÉRIDA,SUR,Primera mención,OTRAS,8.4,6,3,8
Entrevistado_4571,Entrevistado_4571,GUADALAJARA,BAJIO,Primera mención,UVM,5,7,7.8,8
Entrevistado_4572,Entrevistado_4572,CIUDAD DE MÉXICO,CENTRO,Primera mención,UVM,10,7,8,8
Entrevistado_4573,Entrevistado_4573,GUADALAJARA,BAJIO,Primera mención,OTRAS,8.4,10,3,10
Entrevistado_4574,Entrevistado_4574,TEPIC,OCCIDENTE,Primera mención,OTRAS,6,9,10,8
Entrevistado_4575,Entrevistado_4575,GUADALAJARA,BAJIO,Primera mención,OTRAS,8.4,8,5,1
Entrevistado_4576,Entrevistado_4576,MONTERREY,NORTE,Primera mención,ITESM,10,8,7.8,8
Entrevistado_4577,Entrevistado_4577,GUADALAJARA,BAJIO,Primera mención,OTRAS,9,8,7.8,10
Entrevistado_4578,Entrevistado_4578,LA PAZ,OCCIDENTE,Primera mención,OTRAS,10,7,7,8
Entrevistado_4579,Entrevistado_4579,GUADALAJARA,BAJIO,Primera mención,OTRAS,7,10,6,8
Entrevistado_4580,Entrevistado_4580,CANCÚN,SUR,Primera mención,OTRAS,10,7,7.8,9
Entrevistado_4581,Entrevistado_4581,CIUDAD DE MÉXICO,CENTRO,Primera mención,OTRAS,9,6,8,8
Entrevistado_4582,Entrevistado_4582,GUADALAJARA,BAJIO,Primera mención,OTRAS,8,8,7.8,8
Entrevistado_4583,Entrevistado_4583,MONTERREY,NORTE,Primera mención,ITESM,8.4,8,7.8,8
Entrevistado_4584,Entrevistado_4584,MONTERREY,NORTE,Primera mención,ITESM,8,7,1,8
Entrevistado_4585,Entrevistado_4585,GUADALAJARA,BAJIO,Primera mención,OTRAS,8,8,7.8,5
Entrevistado_4586,Entrevistado_4586,HERMOSILLO,OCCIDENTE,Primera mención,ITESM,5,10,10,8
Entrevistado_4587,Entrevistado_4587,AGUASCALIENTES,BAJIO,Primera mención,ITESM,8.4,6,9,3
Entrevistado_4588,Entrevistado_4588,IRAPUATO,BAJIO,Primera mención,OTRAS,8,8,10,10
Entrevistado_4589,Entrevistado_4589,MORELIA,BAJIO,Primera mención,OTRAS,8.4,10,8,8
Entrevistado_4590,Entrevistado_4590,LEÓN,BAJIO,Primera mención,OTRAS,8.4,4,10,8
Entrevistado_4591,Entrevistado_4591,CULIACÁN,OCCIDENTE,Primera mención,OTRAS,8.4,6,7,8
Entrevistado_4592,Entrevistado_4592,GUADALAJARA,BAJIO,Primera mención,OTRAS,5,8,10,8
Entrevistado_4593,Entrevistado_4593,MEXICALI,OCCIDENTE,Primera mención,OTRAS,10,9,5,8
Entrevistado_4594,Entrevistado_4594,AGUASCALIENTES,BAJIO,Primera mención,OTRAS,8,8,7.8,10
Entrevistado_4595,Entrevistado_4595,CULIACÁN,OCCIDENTE,Primera mención,OTRAS,9,2,10,7
Entrevistado_4596,Entrevistado_4596,AGUASCALIENTES,BAJIO,Primera mención,OTRAS,9,7,7.8,8
Entrevistado_4597,Entrevistado_4597,GUADALAJARA,BAJIO,Primera mención,OTRAS,8,10,10,6
Entrevistado_4598,Entrevistado_4598,MONTERREY,NORTE,Primera mención,ITESM,6,8,9,8
Entrevistado_4599,Entrevistado_4599,GUADALAJARA,BAJIO,Primera mención,OTRAS,8,9,5,10
Entrevistado_4600,Entrevistado_4600,QUERÉTARO,CENTRO,Primera mención,UVM,8,10,10,8
Entrevistado_4601,Entrevistado_4601,GUADALAJARA,BAJIO,Primera mención,OTRAS,8.4,8,3,3
Entrevistado_4602,Entrevistado_4602,AGUASCALIENTES,BAJIO,Primera mención,OTRAS,8,10,1,8
Entrevistado_4603,Entrevistado_4603,CULIACÁN,OCCIDENTE,Primera mención,OTRAS,10,8,7,10
Entrevistado_4604,Entrevistado_4604,CULIACÁN,OCCIDENTE,Primera mención,OTRAS,9,10,10,8
Entrevistado_4605,Entrevistado_4605,GUADALAJARA,BAJIO,Primera mención,OTRAS,10,9,7,5
Entrevistado_4606,Entrevistado_4606,VILLAHERMOSA,SUR,Primera mención,OTRAS,10,8,10,8
Entrevistado_4607,Entrevistado_4607,GUADALAJARA,BAJIO,Primera mención,OTRAS,5,10,10,7
Entrevistado_4608,Entrevistado_4608,QUERÉTARO,CENTRO,Primera mención,ANÁHUAC,9,7,7.8,8
Entrevistado_4609,Entrevistado_4609,TEPIC,OCCIDENTE,Primera mención,OTRAS,8.4,8,2,8
Entrevistado_4610,Entrevistado_4610,GUADALAJARA,BAJIO,Primera mención,OTRAS,9,6,10,8
Entrevistado_4611,Entrevistado_4611,LEÓN,BAJIO,Primera mención,OTRAS,7,7,7.8,4
Entrevistado_4612,Entrevistado_4612,CULIACÁN,OCCIDENTE,Primera mención,OTRAS,10,8,8,10
Entrevistado_4613,Entrevistado_4613,AGUASCALIENTES,BAJIO,Primera mención,OTRAS,8.4,9,7.8,8
Entrevistado_4614,Entrevistado_4614,TUXTLA GUTIÉRREZ,SUR,Primera mención,OTRAS,9,10,7.8,8
Entrevistado_4615,Entrevistado_4615,CULIACÁN,OCCIDENTE,Primera mención,OTRAS,10,8,3,4
Entrevistado_4616,Entrevistado_4616,AGUASCALIENTES,BAJIO,Primera mención,ITESM,8.4,7,7.8,8
Entrevistado_4617,Entrevistado_4617,AGUASCALIENTES,BAJIO,Primera mención,OTRAS,10,8,4,7
Entrevistado_4618,Entrevistado_4618,GUADALAJARA,BAJIO,Primera mención,OTRAS,9,9,10,10
Entrevistado_4619,Entrevistado_4619,HERMOSILLO,OCCIDENTE,Primera mención,OTRAS,10,10,6,8
Entrevistado_4620,Entrevistado_4620,IRAPUATO,BAJIO,Primera mención,OTRAS,9,5,7.8,10
Entrevistado_4621,Entrevistado_4621,TEPIC,OCCIDENTE,Primera mención,OTRAS,8.4,9,10,10
Entrevistado_4622,Entrevistado_4622,MONTERREY,NORTE,Primera mención,OTRAS,7,8,9,7
Entrevistado_4623,Entrevistado_4623,ZAMORA,BAJIO,Primera mención,OTRAS,8.4,8,7.8,7
Entrevistado_4624,Entrevistado_4624,GUADALAJARA,BAJIO,Primera mención,ITESM,7,5,10,8
Entrevistado_4625,Entrevistado_4625,AGUASCALIENTES,BAJIO,Primera mención,UVM,10,8,10,10
Entrevistado_4626,Entrevistado_4626,GUADALAJARA,BAJIO,Primera mención,OTRAS,8,8,10,8
Entrevistado_4627,Entrevistado_4627,GUADALAJARA,BAJIO,Primera mención,OTRAS,8.4,6,1,10
Entrevistado_4628,Entrevistado_4628,AGUASCALIENTES,BAJIO,Primera mención,OTRAS,10,8,7.8,8
Entrevistado_4629,Entrevistado_4629,VILLAHERMOSA,SUR,Primera mención,OTRAS,9,8,6,8
Entrevistado_4630,Entrevistado_4630,MORELIA,BAJIO,Primera mención,OTRAS,7,9,7.8,7
Entrevistado_4631,Entrevistado_4631,COATZACOALCOS,SUR,Primera mención,OTRAS,5,8,10,10
Entrevistado_4632,Entrevistado_4632,MORELIA,BAJIO,Primera mención,OTRAS,10,8,7.8,8
Entrevistado_4633,Entrevistado_4633,TEPIC,OCCIDENTE,Primera mención,OTRAS,8.4,10,1,8
Entrevistado_4634,Entrevistado_4634,TIJUANA,OCCIDENTE,Primera mención,OTRAS,8.4,10,9,8
Entrevistado_4635,Entrevistado_4635,TUXTLA GUTIÉRREZ,SUR,Primera mención,OTRAS,8,8,7.8,4
Entrevistado_4636,Entrevistado_4636,VILLAHERMOSA,SUR,Primera mención,OTRAS,7,7,10,8
Entrevistado_4637,Entrevistado_4637,AGUASCALIENTES,BAJIO,Primera mención,OTRAS,9,6,6,7
Entrevistado_4638,Entrevistado_4638,GUADALAJARA,BAJIO,Primera mención,OTRAS,9,8,6,8
Entrevistado_4639,Entrevistado_4639,CULIACÁN,OCCIDENTE,Primera mención,OTRAS,10,10,8,5
Entrevistado_4640,Entrevistado_4640,TUXTLA GUTIÉRREZ,SUR,Primera mención,UVM,7,8,9,8
Entrevistado_4641,Entrevistado_4641,LEÓN,BAJIO,Primera mención,OTRAS,6,4,2,9
Entrevistado_4642,Entrevistado_4642,TEPIC,OCCIDENTE,Primera mención,OTRAS,6,6,9,8
Entrevistado_4643,Entrevistado_4643,IRAPUATO,BAJIO,Primera mención,OTRAS,5,6,9,8
Entrevistado_4644,Entrevistado_4644,CULIACÁN,OCCIDENTE,Primera mención,OTRAS,6,8,8,8
Entrevistado_4645,Entrevistado_4645,GUADALAJARA,BAJIO,Primera mención,OTRAS,3,9,7.8,10
Entrevistado_4646,Entrevistado_4646,GUADALAJARA,BAJIO,Primera mención,OTRAS,7,7,10,8
Entrevistado_4647,Entrevistado_4647,AGUASCALIENTES,BAJIO,Primera mención,ITESM,8.4,4,7.8,8
Entrevistado_4648,Entrevistado_4648,TEPIC,OCCIDENTE,Primera mención,OTRAS,8.4,8,8,8
Entrevistado_4649,Entrevistado_4649,MAZATLÁN,OCCIDENTE,Primera mención,OTRAS,8.4,8,5,8
Entrevistado_4650,Entrevistado_4650,TUXTLA GUTIÉRREZ,SUR,Primera mención,UVM,8,10,8,8
Entrevistado_4651,Entrevistado_4651,GUADALAJARA,BAJIO,Primera mención,OTRAS,9,8,10,7
Entrevistado_4652,Entrevistado_4652,LA PAZ,OCCIDENTE,Primera mención,OTRAS,8.4,8,10,8
Entrevistado_4653,Entrevistado_4653,AGUASCALIENTES,BAJIO,Primera mención,OTRAS,8.4,8,7.8,8
Entrevistado_4654,Entrevistado_4654,LEÓN,BAJIO,Primera mención,OTRAS,8.4,7,7,8
Entrevistado_4655,Entrevistado_4655,MONTERREY,NORTE,Primera mención,OTRAS,8.4,8,9,7
Entrevistado_4656,Entrevistado_4656,GUADALAJARA,BAJIO,Primera mención,OTRAS,8.4,10,7.8,8
Entrevistado_4657,Entrevistado_4657,CULIACÁN,OCCIDENTE,Primera mención,OTRAS,9,8,10,9
Entrevistado_4658,Entrevistado_4658,MORELIA,BAJIO,Primera mención,OTRAS,7,8,7.8,8
Entrevistado_4659,Entrevistado_4659,TEPIC,OCCIDENTE,Primera mención,OTRAS,9,10,1,10
Entrevistado_4660,Entrevistado_4660,CIUDAD DE MÉXICO,CENTRO,Primera mención,OTRAS,9,7,7.8,8
Entrevistado_4661,Entrevistado_4661,GUADALAJARA,BAJIO,Primera mención,OTRAS,10,4,7.8,8
Entrevistado_4662,Entrevistado_4662,TEPIC,OCCIDENTE,Primera mención,OTRAS,9,9,7.8,9
Entrevistado_4663,Entrevistado_4663,GUADALAJARA,BAJIO,Primera mención,UVM,8.4,10,6,6
Entrevistado_4664,Entrevistado_4664,GUADALAJARA,BAJIO,Primera mención,OTRAS,8,8,4,8
Entrevistado_4665,Entrevistado_4665,MORELIA,BAJIO,Primera mención,OTRAS,8,9,10,8
Entrevistado_4666,Entrevistado_4666,IRAPUATO,BAJIO,Primera mención,OTRAS,8.4,8,7,7
Entrevistado_4667,Entrevistado_4667,MORELIA,BAJIO,Primera mención,OTRAS,9,6,7.8,8
Entrevistado_4668,Entrevistado_4668,MORELIA,BAJIO,Primera mención,OTRAS,8.4,7,7.8,9
Entrevistado_4669,Entrevistado_4669,PUEBLA,CENTRO,Primera mención,OTRAS,10,8,9,8
Entrevistado_4670,Entrevistado_4670,TEPIC,OCCIDENTE,Primera mención,OTRAS,10,8,10,8
Entrevistado_4671,Entrevistado_4671,MORELIA,BAJIO,Primera mención,OTRAS,9,7,7.8,8
Entrevistado_4672,Entrevistado_4672,AGUASCALIENTES,BAJIO,Primera mención,OTRAS,8.4,8,3,2
Entrevistado_4673,Entrevistado_4673,LA PAZ,OCCIDENTE,Primera mención,OTRAS,6,8,7.8,10
Entrevistado_4674,Entrevistado_4674,VILLAHERMOSA,SUR,Primera mención,UVM,8.4,10,5,10
Entrevistado_4675,Entrevistado_4675,GUADALAJARA,BAJIO,Primera mención,OTRAS,10,10,7.8,8
Entrevistado_4676,Entrevistado_4676,MORELIA,BAJIO,Primera mención,OTRAS,10,8,8,10
Entrevistado_4677,Entrevistado_4677,CIUDAD DE MÉXICO,CENTRO,Primera mención,OTRAS,9,10,7.8,10
Entrevistado_4678,Entrevistado_4678,MORELIA,BAJIO,Primera mención,OTRAS,6,9,2,10
Entrevistado_4679,Entrevistado_4679,MÉRIDA,SUR,Primera mención,OTRAS,10,8,7.8,8
Entrevistado_4680,Entrevistado_4680,QUERÉTARO,CENTRO,Primera mención,OTRAS,8,6,5,9
Entrevistado_4681,Entrevistado_4681,TUXTLA GUTIÉRREZ,SUR,Primera mención,OTRAS,7,7,2,8
Entrevistado_4682,Entrevistado_4682,HERMOSILLO,OCCIDENTE,Primera mención,UVM,9,8,7.8,8
Entrevistado_4683,Entrevistado_4683,TEPIC,OCCIDENTE,Primera mención,OTRAS,8.4,8,10,8
Entrevistado_4684,Entrevistado_4684,MAZATLÁN,OCCIDENTE,Primera mención,OTRAS,9,10,7.8,8
Entrevistado_4685,Entrevistado_4685,MONTERREY,NORTE,Primera mención,ITESM,10,4,7,8
Entrevistado_4686,Entrevistado_4686,LEÓN,BAJIO,Primera mención,OTRAS,9,6,1,8
Entrevistado_4687,Entrevistado_4687,HERMOSILLO,OCCIDENTE,Primera mención,OTRAS,9,8,7.8,10
Entrevistado_4688,Entrevistado_4688,COATZACOALCOS,SUR,Primera mención,OTRAS,8,3,7.8,8
Entrevistado_4689,Entrevistado_4689,COATZACOALCOS,SUR,Primera mención,OTRAS,10,10,7.8,6
Entrevistado_4690,Entrevistado_4690,QUERÉTARO,CENTRO,Primera mención,ANÁHUAC,7,3,8,8
Entrevistado_4691,Entrevistado_4691,TEPIC,OCCIDENTE,Primera mención,OTRAS,8.4,8,10,8
Entrevistado_4692,Entrevistado_4692,LA PAZ,OCCIDENTE,Primera mención,OTRAS,9,10,7.8,8
Entrevistado_4693,Entrevistado_4693,MEXICALI,OCCIDENTE,Primera mención,OTRAS,10,10,7.8,8
Entrevistado_4694,Entrevistado_4694,VILLAHERMOSA,SUR,Primera mención,UVM,10,8,10,1
Entrevistado_4695,Entrevistado_4695,AGUASCALIENTES,BAJIO,Primera mención,OTRAS,10,8,7,7
Entrevistado_4696,Entrevistado_4696,MONTERREY,NORTE,Primera mención,ITESM,9,2,10,7
Entrevistado_4697,Entrevistado_4697,GUADALAJARA,BAJIO,Primera mención,OTRAS,8.4,5,7.8,10
Entrevistado_4698,Entrevistado_4698,COATZACOALCOS,SUR,Primera mención,OTRAS,10,10,4,8
Entrevistado_4699,Entrevistado_4699,GUADALAJARA,BAJIO,Primera mención,OTRAS,10,8,7.8,8
Entrevistado_4700,Entrevistado_4700,GUADALAJARA,BAJIO,Primera mención,OTRAS,9,8,7,8
Entrevistado_4701,Entrevistado_4701,GUADALAJARA,BAJIO,Primera mención,OTRAS,8,7,7.8,9
Entrevistado_4702,Entrevistado_4702,GUADALAJARA,BAJIO,Primera mención,OTRAS,8.4,9,7.8,8
Entrevistado_4703,Entrevistado_4703,VILLAHERMOSA,SUR,Primera mención,OTRAS,8,10,10,8
Entrevistado_4704,Entrevistado_4704,PUEBLA,CENTRO,Primera mención,OTRAS,8,8,4,8
Entrevistado_4705,Entrevistado_4705,LA PAZ,OCCIDENTE,Primera mención,OTRAS,6,6,10,9
Entrevistado_4706,Entrevistado_4706,CIUDAD DE MÉXICO,CENTRO,Primera mención,OTRAS,10,9,10,8
Entrevistado_4707,Entrevistado_4707,TUXTLA GUTIÉRREZ,SUR,Primera mención,OTRAS,8.4,2,10,8
Entrevistado_4708,Entrevistado_4708,VILLAHERMOSA,SUR,Primera mención,OTRAS,8.4,8,8,3
Entrevistado_4709,Entrevistado_4709,HERMOSILLO,OCCIDENTE,Primera mención,OTRAS,8,8,7.8,7
Entrevistado_4710,Entrevistado_4710,GUADALAJARA,BAJIO,Primera mención,ITESM,2,8,2,7
Entrevistado_4711,Entrevistado_4711,TIJUANA,OCCIDENTE,Primera mención,OTRAS,5,10,9,8
Entrevistado_4712,Entrevistado_4712,MONTERREY,NORTE,Primera mención,OTRAS,8,8,7.8,7
Entrevistado_4713,Entrevistado_4713,AGUASCALIENTES,BAJIO,Primera mención,ITESM,10,10,8,8
Entrevistado_4714,Entrevistado_4714,GUADALAJARA,BAJIO,Primera mención,OTRAS,9,6,6,8
Entrevistado_4715,Entrevistado_4715,COATZACOALCOS,SUR,Primera mención,OTRAS,5,8,5,6
Entrevistado_4716,Entrevistado_4716,MORELIA,BAJIO,Primera mención,OTRAS,10,10,7.8,7
Entrevistado_4717,Entrevistado_4717,GUADALAJARA,BAJIO,Primera mención,OTRAS,8.4,9,7.8,8
Entrevistado_4718,Entrevistado_4718,GUADALAJARA,BAJIO,Primera mención,OTRAS,7,6,9,10
Entrevistado_4719,Entrevistado_4719,PUEBLA,CENTRO,Primera mención,OTRAS,8,10,7.8,1
Entrevistado_4720,Entrevistado_4720,AGUASCALIENTES,BAJIO,Primera mención,OTRAS,8,8,7.8,8
Entrevistado_4721,Entrevistado_4721,TEPIC,OCCIDENTE,Primera mención,OTRAS,10,8,10,6
Entrevistado_4722,Entrevistado_4722,CULIACÁN,OCCIDENTE,Primera mención,OTRAS,8.4,8,10,8
Entrevistado_4723,Entrevistado_4723,CIUDAD DE MÉXICO,CENTRO,Primera mención,OTRAS,10,6,7.8,8
Entrevistado_4724,Entrevistado_4724,VILLAHERMOSA,SUR,Primera mención,OTRAS,10,7,7.8,8
Entrevistado_4725,Entrevistado_4725,CULIACÁN,OCCIDENTE,Primera mención,OTRAS,8.4,9,7.8,8
Entrevistado_4726,Entrevistado_4726,VERACRUZ,ORIENTE,Primera mención,OTRAS,4,8,7,10
Entrevistado_4727,Entrevistado_4727,MORELIA,BAJIO,Primera mención,OTRAS,8,8,10,8
Entrevistado_4728,Entrevistado_4728,LEÓN,BAJIO,Primera mención,OTRAS,10,6,5,8
Entrevistado_4729,Entrevistado_4729,TEPIC,OCCIDENTE,Primera mención,OTRAS,10,10,7.8,6
Entrevistado_4730,Entrevistado_4730,LOS CABOS,OCCIDENTE,Primera mención,OTRAS,8,4,7,8
Entrevistado_4731,Entrevistado_4731,COATZACOALCOS,SUR,Primera mención,OTRAS,10,10,9,8
Entrevistado_4732,Entrevistado_4732,GUADALAJARA,BAJIO,Primera mención,OTRAS,10,5,7.8,8
Entrevistado_4733,Entrevistado_4733,QUERÉTARO,CENTRO,Primera mención,OTRAS,8.4,7,10,5
Entrevistado_4734,Entrevistado_4734,HERMOSILLO,OCCIDENTE,Primera mención,OTRAS,10,8,10,8
Entrevistado_4735,Entrevistado_4735,HERMOSILLO,OCCIDENTE,Primera mención,OTRAS,6,9,7.8,8
Entrevistado_4736,Entrevistado_4736,AGUASCALIENTES,BAJIO,Primera mención,UVM,8,10,10,8
Entrevistado_4737,Entrevistado_4737,MÉRIDA,SUR,Primera mención,ANÁHUAC,7,8,3,8
Entrevistado_4738,Entrevistado_4738,CULIACÁN,OCCIDENTE,Primera mención,OTRAS,7,7,1,8
Entrevistado_4739,Entrevistado_4739,AGUASCALIENTES,BAJIO,Primera mención,OTRAS,10,8,7.8,10
Entrevistado_4740,Entrevistado_4740,TEPIC,OCCIDENTE,Primera mención,OTRAS,8,8,7.8,8
Entrevistado_4741,Entrevistado_4741,MONTERREY,NORTE,Primera mención,OTRAS,6,8,10,8
Entrevistado_4742,Entrevistado_4742,GUADALAJARA,BAJIO,Primera mención,OTRAS,10,8,7.8,8
Entrevistado_4743,Entrevistado_4743,MEXICALI,OCCIDENTE,Primera mención,OTRAS,7,8,7.8,6
Entrevistado_4744,Entrevistado_4744,VILLAHERMOSA,SUR,Primera mención,OTRAS,8.4,5,7.8,7
Entrevistado_4745,Entrevistado_4745,LA PAZ,OCCIDENTE,Primera mención,OTRAS,8,6,4,8
Entrevistado_4746,Entrevistado_4746,GUADALAJARA,BAJIO,Primera mención,OTRAS,8.4,7,3,8
Entrevistado_4747,Entrevistado_4747,HERMOSILLO,OCCIDENTE,Primera mención,ITESM,8.4,8,5,7
Entrevistado_4748,Entrevistado_4748,TIJUANA,OCCIDENTE,Primera mención,OTRAS,8,6,7.8,8
Entrevistado_4749,Entrevistado_4749,MAZATLÁN,OCCIDENTE,Primera mención,OTRAS,8.4,8,7,6
Entrevistado_4750,Entrevistado_4750,TEPIC,OCCIDENTE,Primera mención,OTRAS,9,8,7.8,8
Entrevistado_4751,Entrevistado_4751,ZAMORA,BAJIO,Primera mención,OTRAS,8,8,7.8,8
Entrevistado_4752,Entrevistado_4752,GUADALAJARA,BAJIO,Primera mención,ITESM,4,8,3,8
Entrevistado_4753,Entrevistado_4753,GUADALAJARA,BAJIO,Primera mención,OTRAS,10,8,7.8,8
Entrevistado_4754,Entrevistado_4754,AGUASCALIENTES,BAJIO,Primera mención,ITESM,10,10,7.8,9
Entrevistado_4755,Entrevistado_4755,GUADALAJARA,BAJIO,Primera mención,OTRAS,5,8,2,10
Entrevistado_4756,Entrevistado_4756,AGUASCALIENTES,BAJIO,Primera mención,UVM,9,8,8,8
Entrevistado_4757,Entrevistado_4757,ZAMORA,BAJIO,Primera mención,OTRAS,8.4,10,7.8,8
Entrevistado_4758,Entrevistado_4758,MORELIA,BAJIO,Primera mención,OTRAS,8.4,8,7.8,4
Entrevistado_4759,Entrevistado_4759,GUADALAJARA,BAJIO,Primera mención,OTRAS,7,10,8,1
Entrevistado_4760,Entrevistado_4760,GUADALAJARA,BAJIO,Primera mención,OTRAS,7,8,7.8,8
Entrevistado_4761,Entrevistado_4761,GUADALAJARA,BAJIO,Primera mención,OTRAS,8.4,8,7.8,10
Entrevistado_4762,Entrevistado_4762,GUADALAJARA,BAJIO,Primera mención,UVM,10,4,10,8
Entrevistado_4763,Entrevistado_4763,HERMOSILLO,OCCIDENTE,Primera mención,OTRAS,10,8,4,8
Entrevistado_4764,Entrevistado_4764,VILLAHERMOSA,SUR,Primera mención,OTRAS,7,8,8,6
Entrevistado_4765,Entrevistado_4765,HERMOSILLO,OCCIDENTE,Primera mención,UVM,8,8,7.8,8
Entrevistado_4766,Entrevistado_4766,TUXTLA GUTIÉRREZ,SUR,Primera mención,OTRAS,8,4,10,8
Entrevistado_4767,Entrevistado_4767,GUADALAJARA,BAJIO,Primera mención,OTRAS,10,8,7.8,3
Entrevistado_4768,Entrevistado_4768,HERMOSILLO,OCCIDENTE,Primera mención,OTRAS,8.4,8,10,7
Entrevistado_4769,Entrevistado_4769,TIJUANA,OCCIDENTE,Primera mención,OTRAS,9,8,10,8
Entrevistado_4770,Entrevistado_4770,TIJUANA,OCCIDENTE,Primera mención,OTRAS,8,5,4,10
Entrevistado_4771,Entrevistado_4771,TEPIC,OCCIDENTE,Primera mención,OTRAS,8,10,7.8,10
Entrevistado_4772,Entrevistado_4772,GUADALAJARA,BAJIO,Primera mención,OTRAS,8,10,3,10
Entrevistado_4773,Entrevistado_4773,COATZACOALCOS,SUR,Primera mención,OTRAS,8.4,10,5,10
Entrevistado_4774,Entrevistado_4774,GUADALAJARA,BAJIO,Primera mención,OTRAS,8.4,4,7.8,6
Entrevistado_4775,Entrevistado_4775,MORELIA,BAJIO,Primera mención,OTRAS,6,9,10,8
Entrevistado_4776,Entrevistado_4776,LA PAZ,OCCIDENTE,Primera mención,OTRAS,8,4,8,7
Entrevistado_4777,Entrevistado_4777,AGUASCALIENTES,BAJIO,Primera mención,OTRAS,6,10,7.8,8
Entrevistado_4778,Entrevistado_4778,ZAMORA,BAJIO,Primera mención,OTRAS,8.4,5,7.8,7
Entrevistado_4779,Entrevistado_4779,LEÓN,BAJIO,Primera mención,OTRAS,8.4,8,10,9
Entrevistado_4780,Entrevistado_4780,MORELIA,BAJIO,Primera mención,OTRAS,9,10,7.8,10
Entrevistado_4781,Entrevistado_4781,GUADALAJARA,BAJIO,Primera mención,OTRAS,8.4,10,2,8
Entrevistado_4782,Entrevistado_4782,GUADALAJARA,BAJIO,Primera mención,OTRAS,5,10,8,8
Entrevistado_4783,Entrevistado_4783,GUADALAJARA,BAJIO,Primera mención,UVM,8,8,7.8,8
Entrevistado_4784,Entrevistado_4784,GUADALAJARA,BAJIO,Primera mención,OTRAS,9,8,10,6
Entrevistado_4785,Entrevistado_4785,PUEBLA,CENTRO,Primera mención,OTRAS,8.4,8,9,7
Entrevistado_4786,Entrevistado_4786,QUERÉTARO,CENTRO,Primera mención,UVM,8.4,9,6,5
Entrevistado_4787,Entrevistado_4787,AGUASCALIENTES,BAJIO,Primera mención,OTRAS,9,10,7,8
Entrevistado_4788,Entrevistado_4788,VILLAHERMOSA,SUR,Primera mención,OTRAS,9,10,10,7
Entrevistado_4789,Entrevistado_4789,GUADALAJARA,BAJIO,Primera mención,OTRAS,9,6,7.8,6
Entrevistado_4790,Entrevistado_4790,TIJUANA,OCCIDENTE,Primera mención,OTRAS,8.4,8,10,8
Entrevistado_4791,Entrevistado_4791,VILLAHERMOSA,SUR,Primera mención,UVM,9,8,7.8,7
Entrevistado_4792,Entrevistado_4792,QUERÉTARO,CENTRO,Primera mención,UVM,9,10,10,7
Entrevistado_4793,Entrevistado_4793,CIUDAD DE MÉXICO,CENTRO,Primera mención,UVM,10,8,1,10
Entrevistado_4794,Entrevistado_4794,VILLAHERMOSA,SUR,Primera mención,OTRAS,9,10,7.8,8
Entrevistado_4795,Entrevistado_4795,IRAPUATO,BAJIO,Primera mención,OTRAS,8,8,10,5
Entrevistado_4796,Entrevistado_4796,GUADALAJARA,BAJIO,Primera mención,OTRAS,8.4,9,7,9
Entrevistado_4797,Entrevistado_4797,LEÓN,BAJIO,Primera mención,OTRAS,8,9,7.8,6
Entrevistado_4798,Entrevistado_4798,MORELIA,BAJIO,Primera mención,OTRAS,6,8,6,8
Entrevistado_4799,Entrevistado_4799,TEPIC,OCCIDENTE,Primera mención,OTRAS,8.4,2,7,8
Entrevistado_4800,Entrevistado_4800,HERMOSILLO,OCCIDENTE,Primera mención,ITESM,10,10,7.8,2
Entrevistado_4801,Entrevistado_4801,TUXTLA GUTIÉRREZ,SUR,Primera mención,OTRAS,7,10,7,8
Entrevistado_4802,Entrevistado_4802,MORELIA,BAJIO,Primera mención,OTRAS,8.4,8,10,8
Entrevistado_4803,Entrevistado_4803,TUXTLA GUTIÉRREZ,SUR,Primera mención,OTRAS,8.4,10,8,6
Entrevistado_4804,Entrevistado_4804,AGUASCALIENTES,BAJIO,Primera mención,OTRAS,9,9,7.8,8
Entrevistado_4805,Entrevistado_4805,MONTERREY,NORTE,Primera mención,ITESM,7,8,8,8
Entrevistado_4806,Entrevistado_4806,CULIACÁN,OCCIDENTE,Primera mención,OTRAS,9,4,10,10
Entrevistado_4807,Entrevistado_4807,CANCÚN,SUR,Primera mención,OTRAS,9,8,10,8
Entrevistado_4808,Entrevistado_4808,GUADALAJARA,BAJIO,Primera mención,OTRAS,8.4,8,7.8,8
Entrevistado_4809,Entrevistado_4809,GUADALAJARA,BAJIO,Primera mención,OTRAS,6,8,7.8,8
Entrevistado_4810,Entrevistado_4810,GUADALAJARA,BAJIO,Primera mención,OTRAS,8,6,7.8,8
Entrevistado_4811,Entrevistado_4811,LOS CABOS,OCCIDENTE,Primera mención,OTRAS,7,8,7.8,8
Entrevistado_4812,Entrevistado_4812,GUADALAJARA,BAJIO,Primera mención,OTRAS,7,10,7.8,10
Entrevistado_4813,Entrevistado_4813,MONTERREY,NORTE,Primera mención,OTRAS,8.4,9,7.8,6
Entrevistado_4814,Entrevistado_4814,CULIACÁN,OCCIDENTE,Primera mención,ITESM,9,8,7,8
Entrevistado_4815,Entrevistado_4815,VERACRUZ,ORIENTE,Primera mención,OTRAS,9,8,7.8,8
Entrevistado_4816,Entrevistado_4816,MAZATLÁN,OCCIDENTE,Primera mención,OTRAS,8.4,8,1,10
Entrevistado_4817,Entrevistado_4817,MORELIA,BAJIO,Primera mención,OTRAS,8.4,8,1,8
Entrevistado_4818,Entrevistado_4818,GUADALAJARA,BAJIO,Primera mención,ITESM,5,10,7.8,8
Entrevistado_4819,Entrevistado_4819,MONTERREY,NORTE,Primera mención,ITESM,8,9,1,10
Entrevistado_4820,Entrevistado_4820,GUADALAJARA,BAJIO,Primera mención,OTRAS,8.4,3,7.8,9
Entrevistado_4821,Entrevistado_4821,LEÓN,BAJIO,Primera mención,OTRAS,4,10,7.8,9
Entrevistado_4822,Entrevistado_4822,VILLAHERMOSA,SUR,Primera mención,OTRAS,10,8,9,8
Entrevistado_4823,Entrevistado_4823,MORELIA,BAJIO,Primera mención,OTRAS,6,7,6,10
Entrevistado_4824,Entrevistado_4824,GUADALAJARA,BAJIO,Primera mención,OTRAS,8,4,7.8,10
Entrevistado_4825,Entrevistado_4825,VILLAHERMOSA,SUR,Primera mención,OTRAS,8,5,10,8
Entrevistado_4826,Entrevistado_4826,GUADALAJARA,BAJIO,Primera mención,OTRAS,10,10,7.8,8
Entrevistado_4827,Entrevistado_4827,VILLAHERMOSA,SUR,Primera mención,OTRAS,10,10,6,9
Entrevistado_4828,Entrevistado_4828,MORELIA,BAJIO,Primera mención,OTRAS,8.4,8,5,5
Entrevistado_4829,Entrevistado_4829,CD. OBREGÓN,OCCIDENTE,Primera mención,OTRAS,7,8,10,8
Entrevistado_4830,Entrevistado_4830,CIUDAD DE MÉXICO,CENTRO,Primera mención,OTRAS,8,8,10,10
Entrevistado_4831,Entrevistado_4831,CULIACÁN,OCCIDENTE,Primera mención,OTRAS,10,10,10,9
Entrevistado_4832,Entrevistado_4832,MORELIA,BAJIO,Primera mención,OTRAS,9,10,10,8
Entrevistado_4833,Entrevistado_4833,GUADALAJARA,BAJIO,Primera mención,ITESM,5,8,3,8
Entrevistado_4834,Entrevistado_4834,LEÓN,BAJIO,Primera mención,OTRAS,9,7,7.8,3
Entrevistado_4835,Entrevistado_4835,TIJUANA,OCCIDENTE,Primera mención,OTRAS,10,10,5,8
Entrevistado_4836,Entrevistado_4836,AGUASCALIENTES,BAJIO,Primera mención,OTRAS,10,8,10,8
Entrevistado_4837,Entrevistado_4837,GUADALAJARA,BAJIO,Primera mención,OTRAS,4,10,7,4
Entrevistado_4838,Entrevistado_4838,VERACRUZ,ORIENTE,Primera mención,OTRAS,8.4,10,10,10
Entrevistado_4839,Entrevistado_4839,GUADALAJARA,BAJIO,Primera mención,OTRAS,10,8,7.8,2
Entrevistado_4840,Entrevistado_4840,TEPIC,OCCIDENTE,Primera mención,OTRAS,8.4,10,7.8,8
Entrevistado_4841,Entrevistado_4841,VILLAHERMOSA,SUR,Primera mención,UVM,8.4,8,9,8
Entrevistado_4842,Entrevistado_4842,CANCÚN,SUR,Primera mención,OTRAS,9,8,7.8,9
Entrevistado_4843,Entrevistado_4843,AGUASCALIENTES,BAJIO,Primera mención,OTRAS,6,3,10,7
Entrevistado_4844,Entrevistado_4844,GUADALAJARA,BAJIO,Primera mención,UVM,10,5,7.8,9
Entrevistado_4845,Entrevistado_4845,MORELIA,BAJIO,Primera mención,OTRAS,7,10,7.8,8
Entrevistado_4846,Entrevistado_4846,QUERÉTARO,CENTRO,Primera mención,ITESM,4,8,6,8
Entrevistado_4847,Entrevistado_4847,LEÓN,BAJIO,Primera mención,OTRAS,5,6,10,10
Entrevistado_4848,Entrevistado_4848,AGUASCALIENTES,BAJIO,Primera mención,OTRAS,4,6,7.8,8
Entrevistado_4849,Entrevistado_4849,MONTERREY,NORTE,Primera mención,ITESM,6,8,9,8
Entrevistado_4850,Entrevistado_4850,MORELIA,BAJIO,Primera mención,OTRAS,8,10,7,6
Entrevistado_4851,Entrevistado_4851,TEPIC,OCCIDENTE,Primera mención,OTRAS,7,8,3,8
Entrevistado_4852,Entrevistado_4852,MONTERREY,NORTE,Primera mención,OTRAS,9,7,7.8,8
Entrevistado_4853,Entrevistado_4853,CULIACÁN,OCCIDENTE,Primera mención,OTRAS,6,8,5,7
Entrevistado_4854,Entrevistado_4854,COATZACOALCOS,SUR,Primera mención,OTRAS,10,8,8,8
Entrevistado_4855,Entrevistado_4855,VILLAHERMOSA,SUR,Primera mención,OTRAS,8.4,5,7.8,8
Entrevistado_4856,Entrevistado_4856,COATZACOALCOS,SUR,Primera mención,OTRAS,8.4,8,10,8
Entrevistado_4857,Entrevistado_4857,MORELIA,BAJIO,Primera mención,OTRAS,8.4,3,7.8,8
Entrevistado_4858,Entrevistado_4858,TIJUANA,OCCIDENTE,Primera mención,OTRAS,7,7,7.8,8
Entrevistado_4859,Entrevistado_4859,MORELIA,BAJIO,Primera mención,OTRAS,10,8,4,7
Entrevistado_4860,Entrevistado_4860,GUADALAJARA,BAJIO,Primera mención,OTRAS,10,10,9,8
Entrevistado_4861,Entrevistado_4861,GUADALAJARA,BAJIO,Primera mención,OTRAS,10,3,7.8,8
Entrevistado_4862,Entrevistado_4862,CIUDAD DE MÉXICO,CENTRO,Primera mención,OTRAS,8,10,10,8
Entrevistado_4863,Entrevistado_4863,MORELIA,BAJIO,Primera mención,OTRAS,6,10,3,8
Entrevistado_4864,Entrevistado_4864,LEÓN,BAJIO,Primera mención,OTRAS,8,8,10,6
Entrevistado_4865,Entrevistado_4865,COATZACOALCOS,SUR,Primera mención,OTRAS,10,6,7.8,7
Entrevistado_4866,Entrevistado_4866,LOS CABOS,OCCIDENTE,Primera mención,OTRAS,8.4,10,10,10
Entrevistado_4867,Entrevistado_4867,TUXTLA GUTIÉRREZ,SUR,Primera mención,OTRAS,10,8,7.8,8
Entrevistado_4868,Entrevistado_4868,COATZACOALCOS,SUR,Primera mención,OTRAS,6,8,3,8
Entrevistado_4869,Entrevistado_4869,IRAPUATO,BAJIO,Primera mención,OTRAS,7,10,7.8,9
Entrevistado_4870,Entrevistado_4870,AGUASCALIENTES,BAJIO,Primera mención,OTRAS,8.4,8,4,7
Entrevistado_4871,Entrevistado_4871,VILLAHERMOSA,SUR,Primera mención,OTRAS,10,9,7,7
Entrevistado_4872,Entrevistado_4872,COATZACOALCOS,SUR,Primera mención,OTRAS,9,10,10,10
Entrevistado_4873,Entrevistado_4873,GUADALAJARA,BAJIO,Primera mención,OTRAS,10,7,10,10
Entrevistado_4874,Entrevistado_4874,QUERÉTARO,CENTRO,Primera mención,OTRAS,9,8,9,7
Entrevistado_4875,Entrevistado_4875,LA PAZ,OCCIDENTE,Primera mención,OTRAS,10,8,4,8
Entrevistado_4876,Entrevistado_4876,GUADALAJARA,BAJIO,Primera mención,OTRAS,8.4,8,7.8,8
Entrevistado_4877,Entrevistado_4877,TIJUANA,OCCIDENTE,Primera mención,OTRAS,7,10,4,10
Entrevistado_4878,Entrevistado_4878,COATZACOALCOS,SUR,Primera mención,OTRAS,6,8,7,4
Entrevistado_4879,Entrevistado_4879,IRAPUATO,BAJIO,Primera mención,OTRAS,9,10,7.8,8
Entrevistado_4880,Entrevistado_4880,LEÓN,BAJIO,Primera mención,ITESM,8.4,8,8,10
Entrevistado_4881,Entrevistado_4881,QUERÉTARO,CENTRO,Primera mención,UVM,10,3,10,8
Entrevistado_4882,Entrevistado_4882,VILLAHERMOSA,SUR,Primera mención,OTRAS,8.4,10,7.8,8
Entrevistado_4883,Entrevistado_4883,GUADALAJARA,BAJIO,Primera mención,OTRAS,9,10,10,8
Entrevistado_4884,Entrevistado_4884,CULIACÁN,OCCIDENTE,Primera mención,OTRAS,7,8,8,9
Entrevistado_4885,Entrevistado_4885,LA PAZ,OCCIDENTE,Primera mención,OTRAS,10,8,1,3
Entrevistado_4886,Entrevistado_4886,MORELIA,BAJIO,Primera mención,OTRAS,10,7,7.8,8
Entrevistado_4887,Entrevistado_4887,MORELIA,BAJIO,Primera mención,OTRAS,10,6,7.8,8
Entrevistado_4888,Entrevistado_4888,GUADALAJARA,BAJIO,Primera mención,OTRAS,10,8,4,8
Entrevistado_4889,Entrevistado_4889,HERMOSILLO,OCCIDENTE,Primera mención,OTRAS,10,8,10,10
Entrevistado_4890,Entrevistado_4890,QUERÉTARO,CENTRO,Primera mención,OTRAS,8.4,10,7.8,10
Entrevistado_4891,Entrevistado_4891,AGUASCALIENTES,BAJIO,Primera mención,OTRAS,7,10,10,8
Entrevistado_4892,Entrevistado_4892,AGUASCALIENTES,BAJIO,Primera mención,OTRAS,8.4,10,7.8,8
Entrevistado_4893,Entrevistado_4893,GUADALAJARA,BAJIO,Primera mención,OTRAS,10,4,7.8,9
Entrevistado_4894,Entrevistado_4894,GUADALAJARA,BAJIO,Primera mención,OTRAS,10,5,10,9
Entrevistado_4895,Entrevistado_4895,TEPIC,OCCIDENTE,Primera mención,OTRAS,10,5,7.8,8
Entrevistado_4896,Entrevistado_4896,GUADALAJARA,BAJIO,Primera mención,UVM,8,6,7.8,6
Entrevistado_4897,Entrevistado_4897,AGUASCALIENTES,BAJIO,Primera mención,OTRAS,8.4,10,10,3
Entrevistado_4898,Entrevistado_4898,CIUDAD DE MÉXICO,CENTRO,Primera mención,ITESM,5,10,6,7
Entrevistado_4899,Entrevistado_4899,HERMOSILLO,OCCIDENTE,Primera mención,OTRAS,8.4,9,10,8
Entrevistado_4900,Entrevistado_4900,MORELIA,BAJIO,Primera mención,OTRAS,6,8,1,8
Entrevistado_4901,Entrevistado_4901,COATZACOALCOS,SUR,Primera mención,OTRAS,10,8,7.8,8
Entrevistado_4902,Entrevistado_4902,LEÓN,BAJIO,Primera mención,OTRAS,8.4,6,5,5
Entrevistado_4903,Entrevistado_4903,TUXTLA GUTIÉRREZ,SUR,Primera mención,OTRAS,8.4,10,10,8
Entrevistado_4904,Entrevistado_4904,PUEBLA,CENTRO,Primera mención,ANÁHUAC,8.4,1,6,8
Entrevistado_4905,Entrevistado_4905,CIUDAD DE MÉXICO,CENTRO,Primera mención,OTRAS,10,9,7.8,8
Entrevistado_4906,Entrevistado_4906,VILLAHERMOSA,SUR,Primera mención,UVM,8.4,10,7.8,8
Entrevistado_4907,Entrevistado_4907,MONTERREY,NORTE,Primera mención,ITESM,9,10,10,8
Entrevistado_4908,Entrevistado_4908,COATZACOALCOS,SUR,Primera mención,OTRAS,8,7,7.8,8
Entrevistado_4909,Entrevistado_4909,CULIACÁN,OCCIDENTE,Primera mención,OTRAS,9,8,7.8,9
Entrevistado_4910,Entrevistado_4910,TUXTLA GUTIÉRREZ,SUR,Primera mención,OTRAS,9,8,7.8,9
Entrevistado_4911,Entrevistado_4911,MORELIA,BAJIO,Primera mención,OTRAS,9,10,7.8,7
Entrevistado_4912,Entrevistado_4912,GUADALAJARA,BAJIO,Primera mención,OTRAS,8,7,4,7
Entrevistado_4913,Entrevistado_4913,COATZACOALCOS,SUR,Primera mención,OTRAS,9,10,7.8,8
Entrevistado_4914,Entrevistado_4914,AGUASCALIENTES,BAJIO,Primera mención,OTRAS,7,8,7.8,8
Entrevistado_4915,Entrevistado_4915,LA PAZ,OCCIDENTE,Primera mención,OTRAS,8.4,9,8,8
Entrevistado_4916,Entrevistado_4916,ZAMORA,BAJIO,Primera mención,OTRAS,7,5,10,8
Entrevistado_4917,Entrevistado_4917,MORELIA,BAJIO,Primera mención,OTRAS,8.4,8,4,10
Entrevistado_4918,Entrevistado_4918,MORELIA,BAJIO,Primera mención,OTRAS,8,8,9,10
Entrevistado_4919,Entrevistado_4919,MORELIA,BAJIO,Primera mención,OTRAS,9,10,7.8,8
Entrevistado_4920,Entrevistado_4920,AGUASCALIENTES,BAJIO,Primera mención,OTRAS,8.4,9,7.8,8
Entrevistado_4921,Entrevistado_4921,AGUASCALIENTES,BAJIO,Primera mención,OTRAS,9,8,7.8,10
Entrevistado_4922,Entrevistado_4922,TUXTLA GUTIÉRREZ,SUR,Primera mención,OTRAS,10,8,10,8
Entrevistado_4923,Entrevistado_4923,QUERÉTARO,CENTRO,Primera mención,UVM,10,1,7.8,8
Entrevistado_4924,Entrevistado_4924,COATZACOALCOS,SUR,Primera mención,OTRAS,8,8,10,8
Entrevistado_4925,Entrevistado_4925,CIUDAD DE MÉXICO,CENTRO,Primera mención,OTRAS,8.4,8,9,9
Entrevistado_4926,Entrevistado_4926,AGUASCALIENTES,BAJIO,Primera mención,OTRAS,10,5,7.8,8
Entrevistado_4927,Entrevistado_4927,COATZACOALCOS,SUR,Primera mención,OTRAS,10,10,7.8,10
Entrevistado_4928,Entrevistado_4928,GUADALAJARA,BAJIO,Primera mención,OTRAS,8.4,4,7.8,10
Entrevistado_4929,Entrevistado_4929,IRAPUATO,BAJIO,Primera mención,OTRAS,8,8,10,8
Entrevistado_4930,Entrevistado_4930,TEPIC,OCCIDENTE,Primera mención,OTRAS,8.4,9,6,10
Entrevistado_4931,Entrevistado_4931,VILLAHERMOSA,SUR,Primera mención,UVM,10,6,7.8,5
Entrevistado_4932,Entrevistado_4932,CULIACÁN,OCCIDENTE,Primera mención,OTRAS,9,9,10,8
Entrevistado_4933,Entrevistado_4933,CULIACÁN,OCCIDENTE,Primera mención,OTRAS,8.4,8,10,8
Entrevistado_4934,Entrevistado_4934,GUADALAJARA,BAJIO,Primera mención,OTRAS,9,10,10,8
Entrevistado_4935,Entrevistado_4935,GUADALAJARA,BAJIO,Primera mención,OTRAS,5,8,3,8
Entrevistado_4936,Entrevistado_4936,GUADALAJARA,BAJIO,Primera mención,OTRAS,9,8,5,8
Entrevistado_4937,Entrevistado_4937,MORELIA,BAJIO,Primera mención,OTRAS,10,7,7.8,9
Entrevistado_4938,Entrevistado_4938,MORELIA,BAJIO,Primera mención,OTRAS,5,6,6,8
Entrevistado_4939,Entrevistado_4939,GUADALAJARA,BAJIO,Primera mención,OTRAS,9,10,7.8,10
Entrevistado_4940,Entrevistado_4940,GUADALAJARA,BAJIO,Primera mención,UVM,10,8,7.8,8
Entrevistado_4941,Entrevistado_4941,MONTERREY,NORTE,Primera mención,ITESM,10,8,7.8,8
Entrevistado_4942,Entrevistado_4942,MAZATLÁN,OCCIDENTE,Primera mención,OTRAS,10,8,7.8,8
Entrevistado_4943,Entrevistado_4943,AGUASCALIENTES,BAJIO,Primera mención,UVM,8,10,7.8,8
Entrevistado_4944,Entrevistado_4944,QUERÉTARO,CENTRO,Primera mención,ANÁHUAC,8.4,3,4,8
Entrevistado_4945,Entrevistado_4945,GUADALAJARA,BAJIO,Primera mención,OTRAS,5,10,8,8
Entrevistado_4946,Entrevistado_4946,GUADALAJARA,BAJIO,Primera mención,OTRAS,10,2,8,8
Entrevistado_4947,Entrevistado_4947,LA PAZ,OCCIDENTE,Primera mención,OTRAS,8.4,8,7.8,10
Entrevistado_4948,Entrevistado_4948,MONTERREY,NORTE,Primera mención,ITESM,8,8,4,8
Entrevistado_4949,Entrevistado_4949,HERMOSILLO,OCCIDENTE,Primera mención,OTRAS,5,8,7,8
Entrevistado_4950,Entrevistado_4950,HERMOSILLO,OCCIDENTE,Primera mención,ITESM,8,8,7,8
Entrevistado_4951,Entrevistado_4951,PUEBLA,CENTRO,Primera mención,OTRAS,5,8,7.8,10
Entrevistado_4952,Entrevistado_4952,GUADALAJARA,BAJIO,Primera mención,OTRAS,8.4,10,7.8,7
Entrevistado_4953,Entrevistado_4953,CIUDAD DE MÉXICO,CENTRO,Primera mención,OTRAS,7,8,7.8,5
Entrevistado_4954,Entrevistado_4954,COATZACOALCOS,SUR,Primera mención,OTRAS,8.4,4,7,8
Entrevistado_4955,Entrevistado_4955,COATZACOALCOS,SUR,Primera mención,OTRAS,10,8,7.8,10
Entrevistado_4956,Entrevistado_4956,GUADALAJARA,BAJIO,Primera mención,OTRAS,8.4,10,4,8
Entrevistado_4957,Entrevistado_4957,GUADALAJARA,BAJIO,Primera mención,OTRAS,8.4,8,6,7
Entrevistado_4958,Entrevistado_4958,CIUDAD DE MÉXICO,CENTRO,Primera mención,UVM,10,3,10,10
Entrevistado_4959,Entrevistado_4959,GUADALAJARA,BAJIO,Primera mención,OTRAS,10,8,7.8,9
Entrevistado_4960,Entrevistado_4960,TUXTLA GUTIÉRREZ,SUR,Primera mención,OTRAS,3,10,9,8
Entrevistado_4961,Entrevistado_4961,MEXICALI,OCCIDENTE,Primera mención,OTRAS,10,8,10,8
Entrevistado_4962,Entrevistado_4962,GUADALAJARA,BAJIO,Primera mención,OTRAS,8.4,8,10,8
Entrevistado_4963,Entrevistado_4963,ZAMORA,BAJIO,Primera mención,OTRAS,10,8,7.8,8
Entrevistado_4964,Entrevistado_4964,GUADALAJARA,BAJIO,Primera mención,OTRAS,8.4,2,7.8,8
Entrevistado_4965,Entrevistado_4965,TUXTLA GUTIÉRREZ,SUR,Primera mención,OTRAS,2,10,7,8
Entrevistado_4966,Entrevistado_4966,TIJUANA,OCCIDENTE,Primera mención,OTRAS,8.4,10,2,8
Entrevistado_4967,Entrevistado_4967,AGUASCALIENTES,BAJIO,Primera mención,OTRAS,1,8,5,8
Entrevistado_4968,Entrevistado_4968,MORELIA,BAJIO,Primera mención,OTRAS,7,8,7.8,10
Entrevistado_4969,Entrevistado_4969,TUXTLA GUTIÉRREZ,SUR,Primera mención,OTRAS,8,8,7.8,10
Entrevistado_4970,Entrevistado_4970,QUERÉTARO,CENTRO,Primera mención,ANÁHUAC,10,8,10,9
Entrevistado_4971,Entrevistado_4971,COATZACOALCOS,SUR,Primera mención,OTRAS,8.4,8,10,7
Entrevistado_4972,Entrevistado_4972,AGUASCALIENTES,BAJIO,Primera mención,OTRAS,8.4,10,7.8,8
Entrevistado_4973,Entrevistado_4973,CULIACÁN,OCCIDENTE,Primera mención,OTRAS,9,8,7.8,10
Entrevistado_4974,Entrevistado_4974,CIUDAD DE MÉXICO,CENTRO,Primera mención,OTRAS,8.4,8,7.8,2
Entrevistado_4975,Entrevistado_4975,TUXTLA GUTIÉRREZ,SUR,Primera mención,UVM,8,6,7.8,8
Entrevistado_4976,Entrevistado_4976,VILLAHERMOSA,SUR,Primera mención,UVM,3,8,7.8,5
Entrevistado_4977,Entrevistado_4977,QUERÉTARO,CENTRO,Primera mención,UVM,5,8,2,8
Entrevistado_4978,Entrevistado_4978,TUXTLA GUTIÉRREZ,SUR,Primera mención,OTRAS,8.4,4,7.8,8
Entrevistado_4979,Entrevistado_4979,LEÓN,BAJIO,Primera mención,OTRAS,6,8,7.8,10
Entrevistado_4980,Entrevistado_4980,HERMOSILLO,OCCIDENTE,Primera mención,OTRAS,4,10,7.8,8
Entrevistado_4981,Entrevistado_4981,GUADALAJARA,BAJIO,Primera mención,OTRAS,10,8,7.8,10
Entrevistado_4982,Entrevistado_4982,ZAMORA,BAJIO,Primera mención,OTRAS,5,8,7.8,8
Entrevistado_4983,Entrevistado_4983,GUADALAJARA,BAJIO,Primera mención,ITESM,8,10,2,8
Entrevistado_4984,Entrevistado_4984,CULIACÁN,OCCIDENTE,Primera mención,OTRAS,7,10,7.8,6
Entrevistado_4985,Entrevistado_4985,CIUDAD DE MÉXICO,CENTRO,Primera mención,UVM,10,4,8,8
Entrevistado_4986,Entrevistado_4986,IRAPUATO,BAJIO,Primera mención,OTRAS,8.4,7,7.8,9
Entrevistado_4987,Entrevistado_4987,GUADALAJARA,BAJIO,Primera mención,OTRAS,1,8,7.8,8
Entrevistado_4988,Entrevistado_4988,TEPIC,OCCIDENTE,Primera mención,OTRAS,10,10,7.8,10
Entrevistado_4989,Entrevistado_4989,ZAMORA,BAJIO,Primera mención,OTRAS,8,5,1,8
Entrevistado_4990,Entrevistado_4990,LOS CABOS,OCCIDENTE,Primera mención,OTRAS,10,8,10,8
Entrevistado_4991,Entrevistado_4991,CULIACÁN,OCCIDENTE,Primera mención,ITESM,8.4,8,6,5
Entrevistado_4992,Entrevistado_4992,GUADALAJARA,BAJIO,Primera mención,OTRAS,3,10,7.8,8
Entrevistado_4993,Entrevistado_4993,TEPIC,OCCIDENTE,Primera mención,OTRAS,8.4,7,10,1
Entrevistado_4994,Entrevistado_4994,CULIACÁN,OCCIDENTE,Primera mención,OTRAS,10,8,7.8,8
Entrevistado_4995,Entrevistado_4995,ZAMORA,BAJIO,Primera mención,OTRAS,6,6,7.8,10
Entrevistado_4996,Entrevistado_4996,ZAMORA,BAJIO,Primera mención,OTRAS,10,6,7.8,8
Entrevistado_4997,Entrevistado_4997,CULIACÁN,OCCIDENTE,Primera mención,OTRAS,2,8,10,8
Entrevistado_4998,Entrevistado_4998,IRAPUATO,BAJIO,Primera mención,OTRAS,7,3,8,8
Entrevistado_4999,Entrevistado_4999,GUADALAJARA,BAJIO,Primera mención,ITESM,7,8,8,8
Entrevistado_5000,Entrevistado_5000,GUADALAJARA,BAJIO,Primera mención,OTRAS,10,8,7.8,3
Entrevistado_5001,Entrevistado_5001,GUADALAJARA,BAJIO,Primera mención,OTRAS,1,8,7.8,8
Entrevistado_5002,Entrevistado_5002,GUADALAJARA,BAJIO,Primera mención,OTRAS,10,8,2,8
Entrevistado_5003,Entrevistado_5003,IRAPUATO,BAJIO,Primera mención,OTRAS,9,8,7.8,8
Entrevistado_5004,Entrevistado_5004,MORELIA,BAJIO,Primera mención,OTRAS,7,8,10,8
Entrevistado_5005,Entrevistado_5005,VILLAHERMOSA,SUR,Primera mención,UVM,8,7,7.8,8
Entrevistado_5006,Entrevistado_5006,TUXTLA GUTIÉRREZ,SUR,Primera mención,OTRAS,4,8,10,7
Entrevistado_5007,Entrevistado_5007,TUXTLA GUTIÉRREZ,SUR,Primera mención,OTRAS,8.4,8,7,10
Entrevistado_5008,Entrevistado_5008,MORELIA,BAJIO,Primera mención,OTRAS,6,1,1,8
Entrevistado_5009,Entrevistado_5009,GUADALAJARA,BAJIO,Primera mención,OTRAS,8.4,9,10,9
Entrevistado_5010,Entrevistado_5010,MEXICALI,OCCIDENTE,Primera mención,OTRAS,8.4,10,6,7
Entrevistado_5011,Entrevistado_5011,GUADALAJARA,BAJIO,Primera mención,OTRAS,9,10,1,8
Entrevistado_5012,Entrevistado_5012,CIUDAD DE MÉXICO,CENTRO,Primera mención,OTRAS,10,9,7.8,8
Entrevistado_5013,Entrevistado_5013,TUXTLA GUTIÉRREZ,SUR,Primera mención,OTRAS,6,7,7.8,9
Entrevistado_5014,Entrevistado_5014,GUADALAJARA,BAJIO,Primera mención,OTRAS,7,8,4,8
Entrevistado_5015,Entrevistado_5015,IRAPUATO,BAJIO,Primera mención,OTRAS,8.4,10,7.8,9
Entrevistado_5016,Entrevistado_5016,GUADALAJARA,BAJIO,Primera mención,ITESM,2,8,5,8
Entrevistado_5017,Entrevistado_5017,LEÓN,BAJIO,Primera mención,OTRAS,6,10,7.8,8
Entrevistado_5018,Entrevistado_5018,GUADALAJARA,BAJIO,Primera mención,UVM,1,8,5,10
Entrevistado_5019,Entrevistado_5019,COATZACOALCOS,SUR,Primera mención,OTRAS,8.4,8,7.8,8
Entrevistado_5020,Entrevistado_5020,VILLAHERMOSA,SUR,Primera mención,OTRAS,8.4,8,9,8
Entrevistado_5021,Entrevistado_5021,GUADALAJARA,BAJIO,Primera mención,ITESM,2,10,8,8
Entrevistado_5022,Entrevistado_5022,MÉRIDA,SUR,Primera mención,OTRAS,5,8,10,8
Entrevistado_5023,Entrevistado_5023,MORELIA,BAJIO,Primera mención,OTRAS,8,8,7.8,9
Entrevistado_5024,Entrevistado_5024,PUEBLA,CENTRO,Primera mención,OTRAS,8.4,4,7.8,8
Entrevistado_5025,Entrevistado_5025,CD. OBREGÓN,OCCIDENTE,Primera mención,OTRAS,8,9,7.8,10
Entrevistado_5026,Entrevistado_5026,AGUASCALIENTES,BAJIO,Primera mención,OTRAS,10,8,7.8,6
Entrevistado_5027,Entrevistado_5027,COATZACOALCOS,SUR,Primera mención,OTRAS,9,8,8,10
Entrevistado_5028,Entrevistado_5028,MEXICALI,OCCIDENTE,Primera mención,OTRAS,8.4,7,5,2
Entrevistado_5029,Entrevistado_5029,GUADALAJARA,BAJIO,Primera mención,OTRAS,9,8,10,10
Entrevistado_5030,Entrevistado_5030,GUADALAJARA,BAJIO,Primera mención,OTRAS,7,6,7.8,8
Entrevistado_5031,Entrevistado_5031,AGUASCALIENTES,BAJIO,Primera mención,OTRAS,1,8,7.8,8
Entrevistado_5032,Entrevistado_5032,QUERÉTARO,CENTRO,Primera mención,ANÁHUAC,8,8,4,6
Entrevistado_5033,Entrevistado_5033,LEÓN,BAJIO,Primera mención,OTRAS,6,8,4,8
Entrevistado_5034,Entrevistado_5034,MORELIA,BAJIO,Primera mención,OTRAS,8.4,8,7.8,8
Entrevistado_5035,Entrevistado_5035,MORELIA,BAJIO,Primera mención,OTRAS,7,6,7.8,8
Entrevistado_5036,Entrevistado_5036,VILLAHERMOSA,SUR,Primera mención,OTRAS,8.4,10,7,10
Entrevistado_5037,Entrevistado_5037,CIUDAD DE MÉXICO,CENTRO,Primera mención,OTRAS,10,8,7.8,8
Entrevistado_5038,Entrevistado_5038,HERMOSILLO,OCCIDENTE,Primera mención,OTRAS,8.4,8,8,8
Entrevistado_5039,Entrevistado_5039,TUXTLA GUTIÉRREZ,SUR,Primera mención,OTRAS,10,8,7.8,6
Entrevistado_5040,Entrevistado_5040,MORELIA,BAJIO,Primera mención,OTRAS,10,5,8,8
Entrevistado_5041,Entrevistado_5041,GUADALAJARA,BAJIO,Primera mención,OTRAS,1,8,4,8
Entrevistado_5042,Entrevistado_5042,TUXTLA GUTIÉRREZ,SUR,Primera mención,UVM,9,10,7.8,8
Entrevistado_5043,Entrevistado_5043,MORELIA,BAJIO,Primera mención,OTRAS,8.4,1,7.8,7
Entrevistado_5044,Entrevistado_5044,LEÓN,BAJIO,Primera mención,OTRAS,1,8,5,8
Entrevistado_5045,Entrevistado_5045,TUXTLA GUTIÉRREZ,SUR,Primera mención,OTRAS,5,8,10,8
Entrevistado_5046,Entrevistado_5046,HERMOSILLO,OCCIDENTE,Primera mención,OTRAS,8.4,5,7.8,8
Entrevistado_5047,Entrevistado_5047,AGUASCALIENTES,BAJIO,Primera mención,OTRAS,10,8,10,10
Entrevistado_5048,Entrevistado_5048,COATZACOALCOS,SUR,Primera mención,OTRAS,10,4,2,8
Entrevistado_5049,Entrevistado_5049,CIUDAD DE MÉXICO,CENTRO,Primera mención,OTRAS,6,8,7.8,10
Entrevistado_5050,Entrevistado_5050,GUADALAJARA,BAJIO,Primera mención,OTRAS,2,10,7.8,8
Entrevistado_5051,Entrevistado_5051,GUADALAJARA,BAJIO,Primera mención,OTRAS,10,8,6,1
Entrevistado_5052,Entrevistado_5052,GUADALAJARA,BAJIO,Primera mención,UVM,1,10,6,8
Entrevistado_5053,Entrevistado_5053,MÉRIDA,SUR,Primera mención,OTRAS,10,10,7.8,8
Entrevistado_5054,Entrevistado_5054,LEÓN,BAJIO,Primera mención,ITESM,5,8,7.8,10
Entrevistado_5055,Entrevistado_5055,LEÓN,BAJIO,Primera mención,OTRAS,4,8,7.8,8
Entrevistado_5056,Entrevistado_5056,ZAMORA,BAJIO,Primera mención,OTRAS,10,8,7,10
Entrevistado_5057,Entrevistado_5057,MORELIA,BAJIO,Primera mención,OTRAS,6,8,10,8
Entrevistado_5058,Entrevistado_5058,MORELIA,BAJIO,Primera mención,OTRAS,8.4,8,4,9
Entrevistado_5059,Entrevistado_5059,LEÓN,BAJIO,Primera mención,OTRAS,8,10,10,10
Entrevistado_5060,Entrevistado_5060,GUADALAJARA,BAJIO,Primera mención,UVM,10,8,10,8
Entrevistado_5061,Entrevistado_5061,PUEBLA,CENTRO,Primera mención,OTRAS,8.4,1,9,8
Entrevistado_5062,Entrevistado_5062,MAZATLÁN,OCCIDENTE,Primera mención,OTRAS,7,4,7.8,8
Entrevistado_5063,Entrevistado_5063,GUADALAJARA,BAJIO,Primera mención,ITESM,6,10,7.8,8
Entrevistado_5064,Entrevistado_5064,GUADALAJARA,BAJIO,Primera mención,OTRAS,9,9,7.8,9
Entrevistado_5065,Entrevistado_5065,LEÓN,BAJIO,Primera mención,OTRAS,8.4,10,7,8
Entrevistado_5066,Entrevistado_5066,CULIACÁN,OCCIDENTE,Primera mención,OTRAS,8.4,8,1,8
Entrevistado_5067,Entrevistado_5067,GUADALAJARA,BAJIO,Primera mención,OTRAS,4,8,8,10
Entrevistado_5068,Entrevistado_5068,GUADALAJARA,BAJIO,Primera mención,OTRAS,10,9,7.8,8
Entrevistado_5069,Entrevistado_5069,PUEBLA,CENTRO,Primera mención,OTRAS,8.4,10,10,8
Entrevistado_5070,Entrevistado_5070,TEPIC,OCCIDENTE,Primera mención,OTRAS,7,8,7,8
Entrevistado_5071,Entrevistado_5071,CULIACÁN,OCCIDENTE,Primera mención,OTRAS,8.4,8,7,8
Entrevistado_5072,Entrevistado_5072,AGUASCALIENTES,BAJIO,Primera mención,OTRAS,8,8,10,10
Entrevistado_5073,Entrevistado_5073,QUERÉTARO,CENTRO,Primera mención,UVM,1,8,7.8,4
Entrevistado_5074,Entrevistado_5074,MONTERREY,NORTE,Primera mención,OTRAS,10,10,7.8,8
Entrevistado_5075,Entrevistado_5075,GUADALAJARA,BAJIO,Primera mención,OTRAS,8,9,7.8,8
Entrevistado_5076,Entrevistado_5076,CD. OBREGÓN,OCCIDENTE,Primera mención,OTRAS,8.4,10,7.8,7
Entrevistado_5077,Entrevistado_5077,AGUASCALIENTES,BAJIO,Primera mención,OTRAS,10,8,7.8,8
Entrevistado_5078,Entrevistado_5078,GUADALAJARA,BAJIO,Primera mención,OTRAS,8.4,2,5,8
Entrevistado_5079,Entrevistado_5079,CIUDAD DE MÉXICO,CENTRO,Primera mención,OTRAS,2,8,1,9
Entrevistado_5080,Entrevistado_5080,QUERÉTARO,CENTRO,Primera mención,OTRAS,7,8,3,8
Entrevistado_5081,Entrevistado_5081,AGUASCALIENTES,BAJIO,Primera mención,OTRAS,8.4,2,7.8,10
Entrevistado_5082,Entrevistado_5082,MAZATLÁN,OCCIDENTE,Primera mención,OTRAS,8.4,10,8,5
Entrevistado_5083,Entrevistado_5083,MONTERREY,NORTE,Primera mención,OTRAS,10,8,7.8,8
Entrevistado_5084,Entrevistado_5084,CIUDAD DE MÉXICO,CENTRO,Primera mención,OTRAS,8.4,10,7.8,8
Entrevistado_5085,Entrevistado_5085,QUERÉTARO,CENTRO,Primera mención,OTRAS,8.4,5,5,8
Entrevistado_5086,Entrevistado_5086,GUADALAJARA,BAJIO,Primera mención,OTRAS,8.4,8,9,6
Entrevistado_5087,Entrevistado_5087,PUEBLA,CENTRO,Primera mención,OTRAS,2,8,7.8,10
Entrevistado_5088,Entrevistado_5088,AGUASCALIENTES,BAJIO,Primera mención,OTRAS,8.4,8,7.8,6
Entrevistado_5089,Entrevistado_5089,COATZACOALCOS,SUR,Primera mención,OTRAS,2,8,8,8
Entrevistado_5090,Entrevistado_5090,GUADALAJARA,BAJIO,Primera mención,OTRAS,2,3,7.8,8
Entrevistado_5091,Entrevistado_5091,TUXTLA GUTIÉRREZ,SUR,Primera mención,OTRAS,8.4,8,8,8
Entrevistado_5092,Entrevistado_5092,COATZACOALCOS,SUR,Primera mención,OTRAS,10,10,8,8
Entrevistado_5093,Entrevistado_5093,GUADALAJARA,BAJIO,Primera mención,OTRAS,1,7,9,10
Entrevistado_5094,Entrevistado_5094,GUADALAJARA,BAJIO,Primera mención,OTRAS,10,5,7.8,8
Entrevistado_5095,Entrevistado_5095,GUADALAJARA,BAJIO,Primera mención,OTRAS,5,8,7,3
Entrevistado_5096,Entrevistado_5096,MONTERREY,NORTE,Primera mención,ITESM,7,6,7,8
Entrevistado_5097,Entrevistado_5097,TUXTLA GUTIÉRREZ,SUR,Primera mención,OTRAS,10,4,7.8,8
Entrevistado_5098,Entrevistado_5098,LOS CABOS,OCCIDENTE,Primera mención,OTRAS,8.4,8,10,8
Entrevistado_5099,Entrevistado_5099,MORELIA,BAJIO,Primera mención,OTRAS,9,8,8,10
Entrevistado_5100,Entrevistado_5100,AGUASCALIENTES,BAJIO,Primera mención,OTRAS,6,9,3,9
Entrevistado_5101,Entrevistado_5101,MORELIA,BAJIO,Primera mención,OTRAS,10,7,7.8,9
Entrevistado_5102,Entrevistado_5102,TIJUANA,OCCIDENTE,Primera mención,OTRAS,8.4,8,7.8,8
Entrevistado_5103,Entrevistado_5103,MORELIA,BAJIO,Primera mención,OTRAS,6,2,7.8,7
Entrevistado_5104,Entrevistado_5104,TIJUANA,OCCIDENTE,Primera mención,OTRAS,8,6,7.8,8
Entrevistado_5105,Entrevistado_5105,MORELIA,BAJIO,Primera mención,OTRAS,7,8,7.8,9
Entrevistado_5106,Entrevistado_5106,GUADALAJARA,BAJIO,Primera mención,OTRAS,9,4,7.8,8
Entrevistado_5107,Entrevistado_5107,VILLAHERMOSA,SUR,Primera mención,UVM,8.4,8,9,10
Entrevistado_5108,Entrevistado_5108,GUADALAJARA,BAJIO,Primera mención,OTRAS,8.4,6,9,2
Entrevistado_5109,Entrevistado_5109,GUADALAJARA,BAJIO,Primera mención,OTRAS,7,1,7.8,5
Entrevistado_5110,Entrevistado_5110,LA PAZ,OCCIDENTE,Primera mención,OTRAS,10,8,5,10
Entrevistado_5111,Entrevistado_5111,HERMOSILLO,OCCIDENTE,Primera mención,ITESM,8.4,8,7.8,9
Entrevistado_5112,Entrevistado_5112,CIUDAD DE MÉXICO,CENTRO,Primera mención,OTRAS,8,8,9,8
Entrevistado_5113,Entrevistado_5113,TUXTLA GUTIÉRREZ,SUR,Primera mención,OTRAS,8.4,8,8,8
Entrevistado_5114,Entrevistado_5114,TIJUANA,OCCIDENTE,Primera mención,OTRAS,7,8,5,8
Entrevistado_5115,Entrevistado_5115,MORELIA,BAJIO,Primera mención,OTRAS,8.4,10,7.8,8
Entrevistado_5116,Entrevistado_5116,GUADALAJARA,BAJIO,Primera mención,OTRAS,8.4,10,10,9
Entrevistado_5117,Entrevistado_5117,MORELIA,BAJIO,Primera mención,OTRAS,7,8,7.8,5
Entrevistado_5118,Entrevistado_5118,GUADALAJARA,BAJIO,Primera mención,OTRAS,8.4,10,7.8,8
Entrevistado_5119,Entrevistado_5119,MORELIA,BAJIO,Primera mención,OTRAS,8.4,8,7.8,2
Entrevistado_5120,Entrevistado_5120,CIUDAD DE MÉXICO,CENTRO,Primera mención,OTRAS,10,8,7.8,7
Entrevistado_5121,Entrevistado_5121,QUERÉTARO,CENTRO,Primera mención,OTRAS,5,10,7.8,5
Entrevistado_5122,Entrevistado_5122,GUADALAJARA,BAJIO,Primera mención,OTRAS,8.4,4,7.8,8
Entrevistado_5123,Entrevistado_5123,GUADALAJARA,BAJIO,Primera mención,OTRAS,8.4,8,6,8
Entrevistado_5124,Entrevistado_5124,VILLAHERMOSA,SUR,Primera mención,UVM,10,6,7.8,8
Entrevistado_5125,Entrevistado_5125,TUXTLA GUTIÉRREZ,SUR,Primera mención,OTRAS,10,8,10,7
Entrevistado_5126,Entrevistado_5126,CIUDAD DE MÉXICO,CENTRO,Primera mención,OTRAS,5,8,10,10
Entrevistado_5127,Entrevistado_5127,GUADALAJARA,BAJIO,Primera mención,OTRAS,9,8,7.8,6
Entrevistado_5128,Entrevistado_5128,LA PAZ,OCCIDENTE,Primera mención,OTRAS,10,7,7.8,8
Entrevistado_5129,Entrevistado_5129,MORELIA,BAJIO,Primera mención,OTRAS,1,6,7.8,10
Entrevistado_5130,Entrevistado_5130,CULIACÁN,OCCIDENTE,Primera mención,OTRAS,8,8,10,7
Entrevistado_5131,Entrevistado_5131,LOS CABOS,OCCIDENTE,Primera mención,OTRAS,8,8,9,8
Entrevistado_5132,Entrevistado_5132,MONTERREY,NORTE,Primera mención,ITESM,8.4,2,8,8
Entrevistado_5133,Entrevistado_5133,TEPIC,OCCIDENTE,Primera mención,OTRAS,8,8,8,8
Entrevistado_5134,Entrevistado_5134,HERMOSILLO,OCCIDENTE,Primera mención,OTRAS,9,8,7,8
Entrevistado_5135,Entrevistado_5135,GUADALAJARA,BAJIO,Primera mención,OTRAS,9,8,7.8,8
Entrevistado_5136,Entrevistado_5136,GUADALAJARA,BAJIO,Primera mención,OTRAS,10,8,7.8,8
Entrevistado_5137,Entrevistado_5137,HERMOSILLO,OCCIDENTE,Primera mención,OTRAS,8,8,9,8
Entrevistado_5138,Entrevistado_5138,GUADALAJARA,BAJIO,Primera mención,OTRAS,5,5,7.8,9
Entrevistado_5139,Entrevistado_5139,LEÓN,BAJIO,Primera mención,OTRAS,10,8,9,10
Entrevistado_5140,Entrevistado_5140,MORELIA,BAJIO,Primera mención,OTRAS,3,6,7.8,8
Entrevistado_5141,Entrevistado_5141,AGUASCALIENTES,BAJIO,Primera mención,OTRAS,8.4,8,9,8
Entrevistado_5142,Entrevistado_5142,TUXTLA GUTIÉRREZ,SUR,Primera mención,OTRAS,9,6,7.8,8
Entrevistado_5143,Entrevistado_5143,CIUDAD DE MÉXICO,CENTRO,Primera mención,OTRAS,8.4,8,9,10
Entrevistado_5144,Entrevistado_5144,COATZACOALCOS,SUR,Primera mención,OTRAS,8.4,10,7.8,10
Entrevistado_5145,Entrevistado_5145,TUXTLA GUTIÉRREZ,SUR,Primera mención,OTRAS,8.4,8,7.8,4
Entrevistado_5146,Entrevistado_5146,GUADALAJARA,BAJIO,Primera mención,ITESM,10,8,7.8,8
Entrevistado_5147,Entrevistado_5147,VILLAHERMOSA,SUR,Primera mención,OTRAS,10,8,7.8,3
Entrevistado_5148,Entrevistado_5148,MONTERREY,NORTE,Primera mención,OTRAS,9,3,7.8,8
Entrevistado_5149,Entrevistado_5149,GUADALAJARA,BAJIO,Primera mención,OTRAS,9,8,3,8
Entrevistado_5150,Entrevistado_5150,CIUDAD DE MÉXICO,CENTRO,Primera mención,OTRAS,8.4,8,8,4
Entrevistado_5151,Entrevistado_5151,CULIACÁN,OCCIDENTE,Primera mención,OTRAS,8.4,4,7.8,6
Entrevistado_5152,Entrevistado_5152,GUADALAJARA,BAJIO,Primera mención,OTRAS,8,1,7.8,8
Entrevistado_5153,Entrevistado_5153,GUADALAJARA,BAJIO,Primera mención,OTRAS,8.4,4,7.8,5
Entrevistado_5154,Entrevistado_5154,HERMOSILLO,OCCIDENTE,Primera mención,OTRAS,1,1,7.8,8
Entrevistado_5155,Entrevistado_5155,CULIACÁN,OCCIDENTE,Primera mención,OTRAS,4,10,3,8
Entrevistado_5156,Entrevistado_5156,CANCÚN,SUR,Primera mención,OTRAS,4,8,7.8,8
Entrevistado_5157,Entrevistado_5157,COATZACOALCOS,SUR,Primera mención,OTRAS,6,8,8,6
Entrevistado_5158,Entrevistado_5158,CD. OBREGÓN,OCCIDENTE,Primera mención,OTRAS,7,8,10,8
Entrevistado_5159,Entrevistado_5159,HERMOSILLO,OCCIDENTE,Primera mención,OTRAS,8,8,7.8,8
Entrevistado_5160,Entrevistado_5160,TUXTLA GUTIÉRREZ,SUR,Primera mención,OTRAS,8.4,8,1,8
Entrevistado_5161,Entrevistado_5161,CULIACÁN,OCCIDENTE,Primera mención,ITESM,8.4,6,7.8,8
Entrevistado_5162,Entrevistado_5162,GUADALAJARA,BAJIO,Primera mención,OTRAS,1,8,7.8,7
Entrevistado_5163,Entrevistado_5163,TUXTLA GUTIÉRREZ,SUR,Primera mención,OTRAS,4,8,7.8,8
Entrevistado_5164,Entrevistado_5164,GUADALAJARA,BAJIO,Primera mención,OTRAS,8.4,1,8,1
Entrevistado_5165,Entrevistado_5165,LOS CABOS,OCCIDENTE,Primera mención,OTRAS,2,6,8,4
Entrevistado_5166,Entrevistado_5166,MORELIA,BAJIO,Primera mención,OTRAS,3,9,7.8,8
Entrevistado_5167,Entrevistado_5167,ZAMORA,BAJIO,Primera mención,OTRAS,8.4,8,7.8,6
Entrevistado_5168,Entrevistado_5168,MONTERREY,NORTE,Primera mención,ITESM,8,8,7.8,5
Entrevistado_5169,Entrevistado_5169,GUADALAJARA,BAJIO,Primera mención,OTRAS,1,9,7.8,9
Entrevistado_5170,Entrevistado_5170,CIUDAD DE MÉXICO,CENTRO,Primera mención,OTRAS,4,10,7.8,8
Entrevistado_5171,Entrevistado_5171,MEXICALI,OCCIDENTE,Primera mención,OTRAS,10,10,10,8
Entrevistado_5172,Entrevistado_5172,CIUDAD DE MÉXICO,CENTRO,Primera mención,OTRAS,5,8,7.8,8
Entrevistado_5173,Entrevistado_5173,MONTERREY,NORTE,Primera mención,ITESM,8.4,8,2,9
Entrevistado_5174,Entrevistado_5174,CULIACÁN,OCCIDENTE,Primera mención,OTRAS,8.4,1,7.8,7
Entrevistado_5175,Entrevistado_5175,QUERÉTARO,CENTRO,Primera mención,UVM,8.4,6,7.8,7
Entrevistado_5176,Entrevistado_5176,GUADALAJARA,BAJIO,Primera mención,OTRAS,5,8,7.8,8
Entrevistado_5177,Entrevistado_5177,MEXICALI,OCCIDENTE,Primera mención,OTRAS,5,8,7.8,8
Entrevistado_5178,Entrevistado_5178,CULIACÁN,OCCIDENTE,Primera mención,OTRAS,8,10,7.8,3
Entrevistado_5179,Entrevistado_5179,QUERÉTARO,CENTRO,Primera mención,ITESM,8.4,7,7.8,6
Entrevistado_5180,Entrevistado_5180,PUEBLA,CENTRO,Primera mención,OTRAS,2,9,7.8,8
Entrevistado_5181,Entrevistado_5181,TEPIC,OCCIDENTE,Primera mención,OTRAS,8.4,8,7.8,10
Entrevistado_5182,Entrevistado_5182,GUADALAJARA,BAJIO,Primera mención,UVM,9,8,8,8
Entrevistado_5183,Entrevistado_5183,TIJUANA,OCCIDENTE,Primera mención,OTRAS,6,8,7.8,8
Entrevistado_5184,Entrevistado_5184,MORELIA,BAJIO,Primera mención,OTRAS,6,7,7.8,5
Entrevistado_5185,Entrevistado_5185,TEPIC,OCCIDENTE,Primera mención,OTRAS,8.4,8,7.8,1
Entrevistado_5186,Entrevistado_5186,MEXICALI,OCCIDENTE,Primera mención,OTRAS,8.4,10,7.8,8
Entrevistado_5187,Entrevistado_5187,GUADALAJARA,BAJIO,Primera mención,OTRAS,10,4,7.8,8
Entrevistado_5188,Entrevistado_5188,MORELIA,BAJIO,Primera mención,OTRAS,8.4,1,9,4
Entrevistado_5189,Entrevistado_5189,CIUDAD DE MÉXICO,CENTRO,Primera mención,OTRAS,9,8,1,8
Entrevistado_5190,Entrevistado_5190,GUADALAJARA,BAJIO,Primera mención,OTRAS,6,7,8,8
Entrevistado_5191,Entrevistado_5191,GUADALAJARA,BAJIO,Primera mención,OTRAS,1,9,8,8
Entrevistado_5192,Entrevistado_5192,AGUASCALIENTES,BAJIO,Primera mención,OTRAS,10,10,7.8,6
Entrevistado_5193,Entrevistado_5193,GUADALAJARA,BAJIO,Primera mención,OTRAS,7,4,7.8,8
Entrevistado_5194,Entrevistado_5194,ZAMORA,BAJIO,Primera mención,OTRAS,8.4,10,7.8,8
Entrevistado_5195,Entrevistado_5195,CULIACÁN,OCCIDENTE,Primera mención,ITESM,2,8,7.8,4
Entrevistado_5196,Entrevistado_5196,GUADALAJARA,BAJIO,Primera mención,OTRAS,8.4,9,10,8
Entrevistado_5197,Entrevistado_5197,CULIACÁN,OCCIDENTE,Primera mención,OTRAS,8.4,9,7.8,10
Entrevistado_5198,Entrevistado_5198,TEPIC,OCCIDENTE,Primera mención,OTRAS,8,10,4,8
Entrevistado_5199,Entrevistado_5199,LA PAZ,OCCIDENTE,Primera mención,OTRAS,7,10,6,8
Entrevistado_5200,Entrevistado_5200,GUADALAJARA,BAJIO,Primera mención,UVM,10,10,7.8,10
Entrevistado_5201,Entrevistado_5201,AGUASCALIENTES,BAJIO,Primera mención,ITESM,8.4,10,7,1
Entrevistado_5202,Entrevistado_5202,GUADALAJARA,BAJIO,Primera mención,OTRAS,8.4,6,7.8,5
Entrevistado_5203,Entrevistado_5203,ZAMORA,BAJIO,Primera mención,OTRAS,10,8,9,6
Entrevistado_5204,Entrevistado_5204,GUADALAJARA,BAJIO,Primera mención,OTRAS,3,8,10,8
Entrevistado_5205,Entrevistado_5205,VILLAHERMOSA,SUR,Primera mención,UVM,10,8,2,4
Entrevistado_5206,Entrevistado_5206,LA PAZ,OCCIDENTE,Primera mención,OTRAS,10,10,7.8,8
Entrevistado_5207,Entrevistado_5207,MONTERREY,NORTE,Primera mención,OTRAS,10,8,9,8
Entrevistado_5208,Entrevistado_5208,QUERÉTARO,CENTRO,Primera mención,ANÁHUAC,8.4,8,7.8,8
Entrevistado_5209,Entrevistado_5209,GUADALAJARA,BAJIO,Primera mención,OTRAS,9,8,7.8,10
Entrevistado_5210,Entrevistado_5210,VILLAHERMOSA,SUR,Primera mención,OTRAS,8.4,8,7.8,7
Entrevistado_5211,Entrevistado_5211,LEÓN,BAJIO,Primera mención,OTRAS,1,10,7.8,8
Entrevistado_5212,Entrevistado_5212,TUXTLA GUTIÉRREZ,SUR,Primera mención,OTRAS,8.4,2,7.8,8
Entrevistado_5213,Entrevistado_5213,LEÓN,BAJIO,Primera mención,OTRAS,8.4,2,7.8,8
Entrevistado_5214,Entrevistado_5214,GUADALAJARA,BAJIO,Primera mención,OTRAS,8.4,8,7.8,6
Entrevistado_5215,Entrevistado_5215,MORELIA,BAJIO,Primera mención,OTRAS,8.4,8,3,10
Entrevistado_5216,Entrevistado_5216,HERMOSILLO,OCCIDENTE,Primera mención,OTRAS,8.4,7,7.8,8
Entrevistado_5217,Entrevistado_5217,GUADALAJARA,BAJIO,Primera mención,OTRAS,6,3,7.8,4
Entrevistado_5218,Entrevistado_5218,GUADALAJARA,BAJIO,Primera mención,OTRAS,9,5,7.8,1
Entrevistado_5219,Entrevistado_5219,IRAPUATO,BAJIO,Primera mención,OTRAS,5,8,8,8
Entrevistado_5220,Entrevistado_5220,COATZACOALCOS,SUR,Primera mención,OTRAS,8.4,8,9,8
Entrevistado_5221,Entrevistado_5221,HERMOSILLO,OCCIDENTE,Primera mención,UVM,5,9,8,8
Entrevistado_5222,Entrevistado_5222,HERMOSILLO,OCCIDENTE,Primera mención,OTRAS,2,8,5,8
Entrevistado_5223,Entrevistado_5223,IRAPUATO,BAJIO,Primera mención,OTRAS,9,10,10,2
Entrevistado_5224,Entrevistado_5224,CULIACÁN,OCCIDENTE,Primera mención,OTRAS,8.4,8,5,8
Entrevistado_5225,Entrevistado_5225,MORELIA,BAJIO,Primera mención,OTRAS,8.4,8,6,8
Entrevistado_5226,Entrevistado_5226,GUADALAJARA,BAJIO,Primera mención,OTRAS,8.4,4,10,9
Entrevistado_5227,Entrevistado_5227,VILLAHERMOSA,SUR,Primera mención,UVM,9,8,1,10
Entrevistado_5228,Entrevistado_5228,MEXICALI,OCCIDENTE,Primera mención,OTRAS,7,8,7.8,8
Entrevistado_5229,Entrevistado_5229,LEÓN,BAJIO,Primera mención,OTRAS,10,8,8,3
Entrevistado_5230,Entrevistado_5230,GUADALAJARA,BAJIO,Primera mención,OTRAS,5,8,6,2
Entrevistado_5231,Entrevistado_5231,VILLAHERMOSA,SUR,Primera mención,OTRAS,8.4,10,7.8,1
Entrevistado_5232,Entrevistado_5232,TIJUANA,OCCIDENTE,Primera mención,OTRAS,10,7,4,8
Entrevistado_5233,Entrevistado_5233,VILLAHERMOSA,SUR,Primera mención,OTRAS,8.4,8,10,2
Entrevistado_5234,Entrevistado_5234,CIUDAD DE MÉXICO,CENTRO,Primera mención,UVM,9,8,7.8,5
Entrevistado_5235,Entrevistado_5235,LEÓN,BAJIO,Primera mención,ITESM,1,7,10,8
Entrevistado_5236,Entrevistado_5236,TUXTLA GUTIÉRREZ,SUR,Primera mención,OTRAS,8.4,8,1,8
Entrevistado_5237,Entrevistado_5237,CULIACÁN,OCCIDENTE,Primera mención,OTRAS,8.4,6,8,6
Entrevistado_5238,Entrevistado_5238,TEPIC,OCCIDENTE,Primera mención,OTRAS,8.4,9,7.8,8
Entrevistado_5239,Entrevistado_5239,CULIACÁN,OCCIDENTE,Primera mención,OTRAS,8.4,8,7.8,8
Entrevistado_5240,Entrevistado_5240,HERMOSILLO,OCCIDENTE,Primera mención,OTRAS,10,10,4,8
Entrevistado_5241,Entrevistado_5241,QUERÉTARO,CENTRO,Primera mención,UVM,8.4,6,10,8
Entrevistado_5242,Entrevistado_5242,COATZACOALCOS,SUR,Primera mención,OTRAS,7,10,7.8,10
Entrevistado_5243,Entrevistado_5243,HERMOSILLO,OCCIDENTE,Primera mención,UVM,10,8,9,8
Entrevistado_5244,Entrevistado_5244,COATZACOALCOS,SUR,Primera mención,OTRAS,8.4,8,7.8,3
Entrevistado_5245,Entrevistado_5245,VILLAHERMOSA,SUR,Primera mención,OTRAS,8.4,8,4,8
Entrevistado_5246,Entrevistado_5246,MORELIA,BAJIO,Primera mención,OTRAS,10,7,4,8
Entrevistado_5247,Entrevistado_5247,GUADALAJARA,BAJIO,Primera mención,OTRAS,8.4,8,7.8,8
Entrevistado_5248,Entrevistado_5248,MORELIA,BAJIO,Primera mención,OTRAS,1,8,7.8,10
Entrevistado_5249,Entrevistado_5249,MONTERREY,NORTE,Primera mención,ITESM,8,10,3,10
Entrevistado_5250,Entrevistado_5250,TEPIC,OCCIDENTE,Primera mención,OTRAS,8.4,10,7.8,8
Entrevistado_5251,Entrevistado_5251,CULIACÁN,OCCIDENTE,Primera mención,OTRAS,8.4,10,7.8,8
Entrevistado_5252,Entrevistado_5252,GUADALAJARA,BAJIO,Primera mención,OTRAS,7,8,7.8,5
Entrevistado_5253,Entrevistado_5253,QUERÉTARO,CENTRO,Primera mención,ITESM,8.4,10,7.8,8
Entrevistado_5254,Entrevistado_5254,GUADALAJARA,BAJIO,Primera mención,OTRAS,9,8,7.8,8
Entrevistado_5255,Entrevistado_5255,MONTERREY,NORTE,Primera mención,ITESM,8.4,10,7.8,8
Entrevistado_5256,Entrevistado_5256,CULIACÁN,OCCIDENTE,Primera mención,OTRAS,8,8,9,8
Entrevistado_5257,Entrevistado_5257,GUADALAJARA,BAJIO,Primera mención,OTRAS,8.4,3,3,8
Entrevistado_5258,Entrevistado_5258,TEPIC,OCCIDENTE,Primera mención,OTRAS,8.4,3,9,8
Entrevistado_5259,Entrevistado_5259,MEXICALI,OCCIDENTE,Primera mención,OTRAS,8.4,8,7.8,10
Entrevistado_5260,Entrevistado_5260,VILLAHERMOSA,SUR,Primera mención,OTRAS,8.4,8,7,8
Entrevistado_5261,Entrevistado_5261,GUADALAJARA,BAJIO,Primera mención,OTRAS,8.4,8,10,6
Entrevistado_5262,Entrevistado_5262,CÓRDOBA,ORIENTE,Primera mención,ITESM,8.4,8,4,8
Entrevistado_5263,Entrevistado_5263,VILLAHERMOSA,SUR,Primera mención,UVM,8.4,10,7.8,6
Entrevistado_5264,Entrevistado_5264,GUADALAJARA,BAJIO,Primera mención,OTRAS,8.4,10,10,9
Entrevistado_5265,Entrevistado_5265,GUADALAJARA,BAJIO,Primera mención,ITESM,10,1,7.8,4
Entrevistado_5266,Entrevistado_5266,GUADALAJARA,BAJIO,Primera mención,OTRAS,10,5,8,8
Entrevistado_5267,Entrevistado_5267,TUXTLA GUTIÉRREZ,SUR,Primera mención,OTRAS,2,5,7.8,9
Entrevistado_5268,Entrevistado_5268,GUADALAJARA,BAJIO,Primera mención,OTRAS,8.4,6,7,8
Entrevistado_5269,Entrevistado_5269,MÉRIDA,SUR,Primera mención,OTRAS,1,8,7.8,8
Entrevistado_5270,Entrevistado_5270,CIUDAD DE MÉXICO,CENTRO,Primera mención,OTRAS,7,8,5,5
Entrevistado_5271,Entrevistado_5271,GUADALAJARA,BAJIO,Primera mención,OTRAS,8.4,8,8,8
Entrevistado_5272,Entrevistado_5272,ZAMORA,BAJIO,Primera mención,OTRAS,4,4,8,5
Entrevistado_5273,Entrevistado_5273,GUADALAJARA,BAJIO,Primera mención,OTRAS,8.4,9,7.8,6
Entrevistado_5274,Entrevistado_5274,TEPIC,OCCIDENTE,Primera mención,OTRAS,8,8,7.8,4
Entrevistado_5275,Entrevistado_5275,LA PAZ,OCCIDENTE,Primera mención,OTRAS,9,4,7,7
Entrevistado_5276,Entrevistado_5276,SINALOA,OCCIDENTE,Primera mención,OTRAS,8.4,8,3,8
Entrevistado_5277,Entrevistado_5277,PUEBLA,CENTRO,Primera mención,OTRAS,8.4,4,7.8,1
Entrevistado_5278,Entrevistado_5278,GUADALAJARA,BAJIO,Primera mención,OTRAS,8,8,5,8
Entrevistado_5279,Entrevistado_5279,GUADALAJARA,BAJIO,Primera mención,OTRAS,10,8,7.8,8
Entrevistado_5280,Entrevistado_5280,TUXTLA GUTIÉRREZ,SUR,Primera mención,UVM,8,8,7,5
Entrevistado_5281,Entrevistado_5281,TUXTLA GUTIÉRREZ,SUR,Primera mención,OTRAS,7,8,7,8
Entrevistado_5282,Entrevistado_5282,CULIACÁN,OCCIDENTE,Primera mención,OTRAS,8.4,3,9,8
Entrevistado_5283,Entrevistado_5283,VILLAHERMOSA,SUR,Primera mención,OTRAS,10,9,7.8,3
Entrevistado_5284,Entrevistado_5284,MAZATLÁN,OCCIDENTE,Primera mención,OTRAS,7,8,7.8,8
Entrevistado_5285,Entrevistado_5285,TEPIC,OCCIDENTE,Primera mención,OTRAS,8.4,10,2,8
Entrevistado_5286,Entrevistado_5286,GUADALAJARA,BAJIO,Primera mención,ITESM,8.4,5,7.8,8
Entrevistado_5287,Entrevistado_5287,TEPIC,OCCIDENTE,Primera mención,OTRAS,7,8,5,8
Entrevistado_5288,Entrevistado_5288,QUERÉTARO,CENTRO,Primera mención,UVM,8.4,5,8,8
Entrevistado_5289,Entrevistado_5289,AGUASCALIENTES,BAJIO,Primera mención,OTRAS,2,10,10,8
Entrevistado_5290,Entrevistado_5290,MORELIA,BAJIO,Primera mención,OTRAS,8.4,8,10,8
Entrevistado_5291,Entrevistado_5291,VILLAHERMOSA,SUR,Primera mención,OTRAS,7,5,7.8,10
Entrevistado_5292,Entrevistado_5292,MORELIA,BAJIO,Primera mención,OTRAS,8.4,10,7.8,1
Entrevistado_5293,Entrevistado_5293,COATZACOALCOS,SUR,Primera mención,OTRAS,2,9,7.8,8
Entrevistado_5294,Entrevistado_5294,XALAPA,ORIENTE,Primera mención,OTRAS,1,9,9,8
Entrevistado_5295,Entrevistado_5295,TEPIC,OCCIDENTE,Primera mención,OTRAS,8.4,6,10,8
Entrevistado_5296,Entrevistado_5296,ZAMORA,BAJIO,Primera mención,OTRAS,5,6,7.8,8
Entrevistado_5297,Entrevistado_5297,MORELIA,BAJIO,Primera mención,OTRAS,8.4,10,10,10
Entrevistado_5298,Entrevistado_5298,CD. OBREGÓN,OCCIDENTE,Primera mención,OTRAS,8.4,8,6,10
Entrevistado_5299,Entrevistado_5299,MONTERREY,NORTE,Primera mención,ITESM,8.4,9,7.8,6
Entrevistado_5300,Entrevistado_5300,PUEBLA,CENTRO,Primera mención,OTRAS,9,9,6,7
Entrevistado_5301,Entrevistado_5301,CIUDAD DE MÉXICO,CENTRO,Primera mención,OTRAS,10,5,7,7
Entrevistado_5302,Entrevistado_5302,COATZACOALCOS,SUR,Primera mención,OTRAS,8.4,10,9,8
Entrevistado_5303,Entrevistado_5303,CIUDAD DE MÉXICO,CENTRO,Primera mención,OTRAS,6,8,10,8
Entrevistado_5304,Entrevistado_5304,VILLAHERMOSA,SUR,Primera mención,OTRAS,8.4,10,10,8
Entrevistado_5305,Entrevistado_5305,VILLAHERMOSA,SUR,Primera mención,UVM,10,8,5,1
Entrevistado_5306,Entrevistado_5306,GUADALAJARA,BAJIO,Primera mención,UVM,6,8,7.8,1
Entrevistado_5307,Entrevistado_5307,TUXTLA GUTIÉRREZ,SUR,Primera mención,OTRAS,9,6,7,8
Entrevistado_5308,Entrevistado_5308,GUADALAJARA,BAJIO,Primera mención,OTRAS,6,8,7.8,10
Entrevistado_5309,Entrevistado_5309,TUXTLA GUTIÉRREZ,SUR,Primera mención,OTRAS,9,10,1,8
Entrevistado_5310,Entrevistado_5310,CULIACÁN,OCCIDENTE,Primera mención,OTRAS,1,8,7.8,10
Entrevistado_5311,Entrevistado_5311,AGUASCALIENTES,BAJIO,Primera mención,OTRAS,8.4,7,7.8,8
Entrevistado_5312,Entrevistado_5312,MEXICALI,OCCIDENTE,Primera mención,OTRAS,9,8,7.8,8
Entrevistado_5313,Entrevistado_5313,CIUDAD DE MÉXICO,CENTRO,Primera mención,OTRAS,9,8,7.8,8
Entrevistado_5314,Entrevistado_5314,QUERÉTARO,CENTRO,Primera mención,ITESM,8.4,8,7.8,8
Entrevistado_5315,Entrevistado_5315,VILLAHERMOSA,SUR,Primera mención,OTRAS,8.4,10,7.8,6
Entrevistado_5316,Entrevistado_5316,GUADALAJARA,BAJIO,Primera mención,OTRAS,8.4,6,8,8
Entrevistado_5317,Entrevistado_5317,COATZACOALCOS,SUR,Primera mención,OTRAS,10,9,5,8
Entrevistado_5318,Entrevistado_5318,MORELIA,BAJIO,Primera mención,OTRAS,8.4,10,7.8,1
Entrevistado_5319,Entrevistado_5319,LA PAZ,OCCIDENTE,Primera mención,OTRAS,8,10,7.8,4
Entrevistado_5320,Entrevistado_5320,MORELIA,BAJIO,Primera mención,OTRAS,8.4,10,8,8
Entrevistado_5321,Entrevistado_5321,CULIACÁN,OCCIDENTE,Primera mención,OTRAS,6,10,9,8
Entrevistado_5322,Entrevistado_5322,VILLAHERMOSA,SUR,Primera mención,OTRAS,8.4,10,5,10
Entrevistado_5323,Entrevistado_5323,COATZACOALCOS,SUR,Primera mención,OTRAS,5,8,7.8,10
Entrevistado_5324,Entrevistado_5324,CIUDAD DE MÉXICO,CENTRO,Primera mención,UVM,8.4,8,10,7
Entrevistado_5325,Entrevistado_5325,CULIACÁN,OCCIDENTE,Primera mención,OTRAS,9,8,10,8
Entrevistado_5326,Entrevistado_5326,QUERÉTARO,CENTRO,Primera mención,ITESM,10,8,7.8,7
Entrevistado_5327,Entrevistado_5327,HERMOSILLO,OCCIDENTE,Primera mención,ITESM,4,10,7.8,10
Entrevistado_5328,Entrevistado_5328,MORELIA,BAJIO,Primera mención,OTRAS,8.4,7,7.8,8
Entrevistado_5329,Entrevistado_5329,COATZACOALCOS,SUR,Primera mención,OTRAS,8.4,8,7.8,8
Entrevistado_5330,Entrevistado_5330,ZAMORA,BAJIO,Primera mención,OTRAS,6,8,1,8
Entrevistado_5331,Entrevistado_5331,AGUASCALIENTES,BAJIO,Primera mención,OTRAS,7,8,9,3
Entrevistado_5332,Entrevistado_5332,IRAPUATO,BAJIO,Primera mención,OTRAS,8.4,1,1,8
Entrevistado_5333,Entrevistado_5333,COATZACOALCOS,SUR,Primera mención,OTRAS,8.4,8,10,8
Entrevistado_5334,Entrevistado_5334,GUADALAJARA,BAJIO,Primera mención,OTRAS,8.4,8,7.8,8
Entrevistado_5335,Entrevistado_5335,TEPIC,OCCIDENTE,Primera mención,OTRAS,8.4,7,1,7
Entrevistado_5336,Entrevistado_5336,HERMOSILLO,OCCIDENTE,Primera mención,ITESM,7,5,7.8,8
Entrevistado_5337,Entrevistado_5337,LEÓN,BAJIO,Primera mención,OTRAS,10,8,7.8,6
Entrevistado_5338,Entrevistado_5338,CULIACÁN,OCCIDENTE,Primera mención,OTRAS,8.4,4,7.8,10
Entrevistado_5339,Entrevistado_5339,IRAPUATO,BAJIO,Primera mención,OTRAS,8.4,9,1,9
Entrevistado_5340,Entrevistado_5340,GUADALAJARA,BAJIO,Primera mención,OTRAS,2,5,7.8,9
Entrevistado_5341,Entrevistado_5341,PUEBLA,CENTRO,Primera mención,OTRAS,1,9,4,8
Entrevistado_5342,Entrevistado_5342,COATZACOALCOS,SUR,Primera mención,OTRAS,5,10,6,2
Entrevistado_5343,Entrevistado_5343,CIUDAD DE MÉXICO,CENTRO,Primera mención,OTRAS,10,10,1,10
Entrevistado_5344,Entrevistado_5344,GUADALAJARA,BAJIO,Primera mención,ITESM,10,5,7.8,8
Entrevistado_5345,Entrevistado_5345,GUADALAJARA,BAJIO,Primera mención,OTRAS,10,10,7,8
Entrevistado_5346,Entrevistado_5346,VILLAHERMOSA,SUR,Primera mención,OTRAS,10,8,6,6
Entrevistado_5347,Entrevistado_5347,VILLAHERMOSA,SUR,Primera mención,OTRAS,6,1,6,8
Entrevistado_5348,Entrevistado_5348,TUXTLA GUTIÉRREZ,SUR,Primera mención,OTRAS,8.4,8,8,8
Entrevistado_5349,Entrevistado_5349,MORELIA,BAJIO,Primera mención,OTRAS,8.4,10,7.8,8
Entrevistado_5350,Entrevistado_5350,GUADALAJARA,BAJIO,Primera mención,OTRAS,9,8,7,7
Entrevistado_5351,Entrevistado_5351,LEÓN,BAJIO,Primera mención,OTRAS,8.4,8,9,8
Entrevistado_5352,Entrevistado_5352,ZAMORA,BAJIO,Primera mención,OTRAS,8.4,5,7.8,10
Entrevistado_5353,Entrevistado_5353,IRAPUATO,BAJIO,Primera mención,OTRAS,10,8,7.8,8
Entrevistado_5354,Entrevistado_5354,LEÓN,BAJIO,Primera mención,OTRAS,10,8,10,8
Entrevistado_5355,Entrevistado_5355,LEÓN,BAJIO,Primera mención,OTRAS,6,10,10,8
Entrevistado_5356,Entrevistado_5356,LEÓN,BAJIO,Primera mención,OTRAS,3,9,10,8
Entrevistado_5357,Entrevistado_5357,GUADALAJARA,BAJIO,Primera mención,OTRAS,8.4,1,8,8
Entrevistado_5358,Entrevistado_5358,MORELIA,BAJIO,Primera mención,OTRAS,10,8,10,8
Entrevistado_5359,Entrevistado_5359,AGUASCALIENTES,BAJIO,Primera mención,UVM,8.4,10,8,8
Entrevistado_5360,Entrevistado_5360,AGUASCALIENTES,BAJIO,Primera mención,OTRAS,8.4,8,7.8,9
Entrevistado_5361,Entrevistado_5361,TUXTLA GUTIÉRREZ,SUR,Primera mención,UVM,8.4,10,7.8,10
Entrevistado_5362,Entrevistado_5362,GUADALAJARA,BAJIO,Primera mención,OTRAS,7,8,7.8,7
Entrevistado_5363,Entrevistado_5363,MORELIA,BAJIO,Primera mención,OTRAS,10,10,7.8,4
Entrevistado_5364,Entrevistado_5364,HERMOSILLO,OCCIDENTE,Primera mención,OTRAS,10,8,7,10
Entrevistado_5365,Entrevistado_5365,TUXTLA GUTIÉRREZ,SUR,Primera mención,OTRAS,8.4,8,7.8,7
Entrevistado_5366,Entrevistado_5366,MORELIA,BAJIO,Primera mención,OTRAS,8.4,9,6,8
Entrevistado_5367,Entrevistado_5367,PUEBLO NUEVO,ORIENTE,Primera mención,OTRAS,8.4,8,10,8
Entrevistado_5368,Entrevistado_5368,IRAPUATO,BAJIO,Primera mención,OTRAS,8.4,8,10,8
Entrevistado_5369,Entrevistado_5369,TEPIC,OCCIDENTE,Primera mención,OTRAS,3,8,8,8
Entrevistado_5370,Entrevistado_5370,VILLAHERMOSA,SUR,Primera mención,UVM,9,8,7.8,6
Entrevistado_5371,Entrevistado_5371,TEPIC,OCCIDENTE,Primera mención,OTRAS,8,8,7.8,10
Entrevistado_5372,Entrevistado_5372,QUERÉTARO,CENTRO,Primera mención,ANÁHUAC,8.4,8,10,5
Entrevistado_5373,Entrevistado_5373,VILLAHERMOSA,SUR,Primera mención,UVM,8.4,10,10,8
Entrevistado_5374,Entrevistado_5374,GUADALAJARA,BAJIO,Primera mención,OTRAS,10,8,7.8,2
Entrevistado_5375,Entrevistado_5375,GUADALAJARA,BAJIO,Primera mención,OTRAS,7,8,7.8,8
Entrevistado_5376,Entrevistado_5376,TUXTLA GUTIÉRREZ,SUR,Primera mención,OTRAS,10,8,4,7
Entrevistado_5377,Entrevistado_5377,HERMOSILLO,OCCIDENTE,Primera mención,OTRAS,1,4,7.8,8
Entrevistado_5378,Entrevistado_5378,ZAMORA,BAJIO,Primera mención,OTRAS,8.4,10,10,9
Entrevistado_5379,Entrevistado_5379,TIJUANA,OCCIDENTE,Primera mención,OTRAS,8,10,10,8
Entrevistado_5380,Entrevistado_5380,VILLAHERMOSA,SUR,Primera mención,OTRAS,7,8,7,10
Entrevistado_5381,Entrevistado_5381,GUADALAJARA,BAJIO,Primera mención,OTRAS,8.4,10,7.8,7
Entrevistado_5382,Entrevistado_5382,CULIACÁN,OCCIDENTE,Primera mención,OTRAS,7,10,7.8,10
Entrevistado_5383,Entrevistado_5383,CIUDAD DE MÉXICO,CENTRO,Primera mención,OTRAS,8.4,9,9,8
Entrevistado_5384,Entrevistado_5384,TEPIC,OCCIDENTE,Primera mención,OTRAS,8.4,1,7.8,8
Entrevistado_5385,Entrevistado_5385,TIJUANA,OCCIDENTE,Primera mención,OTRAS,10,8,7.8,8
Entrevistado_5386,Entrevistado_5386,TEPIC,OCCIDENTE,Primera mención,OTRAS,8.4,8,7.8,7
Entrevistado_5387,Entrevistado_5387,MORELIA,BAJIO,Primera mención,OTRAS,7,8,7.8,10
Entrevistado_5388,Entrevistado_5388,TUXTLA GUTIÉRREZ,SUR,Primera mención,OTRAS,6,10,7.8,9
Entrevistado_5389,Entrevistado_5389,TUXTLA GUTIÉRREZ,SUR,Primera mención,OTRAS,3,8,6,10
Entrevistado_5390,Entrevistado_5390,GUADALAJARA,BAJIO,Primera mención,OTRAS,7,8,7.8,7
Entrevistado_5391,Entrevistado_5391,TEPIC,OCCIDENTE,Primera mención,OTRAS,10,8,7.8,7
Entrevistado_5392,Entrevistado_5392,CIUDAD DE MÉXICO,CENTRO,Primera mención,OTRAS,8.4,8,9,9
Entrevistado_5393,Entrevistado_5393,TUXTLA GUTIÉRREZ,SUR,Primera mención,OTRAS,8.4,8,5,8
Entrevistado_5394,Entrevistado_5394,MORELIA,BAJIO,Primera mención,OTRAS,10,8,7.8,7
Entrevistado_5395,Entrevistado_5395,GUADALAJARA,BAJIO,Primera mención,ITESM,8.4,5,10,8
Entrevistado_5396,Entrevistado_5396,AGUASCALIENTES,BAJIO,Primera mención,UVM,8.4,8,8,8
Entrevistado_5397,Entrevistado_5397,HERMOSILLO,OCCIDENTE,Primera mención,OTRAS,8.4,8,8,10
Entrevistado_5398,Entrevistado_5398,QUERÉTARO,CENTRO,Primera mención,ITESM,8.4,8,5,5
Entrevistado_5399,Entrevistado_5399,ZAMORA,BAJIO,Primera mención,OTRAS,5,8,10,3
Entrevistado_5400,Entrevistado_5400,VILLAHERMOSA,SUR,Primera mención,OTRAS,5,7,10,10
Entrevistado_5401,Entrevistado_5401,MORELIA,BAJIO,Primera mención,OTRAS,8.4,8,6,10
Entrevistado_5402,Entrevistado_5402,VILLAHERMOSA,SUR,Primera mención,OTRAS,8.4,9,4,8
Entrevistado_5403,Entrevistado_5403,AGUASCALIENTES,BAJIO,Primera mención,OTRAS,1,8,5,9
Entrevistado_5404,Entrevistado_5404,MORELIA,BAJIO,Primera mención,OTRAS,9,8,5,8
Entrevistado_5405,Entrevistado_5405,VILLAHERMOSA,SUR,Primera mención,OTRAS,8.4,9,7.8,8
Entrevistado_5406,Entrevistado_5406,QUERÉTARO,CENTRO,Primera mención,ANÁHUAC,4,8,10,6
Entrevistado_5407,Entrevistado_5407,COATZACOALCOS,SUR,Primera mención,OTRAS,9,8,7.8,7
Entrevistado_5408,Entrevistado_5408,GUADALAJARA,BAJIO,Primera mención,OTRAS,8.4,7,6,5
Entrevistado_5409,Entrevistado_5409,MORELIA,BAJIO,Primera mención,OTRAS,8,8,7.8,5
Entrevistado_5410,Entrevistado_5410,CULIACÁN,OCCIDENTE,Primera mención,OTRAS,9,8,9,10
Entrevistado_5411,Entrevistado_5411,ZAMORA,BAJIO,Primera mención,OTRAS,10,10,7.8,10
Entrevistado_5412,Entrevistado_5412,AGUASCALIENTES,BAJIO,Primera mención,OTRAS,7,8,10,8
Entrevistado_5413,Entrevistado_5413,GUADALAJARA,BAJIO,Primera mención,OTRAS,6,8,2,8
Entrevistado_5414,Entrevistado_5414,GUADALAJARA,BAJIO,Primera mención,UVM,10,10,9,8
Entrevistado_5415,Entrevistado_5415,GUADALAJARA,BAJIO,Primera mención,OTRAS,9,8,7.8,10
Entrevistado_5416,Entrevistado_5416,TEPIC,OCCIDENTE,Primera mención,OTRAS,8,8,2,8
Entrevistado_5417,Entrevistado_5417,MEXICALI,OCCIDENTE,Primera mención,OTRAS,10,8,9,5
Entrevistado_5418,Entrevistado_5418,TEPIC,OCCIDENTE,Primera mención,OTRAS,8,9,7.8,8
Entrevistado_5419,Entrevistado_5419,CULIACÁN,OCCIDENTE,Primera mención,OTRAS,8.4,10,8,10
Entrevistado_5420,Entrevistado_5420,QUERÉTARO,CENTRO,Primera mención,ANÁHUAC,8.4,8,10,8
Entrevistado_5421,Entrevistado_5421,GUADALAJARA,BAJIO,Primera mención,OTRAS,8.4,8,7.8,8
Entrevistado_5422,Entrevistado_5422,MAZATLÁN,OCCIDENTE,Primera mención,OTRAS,8.4,10,7.8,7
Entrevistado_5423,Entrevistado_5423,GUADALAJARA,BAJIO,Primera mención,OTRAS,8.4,8,7.8,9
Entrevistado_5424,Entrevistado_5424,TUXTLA GUTIÉRREZ,SUR,Primera mención,OTRAS,8.4,6,7.8,8
Entrevistado_5425,Entrevistado_5425,LEÓN,BAJIO,Primera mención,OTRAS,8.4,10,7.8,8
Entrevistado_5426,Entrevistado_5426,VILLAHERMOSA,SUR,Primera mención,OTRAS,8.4,10,10,10
Entrevistado_5427,Entrevistado_5427,LEÓN,BAJIO,Primera mención,OTRAS,10,6,7.8,7
Entrevistado_5428,Entrevistado_5428,GUADALAJARA,BAJIO,Primera mención,OTRAS,9,8,7,7
Entrevistado_5429,Entrevistado_5429,GUADALAJARA,BAJIO,Primera mención,OTRAS,8.4,4,8,4
Entrevistado_5430,Entrevistado_5430,MORELIA,BAJIO,Primera mención,OTRAS,9,8,8,3
Entrevistado_5431,Entrevistado_5431,TEPIC,OCCIDENTE,Primera mención,OTRAS,10,10,10,8
Entrevistado_5432,Entrevistado_5432,GUADALAJARA,BAJIO,Primera mención,OTRAS,8.4,8,9,8
Entrevistado_5433,Entrevistado_5433,CD. OBREGÓN,OCCIDENTE,Primera mención,OTRAS,8.4,8,10,6
Entrevistado_5434,Entrevistado_5434,TEPIC,OCCIDENTE,Primera mención,OTRAS,8.4,8,10,9
Entrevistado_5435,Entrevistado_5435,GUADALAJARA,BAJIO,Primera mención,ITESM,8.4,7,7.8,8
Entrevistado_5436,Entrevistado_5436,MAZATLÁN,OCCIDENTE,Primera mención,OTRAS,5,8,7.8,8
Entrevistado_5437,Entrevistado_5437,COATZACOALCOS,SUR,Primera mención,OTRAS,8.4,8,8,8
Entrevistado_5438,Entrevistado_5438,GUADALAJARA,BAJIO,Primera mención,OTRAS,6,9,7.8,6
Entrevistado_5439,Entrevistado_5439,GUADALAJARA,BAJIO,Primera mención,ITESM,3,9,7.8,8
Entrevistado_5440,Entrevistado_5440,MORELIA,BAJIO,Primera mención,OTRAS,8.4,8,7.8,9
Entrevistado_5441,Entrevistado_5441,CIUDAD DE MÉXICO,CENTRO,Primera mención,OTRAS,8.4,9,8,8
Entrevistado_5442,Entrevistado_5442,QUERÉTARO,CENTRO,Primera mención,UVM,7,8,7.8,5
Entrevistado_5443,Entrevistado_5443,VILLAHERMOSA,SUR,Primera mención,OTRAS,8.4,10,9,8
Entrevistado_5444,Entrevistado_5444,AGUASCALIENTES,BAJIO,Primera mención,OTRAS,9,8,9,5
Entrevistado_5445,Entrevistado_5445,GUADALAJARA,BAJIO,Primera mención,OTRAS,10,10,6,8
Entrevistado_5446,Entrevistado_5446,COATZACOALCOS,SUR,Primera mención,OTRAS,8.4,10,7.8,10
Entrevistado_5447,Entrevistado_5447,LA PAZ,OCCIDENTE,Primera mención,OTRAS,1,4,7.8,8
Entrevistado_5448,Entrevistado_5448,HERMOSILLO,OCCIDENTE,Primera mención,ITESM,10,8,7,8
Entrevistado_5449,Entrevistado_5449,HERMOSILLO,OCCIDENTE,Primera mención,OTRAS,7,8,7.8,9
Entrevistado_5450,Entrevistado_5450,VERACRUZ,ORIENTE,Primera mención,OTRAS,7,8,10,8
Entrevistado_5451,Entrevistado_5451,MORELIA,BAJIO,Primera mención,OTRAS,10,8,7.8,8
Entrevistado_5452,Entrevistado_5452,VILLAHERMOSA,SUR,Primera mención,OTRAS,7,8,7.8,10
Entrevistado_5453,Entrevistado_5453,CULIACÁN,OCCIDENTE,Primera mención,OTRAS,8.4,8,7.8,5
Entrevistado_5454,Entrevistado_5454,VILLAHERMOSA,SUR,Primera mención,UVM,8.4,3,9,8
Entrevistado_5455,Entrevistado_5455,TUXTLA GUTIÉRREZ,SUR,Primera mención,ITESM,8.4,10,7.8,8
Entrevistado_5456,Entrevistado_5456,TUXTLA GUTIÉRREZ,SUR,Primera mención,OTRAS,8.4,10,8,8
Entrevistado_5457,Entrevistado_5457,TEPIC,OCCIDENTE,Primera mención,OTRAS,10,8,7.8,8
Entrevistado_5458,Entrevistado_5458,GUADALAJARA,BAJIO,Primera mención,UVM,8.4,10,6,8
Entrevistado_5459,Entrevistado_5459,GUADALAJARA,BAJIO,Primera mención,OTRAS,2,3,6,8
Entrevistado_5460,Entrevistado_5460,LA PAZ,OCCIDENTE,Primera mención,OTRAS,6,8,8,8
Entrevistado_5461,Entrevistado_5461,CIUDAD DE MÉXICO,CENTRO,Primera mención,ITESM,8,6,7.8,6
Entrevistado_5462,Entrevistado_5462,COATZACOALCOS,SUR,Primera mención,OTRAS,8.4,8,7.8,8
Entrevistado_5463,Entrevistado_5463,GUADALAJARA,BAJIO,Primera mención,OTRAS,8.4,8,5,6
Entrevistado_5464,Entrevistado_5464,LEÓN,BAJIO,Primera mención,OTRAS,9,10,7.8,8
Entrevistado_5465,Entrevistado_5465,MONTERREY,NORTE,Primera mención,ITESM,8.4,10,7.8,8
Entrevistado_5466,Entrevistado_5466,TEPIC,OCCIDENTE,Primera mención,OTRAS,8.4,6,7.8,8
Entrevistado_5467,Entrevistado_5467,MORELIA,BAJIO,Primera mención,OTRAS,6,9,7.8,10
Entrevistado_5468,Entrevistado_5468,AGUASCALIENTES,BAJIO,Primera mención,ITESM,7,8,3,10
Entrevistado_5469,Entrevistado_5469,MORELIA,BAJIO,Primera mención,OTRAS,8.4,8,7.8,7
Entrevistado_5470,Entrevistado_5470,COATZACOALCOS,SUR,Primera mención,OTRAS,9,8,10,8
Entrevistado_5471,Entrevistado_5471,TEPIC,OCCIDENTE,Primera mención,OTRAS,10,8,8,4
Entrevistado_5472,Entrevistado_5472,MÉRIDA,SUR,Primera mención,OTRAS,8.4,6,10,4
Entrevistado_5473,Entrevistado_5473,AGUASCALIENTES,BAJIO,Primera mención,OTRAS,10,10,10,8
Entrevistado_5474,Entrevistado_5474,IRAPUATO,BAJIO,Primera mención,OTRAS,6,7,1,9
Entrevistado_5475,Entrevistado_5475,VILLAHERMOSA,SUR,Primera mención,OTRAS,8.4,8,5,8
Entrevistado_5476,Entrevistado_5476,MAZATLÁN,OCCIDENTE,Primera mención,OTRAS,10,8,8,5
Entrevistado_5477,Entrevistado_5477,GUADALAJARA,BAJIO,Primera mención,OTRAS,10,8,7.8,8
Entrevistado_5478,Entrevistado_5478,MONTERREY,NORTE,Primera mención,OTRAS,8,7,7.8,8
Entrevistado_5479,Entrevistado_5479,GUADALAJARA,BAJIO,Primera mención,UVM,8.4,4,7.8,4
Entrevistado_5480,Entrevistado_5480,GUADALAJARA,BAJIO,Primera mención,OTRAS,8,8,7,10
Entrevistado_5481,Entrevistado_5481,COATZACOALCOS,SUR,Primera mención,OTRAS,10,5,7.8,10
Entrevistado_5482,Entrevistado_5482,QUERÉTARO,CENTRO,Primera mención,UVM,6,8,10,8
Entrevistado_5483,Entrevistado_5483,MAZATLÁN,OCCIDENTE,Primera mención,OTRAS,8,9,7.8,8
Entrevistado_5484,Entrevistado_5484,QUERÉTARO,CENTRO,Primera mención,ITESM,8.4,3,7.8,8
Entrevistado_5485,Entrevistado_5485,LEÓN,BAJIO,Primera mención,OTRAS,10,1,9,8
Entrevistado_5486,Entrevistado_5486,LEÓN,BAJIO,Primera mención,ITESM,7,8,9,8
Entrevistado_5487,Entrevistado_5487,CIUDAD DE MÉXICO,CENTRO,Primera mención,ITESM,8.4,8,7.8,8
Entrevistado_5488,Entrevistado_5488,TEPIC,OCCIDENTE,Primera mención,OTRAS,8.4,8,10,8
Entrevistado_5489,Entrevistado_5489,VILLAHERMOSA,SUR,Primera mención,OTRAS,8.4,8,7.8,6
Entrevistado_5490,Entrevistado_5490,MORELIA,BAJIO,Primera mención,OTRAS,4,8,7.8,10
Entrevistado_5491,Entrevistado_5491,GUADALAJARA,BAJIO,Primera mención,OTRAS,5,8,7.8,3
Entrevistado_5492,Entrevistado_5492,IRAPUATO,BAJIO,Primera mención,OTRAS,8.4,10,10,8
Entrevistado_5493,Entrevistado_5493,GUADALAJARA,BAJIO,Primera mención,OTRAS,10,8,7.8,8
Entrevistado_5494,Entrevistado_5494,MORELIA,BAJIO,Primera mención,OTRAS,8,8,10,8
Entrevistado_5495,Entrevistado_5495,LEÓN,BAJIO,Primera mención,OTRAS,8.4,2,7.8,6
Entrevistado_5496,Entrevistado_5496,HERMOSILLO,OCCIDENTE,Primera mención,OTRAS,8,8,10,8
Entrevistado_5497,Entrevistado_5497,GUADALAJARA,BAJIO,Primera mención,OTRAS,8.4,8,6,10
Entrevistado_5498,Entrevistado_5498,GUADALAJARA,BAJIO,Primera mención,OTRAS,7,8,7.8,8
Entrevistado_5499,Entrevistado_5499,LEÓN,BAJIO,Primera mención,OTRAS,8.4,8,7.8,9
Entrevistado_5500,Entrevistado_5500,CULIACÁN,OCCIDENTE,Primera mención,OTRAS,10,8,4,8
Entrevistado_5501,Entrevistado_5501,CULIACÁN,OCCIDENTE,Primera mención,OTRAS,8.4,5,10,1
Entrevistado_5502,Entrevistado_5502,TEPIC,OCCIDENTE,Primera mención,OTRAS,10,8,7.8,8
Entrevistado_5503,Entrevistado_5503,AGUASCALIENTES,BAJIO,Primera mención,OTRAS,5,6,7.8,8
Entrevistado_5504,Entrevistado_5504,CIUDAD DE MÉXICO,CENTRO,Primera mención,ITESM,8.4,9,9,7
Entrevistado_5505,Entrevistado_5505,MONTERREY,NORTE,Primera mención,ITESM,10,8,9,10
Entrevistado_5506,Entrevistado_5506,MORELIA,BAJIO,Primera mención,OTRAS,10,8,7.8,10
Entrevistado_5507,Entrevistado_5507,MORELIA,BAJIO,Primera mención,OTRAS,10,8,3,8
Entrevistado_5508,Entrevistado_5508,VILLAHERMOSA,SUR,Primera mención,UVM,10,8,7.8,10
Entrevistado_5509,Entrevistado_5509,AGUASCALIENTES,BAJIO,Primera mención,UVM,10,10,8,8
Entrevistado_5510,Entrevistado_5510,AGUASCALIENTES,BAJIO,Primera mención,OTRAS,8.4,9,7.8,8
Entrevistado_5511,Entrevistado_5511,LEÓN,BAJIO,Primera mención,OTRAS,8.4,8,7,10
Entrevistado_5512,Entrevistado_5512,CIUDAD DE MÉXICO,CENTRO,Primera mención,OTRAS,7,8,6,8
Entrevistado_5513,Entrevistado_5513,LA PAZ,OCCIDENTE,Primera mención,OTRAS,6,8,7.8,8
Entrevistado_5514,Entrevistado_5514,GUADALAJARA,BAJIO,Primera mención,OTRAS,8.4,8,6,4
Entrevistado_5515,Entrevistado_5515,MEXICALI,OCCIDENTE,Primera mención,OTRAS,4,7,7.8,8
Entrevistado_5516,Entrevistado_5516,LEÓN,BAJIO,Primera mención,OTRAS,8.4,8,8,9
Entrevistado_5517,Entrevistado_5517,GUADALAJARA,BAJIO,Primera mención,OTRAS,10,8,7.8,8
Entrevistado_5518,Entrevistado_5518,QUERÉTARO,CENTRO,Primera mención,ANÁHUAC,8.4,8,10,10
Entrevistado_5519,Entrevistado_5519,MONTERREY,NORTE,Primera mención,ITESM,10,2,10,8
Entrevistado_5520,Entrevistado_5520,MONTERREY,NORTE,Primera mención,OTRAS,8,8,4,8
Entrevistado_5521,Entrevistado_5521,MONTERREY,NORTE,Primera mención,ITESM,10,2,7.8,8
Entrevistado_5522,Entrevistado_5522,GUADALAJARA,BAJIO,Primera mención,UVM,8.4,3,7.8,8
Entrevistado_5523,Entrevistado_5523,GUADALAJARA,BAJIO,Primera mención,OTRAS,8.4,8,7,4
Entrevistado_5524,Entrevistado_5524,MEXICALI,OCCIDENTE,Primera mención,OTRAS,10,8,10,9
Entrevistado_5525,Entrevistado_5525,CIUDAD DE MÉXICO,CENTRO,Primera mención,OTRAS,8.4,8,8,7
Entrevistado_5526,Entrevistado_5526,MORELIA,BAJIO,Primera mención,OTRAS,8.4,10,5,10
Entrevistado_5527,Entrevistado_5527,CULIACÁN,OCCIDENTE,Primera mención,OTRAS,4,8,7.8,8
Entrevistado_5528,Entrevistado_5528,MEXICALI,OCCIDENTE,Primera mención,OTRAS,8.4,10,7.8,8
Entrevistado_5529,Entrevistado_5529,HERMOSILLO,OCCIDENTE,Primera mención,OTRAS,6,10,7.8,8
Entrevistado_5530,Entrevistado_5530,PUEBLO NUEVO,ORIENTE,Primera mención,OTRAS,8.4,8,7.8,1
Entrevistado_5531,Entrevistado_5531,QUERÉTARO,CENTRO,Primera mención,ITESM,8.4,8,7.8,4
Entrevistado_5532,Entrevistado_5532,GUADALAJARA,BAJIO,Primera mención,OTRAS,8.4,10,7.8,10
Entrevistado_5533,Entrevistado_5533,CULIACÁN,OCCIDENTE,Primera mención,OTRAS,8.4,10,7.8,8
Entrevistado_5534,Entrevistado_5534,VILLAHERMOSA,SUR,Primera mención,OTRAS,1,6,7.8,8
Entrevistado_5535,Entrevistado_5535,GUADALAJARA,BAJIO,Primera mención,OTRAS,7,8,10,8
Entrevistado_5536,Entrevistado_5536,VILLAHERMOSA,SUR,Primera mención,OTRAS,3,1,7.8,9
Entrevistado_5537,Entrevistado_5537,IRAPUATO,BAJIO,Primera mención,OTRAS,10,8,1,10
Entrevistado_5538,Entrevistado_5538,GUADALAJARA,BAJIO,Primera mención,ITESM,8,10,7.8,10
Entrevistado_5539,Entrevistado_5539,CULIACÁN,OCCIDENTE,Primera mención,OTRAS,7,8,7.8,10
Entrevistado_5540,Entrevistado_5540,QUERÉTARO,CENTRO,Primera mención,ANÁHUAC,8.4,4,10,6
Entrevistado_5541,Entrevistado_5541,GUADALAJARA,BAJIO,Primera mención,OTRAS,7,8,10,8
Entrevistado_5542,Entrevistado_5542,GUADALAJARA,BAJIO,Primera mención,OTRAS,4,8,7.8,8
Entrevistado_5543,Entrevistado_5543,GUADALAJARA,BAJIO,Primera mención,OTRAS,8,5,7.8,7
Entrevistado_5544,Entrevistado_5544,CULIACÁN,OCCIDENTE,Primera mención,OTRAS,8.4,8,10,5
Entrevistado_5545,Entrevistado_5545,PUEBLA,CENTRO,Primera mención,OTRAS,8.4,8,7.8,9
Entrevistado_5546,Entrevistado_5546,MONTERREY,NORTE,Primera mención,ITESM,8.4,9,6,5
Entrevistado_5547,Entrevistado_5547,CULIACÁN,OCCIDENTE,Primera mención,OTRAS,6,7,10,7
Entrevistado_5548,Entrevistado_5548,CIUDAD DE MÉXICO,CENTRO,Primera mención,OTRAS,8.4,8,7.8,8
Entrevistado_5549,Entrevistado_5549,CULIACÁN,OCCIDENTE,Primera mención,OTRAS,10,10,10,8
Entrevistado_5550,Entrevistado_5550,GUADALAJARA,BAJIO,Primera mención,OTRAS,8.4,8,7.8,8
Entrevistado_5551,Entrevistado_5551,MAZATLÁN,OCCIDENTE,Primera mención,OTRAS,9,8,7.8,8
Entrevistado_5552,Entrevistado_5552,GUADALAJARA,BAJIO,Primera mención,OTRAS,8.4,10,7.8,6
Entrevistado_5553,Entrevistado_5553,GUADALAJARA,BAJIO,Primera mención,OTRAS,7,8,7.8,8
Entrevistado_5554,Entrevistado_5554,HERMOSILLO,OCCIDENTE,Primera mención,OTRAS,8,9,9,8
Entrevistado_5555,Entrevistado_5555,MONTERREY,NORTE,Primera mención,ITESM,5,5,10,8
Entrevistado_5556,Entrevistado_5556,MORELIA,BAJIO,Primera mención,OTRAS,8,7,7.8,8
Entrevistado_5557,Entrevistado_5557,MORELIA,BAJIO,Primera mención,OTRAS,8.4,3,7.8,8
Entrevistado_5558,Entrevistado_5558,TEPIC,OCCIDENTE,Primera mención,OTRAS,10,8,10,10
Entrevistado_5559,Entrevistado_5559,AGUASCALIENTES,BAJIO,Primera mención,OTRAS,10,6,7.8,8
Entrevistado_5560,Entrevistado_5560,CULIACÁN,OCCIDENTE,Primera mención,ITESM,8.4,8,6,10
Entrevistado_5561,Entrevistado_5561,ZAMORA,BAJIO,Primera mención,OTRAS,8.4,8,10,8
Entrevistado_5562,Entrevistado_5562,TEPIC,OCCIDENTE,Primera mención,OTRAS,8.4,7,7.8,9
Entrevistado_5563,Entrevistado_5563,TEPIC,OCCIDENTE,Primera mención,OTRAS,4,8,5,8
Entrevistado_5564,Entrevistado_5564,MORELIA,BAJIO,Primera mención,OTRAS,10,8,6,8
Entrevistado_5565,Entrevistado_5565,MORELIA,BAJIO,Primera mención,OTRAS,8.4,9,5,3
Entrevistado_5566,Entrevistado_5566,CULIACÁN,OCCIDENTE,Primera mención,OTRAS,8.4,1,7.8,8
Entrevistado_5567,Entrevistado_5567,TEPIC,OCCIDENTE,Primera mención,OTRAS,10,8,7.8,10
Entrevistado_5568,Entrevistado_5568,MORELIA,BAJIO,Primera mención,OTRAS,10,8,4,8
Entrevistado_5569,Entrevistado_5569,CULIACÁN,OCCIDENTE,Primera mención,OTRAS,4,8,8,7
Entrevistado_5570,Entrevistado_5570,CULIACÁN,OCCIDENTE,Primera mención,OTRAS,8.4,8,7.8,8
Entrevistado_5571,Entrevistado_5571,QUERÉTARO,CENTRO,Primera mención,ANÁHUAC,7,8,7.8,8
Entrevistado_5572,Entrevistado_5572,CULIACÁN,OCCIDENTE,Primera mención,OTRAS,8.4,8,7.8,6
Entrevistado_5573,Entrevistado_5573,MONTERREY,NORTE,Primera mención,ITESM,8.4,8,8,10
Entrevistado_5574,Entrevistado_5574,QUERÉTARO,CENTRO,Primera mención,OTRAS,9,7,7.8,6
Entrevistado_5575,Entrevistado_5575,GUADALAJARA,BAJIO,Primera mención,OTRAS,6,8,3,10
Entrevistado_5576,Entrevistado_5576,QUERÉTARO,CENTRO,Primera mención,ITESM,5,6,7.8,10
Entrevistado_5577,Entrevistado_5577,TEPIC,OCCIDENTE,Primera mención,OTRAS,8.4,10,7,8
Entrevistado_5578,Entrevistado_5578,GUADALAJARA,BAJIO,Primera mención,OTRAS,1,8,9,10
Entrevistado_5579,Entrevistado_5579,GUADALAJARA,BAJIO,Primera mención,OTRAS,7,5,7.8,8
Entrevistado_5580,Entrevistado_5580,TUXTLA GUTIÉRREZ,SUR,Primera mención,OTRAS,8.4,9,7.8,8
Entrevistado_5581,Entrevistado_5581,ENSENADA,OCCIDENTE,Primera mención,OTRAS,8,9,8,10
Entrevistado_5582,Entrevistado_5582,QUERÉTARO,CENTRO,Primera mención,UVM,10,5,7.8,5
Entrevistado_5583,Entrevistado_5583,GUADALAJARA,BAJIO,Primera mención,OTRAS,10,4,7,6
Entrevistado_5584,Entrevistado_5584,MEXICALI,OCCIDENTE,Primera mención,OTRAS,8.4,8,7.8,8
Entrevistado_5585,Entrevistado_5585,TUXTLA GUTIÉRREZ,SUR,Primera mención,OTRAS,8.4,10,7,8
Entrevistado_5586,Entrevistado_5586,CIUDAD DE MÉXICO,CENTRO,Primera mención,OTRAS,8.4,8,7.8,10
Entrevistado_5587,Entrevistado_5587,MORELIA,BAJIO,Primera mención,OTRAS,8.4,8,10,8
Entrevistado_5588,Entrevistado_5588,GUADALAJARA,BAJIO,Primera mención,OTRAS,8.4,8,10,7
Entrevistado_5589,Entrevistado_5589,GUADALAJARA,BAJIO,Primera mención,OTRAS,3,8,6,5
Entrevistado_5590,Entrevistado_5590,VILLAHERMOSA,SUR,Primera mención,OTRAS,6,8,4,8
Entrevistado_5591,Entrevistado_5591,TAPACHULA,SUR,Primera mención,OTRAS,9,10,7.8,10
Entrevistado_5592,Entrevistado_5592,TEPIC,OCCIDENTE,Primera mención,OTRAS,7,7,7.8,7
Entrevistado_5593,Entrevistado_5593,GUADALAJARA,BAJIO,Primera mención,OTRAS,5,8,7.8,8
Entrevistado_5594,Entrevistado_5594,MONTERREY,NORTE,Primera mención,ITESM,9,8,10,2
Entrevistado_5595,Entrevistado_5595,PUEBLA,CENTRO,Primera mención,OTRAS,7,10,4,8
Entrevistado_5596,Entrevistado_5596,MONTERREY,NORTE,Primera mención,OTRAS,8.4,8,6,9
Entrevistado_5597,Entrevistado_5597,VILLAHERMOSA,SUR,Primera mención,OTRAS,8.4,7,4,8
Entrevistado_5598,Entrevistado_5598,MONTERREY,NORTE,Primera mención,ITESM,8,8,7.8,1
Entrevistado_5599,Entrevistado_5599,LEÓN,BAJIO,Primera mención,OTRAS,8.4,8,5,7
Entrevistado_5600,Entrevistado_5600,GUADALAJARA,BAJIO,Primera mención,ITESM,8.4,10,7.8,8
Entrevistado_5601,Entrevistado_5601,CULIACÁN,OCCIDENTE,Primera mención,OTRAS,10,10,10,8
Entrevistado_5602,Entrevistado_5602,MORELIA,BAJIO,Primera mención,OTRAS,9,8,4,8
Entrevistado_5603,Entrevistado_5603,CIUDAD DE MÉXICO,CENTRO,Primera mención,OTRAS,10,8,7,8
Entrevistado_5604,Entrevistado_5604,LEÓN,BAJIO,Primera mención,OTRAS,8.4,7,7.8,6
Entrevistado_5605,Entrevistado_5605,GUADALAJARA,BAJIO,Primera mención,OTRAS,8.4,8,6,8
Entrevistado_5606,Entrevistado_5606,VILLAHERMOSA,SUR,Primera mención,UVM,3,8,7.8,8
Entrevistado_5607,Entrevistado_5607,HERMOSILLO,OCCIDENTE,Primera mención,UVM,10,8,7.8,8
Entrevistado_5608,Entrevistado_5608,TUXTLA GUTIÉRREZ,SUR,Primera mención,OTRAS,8.4,6,5,8
Entrevistado_5609,Entrevistado_5609,MONTERREY,NORTE,Primera mención,OTRAS,5,8,4,8
Entrevistado_5610,Entrevistado_5610,PUEBLA,CENTRO,Primera mención,OTRAS,10,10,7.8,8
Entrevistado_5611,Entrevistado_5611,CULIACÁN,OCCIDENTE,Primera mención,ITESM,7,1,7.8,1
Entrevistado_5612,Entrevistado_5612,GUADALAJARA,BAJIO,Primera mención,OTRAS,8.4,8,10,8
Entrevistado_5613,Entrevistado_5613,VILLAHERMOSA,SUR,Primera mención,UVM,8.4,8,7.8,8
Entrevistado_5614,Entrevistado_5614,QUERÉTARO,CENTRO,Primera mención,UVM,8,5,7.8,10
Entrevistado_5615,Entrevistado_5615,HERMOSILLO,OCCIDENTE,Primera mención,OTRAS,8.4,6,7,8
Entrevistado_5616,Entrevistado_5616,MEXICALI,OCCIDENTE,Primera mención,OTRAS,10,7,8,8
Entrevistado_5617,Entrevistado_5617,CULIACÁN,OCCIDENTE,Primera mención,OTRAS,3,7,7,8
Entrevistado_5618,Entrevistado_5618,VILLAHERMOSA,SUR,Primera mención,OTRAS,8,7,7.8,8
Entrevistado_5619,Entrevistado_5619,LEÓN,BAJIO,Primera mención,OTRAS,8.4,10,7.8,6
Entrevistado_5620,Entrevistado_5620,TUXTLA GUTIÉRREZ,SUR,Primera mención,OTRAS,10,2,7.8,8
Entrevistado_5621,Entrevistado_5621,GUADALAJARA,BAJIO,Primera mención,OTRAS,8.4,8,7.8,5
Entrevistado_5622,Entrevistado_5622,LEÓN,BAJIO,Primera mención,OTRAS,8.4,8,7.8,4
Entrevistado_5623,Entrevistado_5623,QUERÉTARO,CENTRO,Primera mención,OTRAS,8.4,9,7.8,8
Entrevistado_5624,Entrevistado_5624,COATZACOALCOS,SUR,Primera mención,OTRAS,7,10,10,8
Entrevistado_5625,Entrevistado_5625,GUADALAJARA,BAJIO,Primera mención,OTRAS,10,8,7.8,10
Entrevistado_5626,Entrevistado_5626,CULIACÁN,OCCIDENTE,Primera mención,ITESM,2,8,4,8
Entrevistado_5627,Entrevistado_5627,GUADALAJARA,BAJIO,Primera mención,OTRAS,8,8,7.8,5
Entrevistado_5628,Entrevistado_5628,MAZATLÁN,OCCIDENTE,Primera mención,OTRAS,8.4,3,7.8,8
Entrevistado_5629,Entrevistado_5629,GUADALAJARA,BAJIO,Primera mención,OTRAS,8.4,8,9,10
Entrevistado_5630,Entrevistado_5630,GUADALAJARA,BAJIO,Primera mención,OTRAS,10,8,7.8,10
Entrevistado_5631,Entrevistado_5631,MORELIA,BAJIO,Primera mención,OTRAS,10,8,10,8
Entrevistado_5632,Entrevistado_5632,QUERÉTARO,CENTRO,Primera mención,OTRAS,1,8,7.8,3
Entrevistado_5633,Entrevistado_5633,VILLAHERMOSA,SUR,Primera mención,OTRAS,8,7,6,8
Entrevistado_5634,Entrevistado_5634,MONTERREY,NORTE,Primera mención,OTRAS,10,8,1,8
Entrevistado_5635,Entrevistado_5635,VILLAHERMOSA,SUR,Primera mención,OTRAS,10,8,7.8,7
Entrevistado_5636,Entrevistado_5636,TOLUCA,CENTRO,Primera mención,OTRAS,8.4,3,5,8
Entrevistado_5637,Entrevistado_5637,CULIACÁN,OCCIDENTE,Primera mención,OTRAS,8.4,4,7.8,10
Entrevistado_5638,Entrevistado_5638,COATZACOALCOS,SUR,Primera mención,OTRAS,8.4,1,7.8,10
Entrevistado_5639,Entrevistado_5639,MORELIA,BAJIO,Primera mención,OTRAS,8.4,10,7.8,8
Entrevistado_5640,Entrevistado_5640,VILLAHERMOSA,SUR,Primera mención,UVM,5,8,9,8
Entrevistado_5641,Entrevistado_5641,TUXTLA GUTIÉRREZ,SUR,Primera mención,OTRAS,8.4,7,7.8,8
Entrevistado_5642,Entrevistado_5642,MORELIA,BAJIO,Primera mención,OTRAS,5,6,10,8
Entrevistado_5643,Entrevistado_5643,CULIACÁN,OCCIDENTE,Primera mención,OTRAS,6,10,7.8,8
Entrevistado_5644,Entrevistado_5644,COATZACOALCOS,SUR,Primera mención,OTRAS,8.4,8,7,8
Entrevistado_5645,Entrevistado_5645,HERMOSILLO,OCCIDENTE,Primera mención,OTRAS,4,8,7.8,8
Entrevistado_5646,Entrevistado_5646,MONTERREY,NORTE,Primera mención,ITESM,4,8,3,8
Entrevistado_5647,Entrevistado_5647,MORELIA,BAJIO,Primera mención,OTRAS,5,8,7.8,8
Entrevistado_5648,Entrevistado_5648,GUADALAJARA,BAJIO,Primera mención,OTRAS,6,10,7.8,8
Entrevistado_5649,Entrevistado_5649,HERMOSILLO,OCCIDENTE,Primera mención,OTRAS,4,10,6,8
Entrevistado_5650,Entrevistado_5650,GUADALAJARA,BAJIO,Primera mención,ITESM,8.4,4,7.8,7
Entrevistado_5651,Entrevistado_5651,IRAPUATO,BAJIO,Primera mención,ITESM,1,6,5,10
Entrevistado_5652,Entrevistado_5652,VILLAHERMOSA,SUR,Primera mención,OTRAS,8.4,5,7,10
Entrevistado_5653,Entrevistado_5653,AGUASCALIENTES,BAJIO,Primera mención,OTRAS,8.4,6,7.8,8
Entrevistado_5654,Entrevistado_5654,IRAPUATO,BAJIO,Primera mención,OTRAS,8.4,8,10,8
Entrevistado_5655,Entrevistado_5655,TEPIC,OCCIDENTE,Primera mención,OTRAS,8,8,1,8
Entrevistado_5656,Entrevistado_5656,QUERÉTARO,CENTRO,Primera mención,UVM,8,8,8,10
Entrevistado_5657,Entrevistado_5657,GUADALAJARA,BAJIO,Primera mención,OTRAS,8.4,6,7,8
Entrevistado_5658,Entrevistado_5658,QUERÉTARO,CENTRO,Primera mención,OTRAS,8.4,8,8,8
Entrevistado_5659,Entrevistado_5659,IRAPUATO,BAJIO,Primera mención,ITESM,8.4,8,10,8
Entrevistado_5660,Entrevistado_5660,MAZATLÁN,OCCIDENTE,Primera mención,OTRAS,8.4,7,9,8
Entrevistado_5661,Entrevistado_5661,AGUASCALIENTES,BAJIO,Primera mención,OTRAS,8,8,7.8,8
Entrevistado_5662,Entrevistado_5662,GUADALAJARA,BAJIO,Primera mención,OTRAS,8.4,6,5,8
Entrevistado_5663,Entrevistado_5663,LEÓN,BAJIO,Primera mención,OTRAS,8,8,7,8
Entrevistado_5664,Entrevistado_5664,LA PAZ,OCCIDENTE,Primera mención,OTRAS,9,7,7,9
Entrevistado_5665,Entrevistado_5665,GUADALAJARA,BAJIO,Primera mención,OTRAS,8.4,10,7.8,8
Entrevistado_5666,Entrevistado_5666,LA PAZ,OCCIDENTE,Primera mención,OTRAS,8.4,8,7,8
Entrevistado_5667,Entrevistado_5667,GUADALAJARA,BAJIO,Primera mención,OTRAS,8.4,8,6,8
Entrevistado_5668,Entrevistado_5668,LEÓN,BAJIO,Primera mención,OTRAS,8.4,8,7.8,8
Entrevistado_5669,Entrevistado_5669,LEÓN,BAJIO,Primera mención,OTRAS,5,8,6,8
Entrevistado_5670,Entrevistado_5670,LEÓN,BAJIO,Primera mención,OTRAS,10,8,8,9
Entrevistado_5671,Entrevistado_5671,MORELIA,BAJIO,Primera mención,OTRAS,3,8,10,8
Entrevistado_5672,Entrevistado_5672,VILLAHERMOSA,SUR,Primera mención,OTRAS,9,7,7.8,3
Entrevistado_5673,Entrevistado_5673,AGUASCALIENTES,BAJIO,Primera mención,OTRAS,8.4,10,7.8,8
Entrevistado_5674,Entrevistado_5674,IRAPUATO,BAJIO,Primera mención,OTRAS,9,7,7.8,10
Entrevistado_5675,Entrevistado_5675,GUADALAJARA,BAJIO,Primera mención,OTRAS,7,10,7.8,8
Entrevistado_5676,Entrevistado_5676,AGUASCALIENTES,BAJIO,Primera mención,OTRAS,8.4,8,7,7
Entrevistado_5677,Entrevistado_5677,CIUDAD DE MÉXICO,CENTRO,Primera mención,ITESM,8.4,3,7.8,4
Entrevistado_5678,Entrevistado_5678,QUERÉTARO,CENTRO,Primera mención,UVM,8.4,8,6,10
Entrevistado_5679,Entrevistado_5679,GUADALAJARA,BAJIO,Primera mención,OTRAS,6,10,7.8,1
Entrevistado_5680,Entrevistado_5680,GUADALAJARA,BAJIO,Primera mención,UVM,8.4,10,10,8
Entrevistado_5681,Entrevistado_5681,CIUDAD DE MÉXICO,CENTRO,Primera mención,OTRAS,8.4,9,2,8
Entrevistado_5682,Entrevistado_5682,MEXICALI,OCCIDENTE,Primera mención,UVM,5,8,7.8,9
Entrevistado_5683,Entrevistado_5683,CIUDAD DE MÉXICO,CENTRO,Primera mención,OTRAS,2,8,8,10
Entrevistado_5684,Entrevistado_5684,COATZACOALCOS,SUR,Primera mención,OTRAS,9,6,5,8
Entrevistado_5685,Entrevistado_5685,MEXICALI,OCCIDENTE,Primera mención,OTRAS,8.4,8,7,5
Entrevistado_5686,Entrevistado_5686,LA PAZ,OCCIDENTE,Primera mención,OTRAS,10,5,7.8,7
Entrevistado_5687,Entrevistado_5687,GUADALAJARA,BAJIO,Primera mención,ITESM,10,7,7.8,8
Entrevistado_5688,Entrevistado_5688,HERMOSILLO,OCCIDENTE,Primera mención,UVM,8.4,3,10,8
Entrevistado_5689,Entrevistado_5689,GUADALAJARA,BAJIO,Primera mención,ITESM,8.4,7,8,6
Entrevistado_5690,Entrevistado_5690,MAZATLÁN,OCCIDENTE,Primera mención,OTRAS,10,8,7.8,4
Entrevistado_5691,Entrevistado_5691,LA PAZ,OCCIDENTE,Primera mención,OTRAS,8.4,6,7.8,8
Entrevistado_5692,Entrevistado_5692,GUADALAJARA,BAJIO,Primera mención,OTRAS,8.4,7,7.8,9
Entrevistado_5693,Entrevistado_5693,CIUDAD DE MÉXICO,CENTRO,Primera mención,OTRAS,8.4,6,8,10
Entrevistado_5694,Entrevistado_5694,QUERÉTARO,CENTRO,Primera mención,ITESM,8.4,4,7.8,8
Entrevistado_5695,Entrevistado_5695,TEPIC,OCCIDENTE,Primera mención,OTRAS,8.4,10,7.8,8
Entrevistado_5696,Entrevistado_5696,GUADALAJARA,BAJIO,Primera mención,OTRAS,4,8,3,8
Entrevistado_5697,Entrevistado_5697,MAZATLÁN,OCCIDENTE,Primera mención,OTRAS,8.4,8,10,8
Entrevistado_5698,Entrevistado_5698,GUADALAJARA,BAJIO,Primera mención,UVM,8.4,8,7.8,10
Entrevistado_5699,Entrevistado_5699,CIUDAD DE MÉXICO,CENTRO,Primera mención,UVM,8.4,10,7.8,8
Entrevistado_5700,Entrevistado_5700,CULIACÁN,OCCIDENTE,Primera mención,OTRAS,8.4,8,7.8,10
Entrevistado_5701,Entrevistado_5701,IRAPUATO,BAJIO,Primera mención,OTRAS,8.4,6,7.8,8
Entrevistado_5702,Entrevistado_5702,VILLAHERMOSA,SUR,Primera mención,OTRAS,8,8,7,10
Entrevistado_5703,Entrevistado_5703,AGUASCALIENTES,BAJIO,Primera mención,OTRAS,8.4,8,7.8,10
Entrevistado_5704,Entrevistado_5704,LOS CABOS,OCCIDENTE,Primera mención,OTRAS,9,8,7.8,8
Entrevistado_5705,Entrevistado_5705,CULIACÁN,OCCIDENTE,Primera mención,OTRAS,4,8,7.8,4
Entrevistado_5706,Entrevistado_5706,IRAPUATO,BAJIO,Primera mención,OTRAS,10,8,5,10
Entrevistado_5707,Entrevistado_5707,HERMOSILLO,OCCIDENTE,Primera mención,ITESM,10,8,7.8,8
Entrevistado_5708,Entrevistado_5708,GUADALAJARA,BAJIO,Primera mención,UVM,8.4,8,7.8,8
Entrevistado_5709,Entrevistado_5709,TEPIC,OCCIDENTE,Primera mención,OTRAS,8.4,3,10,8
Entrevistado_5710,Entrevistado_5710,GUADALAJARA,BAJIO,Primera mención,OTRAS,8,10,7.8,1
Entrevistado_5711,Entrevistado_5711,CIUDAD DE MÉXICO,CENTRO,Primera mención,OTRAS,8.4,8,7.8,8
Entrevistado_5712,Entrevistado_5712,VILLAHERMOSA,SUR,Primera mención,OTRAS,10,8,7.8,8
Entrevistado_5713,Entrevistado_5713,VILLAHERMOSA,SUR,Primera mención,OTRAS,10,10,6,10
Entrevistado_5714,Entrevistado_5714,QUERÉTARO,CENTRO,Primera mención,ANÁHUAC,2,8,7.8,7
Entrevistado_5715,Entrevistado_5715,TEPIC,OCCIDENTE,Primera mención,OTRAS,8.4,10,7.8,8
Entrevistado_5716,Entrevistado_5716,IRAPUATO,BAJIO,Primera mención,OTRAS,8,6,7.8,7
Entrevistado_5717,Entrevistado_5717,VILLAHERMOSA,SUR,Primera mención,OTRAS,7,8,10,4
Entrevistado_5718,Entrevistado_5718,LA PAZ,OCCIDENTE,Primera mención,OTRAS,3,8,4,7
Entrevistado_5719,Entrevistado_5719,TUXTLA GUTIÉRREZ,SUR,Primera mención,OTRAS,10,8,7.8,10
Entrevistado_5720,Entrevistado_5720,HERMOSILLO,OCCIDENTE,Primera mención,OTRAS,8.4,5,8,10
Entrevistado_5721,Entrevistado_5721,GUADALAJARA,BAJIO,Primera mención,OTRAS,6,8,6,7
Entrevistado_5722,Entrevistado_5722,LA PAZ,OCCIDENTE,Primera mención,OTRAS,8.4,5,10,7
Entrevistado_5723,Entrevistado_5723,GUADALAJARA,BAJIO,Primera mención,OTRAS,8,8,7.8,10
Entrevistado_5724,Entrevistado_5724,QUERÉTARO,CENTRO,Primera mención,OTRAS,8.4,8,10,8
Entrevistado_5725,Entrevistado_5725,TUXTLA GUTIÉRREZ,SUR,Primera mención,OTRAS,7,8,10,8
Entrevistado_5726,Entrevistado_5726,MORELIA,BAJIO,Primera mención,OTRAS,10,5,7.8,10
Entrevistado_5727,Entrevistado_5727,CIUDAD DE MÉXICO,CENTRO,Primera mención,OTRAS,9,8,7.8,1
Entrevistado_5728,Entrevistado_5728,GUADALAJARA,BAJIO,Primera mención,OTRAS,8.4,8,4,8
Entrevistado_5729,Entrevistado_5729,HERMOSILLO,OCCIDENTE,Primera mención,OTRAS,10,8,10,9
Entrevistado_5730,Entrevistado_5730,LEÓN,BAJIO,Primera mención,OTRAS,9,8,2,7
Entrevistado_5731,Entrevistado_5731,IRAPUATO,BAJIO,Primera mención,OTRAS,8.4,8,7.8,10
Entrevistado_5732,Entrevistado_5732,GUADALAJARA,BAJIO,Primera mención,OTRAS,7,6,7.8,1
Entrevistado_5733,Entrevistado_5733,AGUASCALIENTES,BAJIO,Primera mención,OTRAS,10,8,2,7
Entrevistado_5734,Entrevistado_5734,HERMOSILLO,OCCIDENTE,Primera mención,OTRAS,8.4,10,7.8,10
Entrevistado_5735,Entrevistado_5735,MORELIA,BAJIO,Primera mención,OTRAS,8.4,8,6,9
Entrevistado_5736,Entrevistado_5736,LEÓN,BAJIO,Primera mención,OTRAS,8.4,8,7.8,10
Entrevistado_5737,Entrevistado_5737,GUADALAJARA,BAJIO,Primera mención,OTRAS,8.4,8,7.8,10
Entrevistado_5738,Entrevistado_5738,MORELIA,BAJIO,Primera mención,OTRAS,8.4,10,7.8,9
Entrevistado_5739,Entrevistado_5739,MAZATLÁN,OCCIDENTE,Primera mención,OTRAS,6,7,5,8
Entrevistado_5740,Entrevistado_5740,IRAPUATO,BAJIO,Primera mención,OTRAS,8.4,8,10,8
Entrevistado_5741,Entrevistado_5741,TEPIC,OCCIDENTE,Primera mención,OTRAS,1,8,7.8,8
Entrevistado_5742,Entrevistado_5742,LEÓN,BAJIO,Primera mención,OTRAS,10,8,1,8
Entrevistado_5743,Entrevistado_5743,COATZACOALCOS,SUR,Primera mención,OTRAS,8.4,6,7.8,1
Entrevistado_5744,Entrevistado_5744,PUEBLA,CENTRO,Primera mención,OTRAS,8,8,9,10
Entrevistado_5745,Entrevistado_5745,MORELIA,BAJIO,Primera mención,OTRAS,6,4,7.8,6
Entrevistado_5746,Entrevistado_5746,PUEBLA,CENTRO,Primera mención,OTRAS,8.4,10,7.8,8
Entrevistado_5747,Entrevistado_5747,LEÓN,BAJIO,Primera mención,ITESM,6,10,7.8,8
Entrevistado_5748,Entrevistado_5748,CULIACÁN,OCCIDENTE,Primera mención,OTRAS,8.4,10,8,8
Entrevistado_5749,Entrevistado_5749,QUERÉTARO,CENTRO,Primera mención,ANÁHUAC,8.4,5,10,7
Entrevistado_5750,Entrevistado_5750,QUERÉTARO,CENTRO,Primera mención,UVM,10,8,10,8
Entrevistado_5751,Entrevistado_5751,GUADALAJARA,BAJIO,Primera mención,OTRAS,10,8,2,8
Entrevistado_5752,Entrevistado_5752,GUADALAJARA,BAJIO,Primera mención,OTRAS,10,8,1,8
Entrevistado_5753,Entrevistado_5753,GUADALAJARA,BAJIO,Primera mención,OTRAS,10,4,10,10
Entrevistado_5754,Entrevistado_5754,CULIACÁN,OCCIDENTE,Primera mención,OTRAS,8.4,8,7.8,8
Entrevistado_5755,Entrevistado_5755,AGUASCALIENTES,BAJIO,Primera mención,OTRAS,7,8,7.8,10
Entrevistado_5756,Entrevistado_5756,LEÓN,BAJIO,Primera mención,OTRAS,7,10,7.8,8
Entrevistado_5757,Entrevistado_5757,LA PAZ,OCCIDENTE,Primera mención,OTRAS,2,8,7.8,8
Entrevistado_5758,Entrevistado_5758,HERMOSILLO,OCCIDENTE,Primera mención,UVM,8.4,8,7,10
Entrevistado_5759,Entrevistado_5759,QUERÉTARO,CENTRO,Primera mención,UVM,1,8,7.8,8
Entrevistado_5760,Entrevistado_5760,GUADALAJARA,BAJIO,Primera mención,OTRAS,10,8,10,8
Entrevistado_5761,Entrevistado_5761,HERMOSILLO,OCCIDENTE,Primera mención,OTRAS,3,9,6,8
Entrevistado_5762,Entrevistado_5762,AGUASCALIENTES,BAJIO,Primera mención,OTRAS,8.4,6,3,8
Entrevistado_5763,Entrevistado_5763,MONTERREY,NORTE,Primera mención,ITESM,6,10,7.8,8
Entrevistado_5764,Entrevistado_5764,MONTERREY,NORTE,Primera mención,OTRAS,8.4,8,7.8,8
Entrevistado_5765,Entrevistado_5765,VILLAHERMOSA,SUR,Primera mención,UVM,8.4,8,7.8,8
Entrevistado_5766,Entrevistado_5766,TUXTLA GUTIÉRREZ,SUR,Primera mención,OTRAS,1,10,7.8,8
Entrevistado_5767,Entrevistado_5767,MORELIA,BAJIO,Primera mención,OTRAS,8.4,8,7.8,8
Entrevistado_5768,Entrevistado_5768,GUADALAJARA,BAJIO,Primera mención,UVM,9,9,7.8,7
Entrevistado_5769,Entrevistado_5769,MORELIA,BAJIO,Primera mención,OTRAS,8,8,10,8
Entrevistado_5770,Entrevistado_5770,GUADALAJARA,BAJIO,Primera mención,OTRAS,10,1,7.8,8
Entrevistado_5771,Entrevistado_5771,AGUASCALIENTES,BAJIO,Primera mención,OTRAS,8.4,7,10,8
Entrevistado_5772,Entrevistado_5772,QUERÉTARO,CENTRO,Primera mención,OTRAS,10,8,7.8,9
Entrevistado_5773,Entrevistado_5773,CD. OBREGÓN,OCCIDENTE,Primera mención,OTRAS,2,10,7.8,3
Entrevistado_5774,Entrevistado_5774,COATZACOALCOS,SUR,Primera mención,OTRAS,10,10,7.8,10
Entrevistado_5775,Entrevistado_5775,IRAPUATO,BAJIO,Primera mención,OTRAS,9,8,10,8
Entrevistado_5776,Entrevistado_5776,VILLAHERMOSA,SUR,Primera mención,OTRAS,8.4,9,5,8
Entrevistado_5777,Entrevistado_5777,GUADALAJARA,BAJIO,Primera mención,ITESM,8.4,9,6,8
Entrevistado_5778,Entrevistado_5778,ZAMORA,BAJIO,Primera mención,OTRAS,9,8,2,10
Entrevistado_5779,Entrevistado_5779,AGUASCALIENTES,BAJIO,Primera mención,OTRAS,8.4,5,7.8,8
Entrevistado_5780,Entrevistado_5780,HERMOSILLO,OCCIDENTE,Primera mención,OTRAS,8,10,7.8,8
Entrevistado_5781,Entrevistado_5781,COATZACOALCOS,SUR,Primera mención,OTRAS,8.4,6,7.8,9
Entrevistado_5782,Entrevistado_5782,COATZACOALCOS,SUR,Primera mención,OTRAS,8.4,10,7.8,8
Entrevistado_5783,Entrevistado_5783,CIUDAD DE MÉXICO,CENTRO,Primera mención,OTRAS,2,8,10,8
Entrevistado_5784,Entrevistado_5784,CIUDAD DE MÉXICO,CENTRO,Primera mención,OTRAS,10,10,7.8,8
Entrevistado_5785,Entrevistado_5785,HERMOSILLO,OCCIDENTE,Primera mención,OTRAS,10,10,8,8
Entrevistado_5786,Entrevistado_5786,AGUASCALIENTES,BAJIO,Primera mención,OTRAS,9,3,7.8,6
Entrevistado_5787,Entrevistado_5787,GUADALAJARA,BAJIO,Primera mención,OTRAS,8.4,5,7,9
Entrevistado_5788,Entrevistado_5788,GUADALAJARA,BAJIO,Primera mención,OTRAS,7,8,9,8
Entrevistado_5789,Entrevistado_5789,GUADALAJARA,BAJIO,Primera mención,OTRAS,9,8,10,10
Entrevistado_5790,Entrevistado_5790,COATZACOALCOS,SUR,Primera mención,OTRAS,8.4,10,2,8
Entrevistado_5791,Entrevistado_5791,LEÓN,BAJIO,Primera mención,OTRAS,9,8,10,10
Entrevistado_5792,Entrevistado_5792,MORELIA,BAJIO,Primera mención,OTRAS,8,8,7.8,4
Entrevistado_5793,Entrevistado_5793,CULIACÁN,OCCIDENTE,Primera mención,OTRAS,4,8,6,8
Entrevistado_5794,Entrevistado_5794,VILLAHERMOSA,SUR,Primera mención,OTRAS,10,10,7.8,10
Entrevistado_5795,Entrevistado_5795,TEPIC,OCCIDENTE,Primera mención,OTRAS,9,10,7.8,8
Entrevistado_5796,Entrevistado_5796,AGUASCALIENTES,BAJIO,Primera mención,OTRAS,10,1,7.8,8
Entrevistado_5797,Entrevistado_5797,TIJUANA,OCCIDENTE,Primera mención,OTRAS,8,10,7.8,10
Entrevistado_5798,Entrevistado_5798,MORELIA,BAJIO,Primera mención,OTRAS,8,8,10,8
Entrevistado_5799,Entrevistado_5799,TAPACHULA,SUR,Primera mención,OTRAS,8.4,10,7.8,10
Entrevistado_5800,Entrevistado_5800,CIUDAD DE MÉXICO,CENTRO,Primera mención,OTRAS,5,8,7.8,8
Entrevistado_5801,Entrevistado_5801,GUADALAJARA,BAJIO,Primera mención,OTRAS,10,8,7.8,10
Entrevistado_5802,Entrevistado_5802,CULIACÁN,OCCIDENTE,Primera mención,OTRAS,1,10,7.8,8
Entrevistado_5803,Entrevistado_5803,TUXTLA GUTIÉRREZ,SUR,Primera mención,OTRAS,8.4,6,7.8,8
Entrevistado_5804,Entrevistado_5804,MORELIA,BAJIO,Primera mención,OTRAS,8.4,8,10,8
Entrevistado_5805,Entrevistado_5805,GUADALAJARA,BAJIO,Primera mención,OTRAS,4,7,7.8,9
Entrevistado_5806,Entrevistado_5806,MONTERREY,NORTE,Primera mención,ITESM,8.4,5,7.8,8
Entrevistado_5807,Entrevistado_5807,VILLAHERMOSA,SUR,Primera mención,OTRAS,8.4,1,7.8,8
Entrevistado_5808,Entrevistado_5808,VILLAHERMOSA,SUR,Primera mención,OTRAS,10,10,7.8,8
Entrevistado_5809,Entrevistado_5809,MAZATLÁN,OCCIDENTE,Primera mención,OTRAS,8.4,7,9,8
Entrevistado_5810,Entrevistado_5810,GUADALAJARA,BAJIO,Primera mención,OTRAS,10,8,7.8,1
Entrevistado_5811,Entrevistado_5811,LEÓN,BAJIO,Primera mención,OTRAS,7,8,6,8
Entrevistado_5812,Entrevistado_5812,MONTERREY,NORTE,Primera mención,ITESM,8.4,8,10,9
Entrevistado_5813,Entrevistado_5813,COATZACOALCOS,SUR,Primera mención,OTRAS,8.4,6,10,1
Entrevistado_5814,Entrevistado_5814,TUXTLA GUTIÉRREZ,SUR,Primera mención,OTRAS,8.4,9,7.8,8
Entrevistado_5815,Entrevistado_5815,GUADALAJARA,BAJIO,Primera mención,OTRAS,8,8,9,8
Entrevistado_5816,Entrevistado_5816,CIUDAD DE MÉXICO,CENTRO,Primera mención,ANÁHUAC,6,8,2,8
Entrevistado_5817,Entrevistado_5817,MORELIA,BAJIO,Primera mención,OTRAS,10,5,7,8
Entrevistado_5818,Entrevistado_5818,LEÓN,BAJIO,Primera mención,ITESM,5,8,10,8
Entrevistado_5819,Entrevistado_5819,CULIACÁN,OCCIDENTE,Primera mención,OTRAS,10,8,7.8,8
Entrevistado_5820,Entrevistado_5820,MORELIA,BAJIO,Primera mención,OTRAS,9,6,7.8,8
Entrevistado_5821,Entrevistado_5821,LA PAZ,OCCIDENTE,Primera mención,OTRAS,8.4,8,7.8,6
Entrevistado_5822,Entrevistado_5822,TUXTLA GUTIÉRREZ,SUR,Primera mención,UVM,10,8,3,9
Entrevistado_5823,Entrevistado_5823,MAZATLÁN,OCCIDENTE,Primera mención,OTRAS,10,6,7,8
Entrevistado_5824,Entrevistado_5824,MORELIA,BAJIO,Primera mención,OTRAS,8,3,9,8
Entrevistado_5825,Entrevistado_5825,AGUASCALIENTES,BAJIO,Primera mención,OTRAS,10,6,10,10
Entrevistado_5826,Entrevistado_5826,MAZATLÁN,OCCIDENTE,Primera mención,OTRAS,9,8,7.8,1
Entrevistado_5827,Entrevistado_5827,MORELIA,BAJIO,Primera mención,OTRAS,6,9,7.8,8
Entrevistado_5828,Entrevistado_5828,LEÓN,BAJIO,Primera mención,OTRAS,8.4,8,10,10
Entrevistado_5829,Entrevistado_5829,HERMOSILLO,OCCIDENTE,Primera mención,OTRAS,8,8,7.8,8
Entrevistado_5830,Entrevistado_5830,GUADALAJARA,BAJIO,Primera mención,OTRAS,6,4,8,8
Entrevistado_5831,Entrevistado_5831,VILLAHERMOSA,SUR,Primera mención,OTRAS,6,6,7.8,5
Entrevistado_5832,Entrevistado_5832,AGUASCALIENTES,BAJIO,Primera mención,OTRAS,5,8,7.8,10
Entrevistado_5833,Entrevistado_5833,IRAPUATO,BAJIO,Primera mención,OTRAS,8.4,6,7.8,8
Entrevistado_5834,Entrevistado_5834,GUADALAJARA,BAJIO,Primera mención,OTRAS,8.4,8,7.8,10
Entrevistado_5835,Entrevistado_5835,TUXTLA GUTIÉRREZ,SUR,Primera mención,OTRAS,9,10,7.8,2
Entrevistado_5836,Entrevistado_5836,ENSENADA,OCCIDENTE,Primera mención,OTRAS,10,8,7,10
Entrevistado_5837,Entrevistado_5837,COATZACOALCOS,SUR,Primera mención,OTRAS,8.4,8,1,10
Entrevistado_5838,Entrevistado_5838,MORELIA,BAJIO,Primera mención,OTRAS,10,8,7.8,6
Entrevistado_5839,Entrevistado_5839,VILLAHERMOSA,SUR,Primera mención,OTRAS,8.4,10,7.8,7
Entrevistado_5840,Entrevistado_5840,CIUDAD DE MÉXICO,CENTRO,Primera mención,OTRAS,10,1,7,9
Entrevistado_5841,Entrevistado_5841,TUXTLA GUTIÉRREZ,SUR,Primera mención,OTRAS,6,5,7.8,8
Entrevistado_5842,Entrevistado_5842,TIJUANA,OCCIDENTE,Primera mención,OTRAS,1,4,7.8,5
Entrevistado_5843,Entrevistado_5843,ZAMORA,BAJIO,Primera mención,OTRAS,9,8,7.8,10
Entrevistado_5844,Entrevistado_5844,VILLAHERMOSA,SUR,Primera mención,OTRAS,8.4,9,7.8,8
Entrevistado_5845,Entrevistado_5845,PUEBLA,CENTRO,Primera mención,OTRAS,7,5,6,8
Entrevistado_5846,Entrevistado_5846,LA PAZ,OCCIDENTE,Primera mención,OTRAS,8.4,10,7,6
Entrevistado_5847,Entrevistado_5847,TEPIC,OCCIDENTE,Primera mención,OTRAS,8.4,8,9,5
Entrevistado_5848,Entrevistado_5848,AGUASCALIENTES,BAJIO,Primera mención,OTRAS,8.4,6,3,8
Entrevistado_5849,Entrevistado_5849,IRAPUATO,BAJIO,Primera mención,ITESM,9,8,7.8,10
Entrevistado_5850,Entrevistado_5850,TIJUANA,OCCIDENTE,Primera mención,OTRAS,8.4,6,10,9
Entrevistado_5851,Entrevistado_5851,GUADALAJARA,BAJIO,Primera mención,OTRAS,8.4,8,5,1
Entrevistado_5852,Entrevistado_5852,MORELIA,BAJIO,Primera mención,OTRAS,10,8,7.8,6
Entrevistado_5853,Entrevistado_5853,HERMOSILLO,OCCIDENTE,Primera mención,OTRAS,10,8,7.8,7
Entrevistado_5854,Entrevistado_5854,COATZACOALCOS,SUR,Primera mención,OTRAS,8.4,8,7.8,7
Entrevistado_5855,Entrevistado_5855,GUADALAJARA,BAJIO,Primera mención,OTRAS,8.4,8,7.8,10
Entrevistado_5856,Entrevistado_5856,TUXTLA GUTIÉRREZ,SUR,Primera mención,OTRAS,8.4,8,4,8
Entrevistado_5857,Entrevistado_5857,CIUDAD DE MÉXICO,CENTRO,Primera mención,UVM,10,8,7.8,8
Entrevistado_5858,Entrevistado_5858,AGUASCALIENTES,BAJIO,Primera mención,OTRAS,10,10,7,8
Entrevistado_5859,Entrevistado_5859,GUADALAJARA,BAJIO,Primera mención,OTRAS,10,7,7.8,8
Entrevistado_5860,Entrevistado_5860,VILLAHERMOSA,SUR,Primera mención,OTRAS,8.4,8,7.8,8
Entrevistado_5861,Entrevistado_5861,GUADALAJARA,BAJIO,Primera mención,OTRAS,8.4,8,7.8,4
Entrevistado_5862,Entrevistado_5862,GUADALAJARA,BAJIO,Primera mención,OTRAS,9,8,7.8,10
Entrevistado_5863,Entrevistado_5863,PUEBLA,CENTRO,Primera mención,OTRAS,10,10,10,3
Entrevistado_5864,Entrevistado_5864,GUADALAJARA,BAJIO,Primera mención,UVM,3,8,7,8
Entrevistado_5865,Entrevistado_5865,GUADALAJARA,BAJIO,Primera mención,OTRAS,10,8,3,10
Entrevistado_5866,Entrevistado_5866,LEÓN,BAJIO,Primera mención,OTRAS,8.4,8,6,8
Entrevistado_5867,Entrevistado_5867,COATZACOALCOS,SUR,Primera mención,OTRAS,8.4,3,7.8,8
Entrevistado_5868,Entrevistado_5868,AGUASCALIENTES,BAJIO,Primera mención,ITESM,1,3,7.8,10
Entrevistado_5869,Entrevistado_5869,MORELIA,BAJIO,Primera mención,OTRAS,8.4,8,10,8
Entrevistado_5870,Entrevistado_5870,IRAPUATO,BAJIO,Primera mención,OTRAS,8.4,8,7.8,8
Entrevistado_5871,Entrevistado_5871,IRAPUATO,BAJIO,Primera mención,OTRAS,9,8,7.8,6
Entrevistado_5872,Entrevistado_5872,MONTERREY,NORTE,Primera mención,ITESM,10,8,7,8
Entrevistado_5873,Entrevistado_5873,COATZACOALCOS,SUR,Primera mención,OTRAS,10,8,7.8,8
Entrevistado_5874,Entrevistado_5874,COATZACOALCOS,SUR,Primera mención,OTRAS,8.4,8,7.8,4
Entrevistado_5875,Entrevistado_5875,VILLAHERMOSA,SUR,Primera mención,OTRAS,10,8,7.8,8
Entrevistado_5876,Entrevistado_5876,MORELIA,BAJIO,Primera mención,OTRAS,1,1,7.8,8
Entrevistado_5877,Entrevistado_5877,CIUDAD DE MÉXICO,CENTRO,Primera mención,OTRAS,8.4,8,6,10
Entrevistado_5878,Entrevistado_5878,TUXTLA GUTIÉRREZ,SUR,Primera mención,UVM,9,8,7.8,8
Entrevistado_5879,Entrevistado_5879,TUXTLA GUTIÉRREZ,SUR,Primera mención,OTRAS,8,10,7.8,8
Entrevistado_5880,Entrevistado_5880,MORELIA,BAJIO,Primera mención,OTRAS,8.4,8,7.8,8
Entrevistado_5881,Entrevistado_5881,MORELIA,BAJIO,Primera mención,OTRAS,8.4,10,7.8,3
Entrevistado_5882,Entrevistado_5882,HERMOSILLO,OCCIDENTE,Primera mención,OTRAS,8.4,1,7.8,10
Entrevistado_5883,Entrevistado_5883,CULIACÁN,OCCIDENTE,Primera mención,OTRAS,10,8,1,4
Entrevistado_5884,Entrevistado_5884,HERMOSILLO,OCCIDENTE,Primera mención,ITESM,8.4,8,7.8,8
Entrevistado_5885,Entrevistado_5885,TIJUANA,OCCIDENTE,Primera mención,OTRAS,8.4,8,7.8,10
Entrevistado_5886,Entrevistado_5886,MONTERREY,NORTE,Primera mención,OTRAS,8.4,8,7.8,8
Entrevistado_5887,Entrevistado_5887,GUADALAJARA,BAJIO,Primera mención,OTRAS,8,8,7.8,1
Entrevistado_5888,Entrevistado_5888,LEÓN,BAJIO,Primera mención,ITESM,10,8,7.8,8
Entrevistado_5889,Entrevistado_5889,LEÓN,BAJIO,Primera mención,OTRAS,8.4,8,7.8,7
Entrevistado_5890,Entrevistado_5890,HERMOSILLO,OCCIDENTE,Primera mención,UVM,8.4,10,7.8,8
Entrevistado_5891,Entrevistado_5891,AGUASCALIENTES,BAJIO,Primera mención,OTRAS,3,10,4,10
Entrevistado_5892,Entrevistado_5892,CIUDAD DE MÉXICO,CENTRO,Primera mención,OTRAS,8.4,8,6,10
Entrevistado_5893,Entrevistado_5893,LOS CABOS,OCCIDENTE,Primera mención,OTRAS,8.4,8,6,8
Entrevistado_5894,Entrevistado_5894,TEPIC,OCCIDENTE,Primera mención,OTRAS,7,9,6,5
Entrevistado_5895,Entrevistado_5895,LEÓN,BAJIO,Primera mención,ITESM,10,8,10,5
Entrevistado_5896,Entrevistado_5896,LOS CABOS,OCCIDENTE,Primera mención,OTRAS,7,8,7.8,6
Entrevistado_5897,Entrevistado_5897,AGUASCALIENTES,BAJIO,Primera mención,OTRAS,8.4,10,7.8,7
Entrevistado_5898,Entrevistado_5898,HERMOSILLO,OCCIDENTE,Primera mención,UVM,9,8,7.8,8
Entrevistado_5899,Entrevistado_5899,GUADALAJARA,BAJIO,Primera mención,OTRAS,8.4,1,9,10
Entrevistado_5900,Entrevistado_5900,MORELIA,BAJIO,Primera mención,OTRAS,8.4,6,7.8,3
Entrevistado_5901,Entrevistado_5901,GUADALAJARA,BAJIO,Primera mención,OTRAS,8.4,9,10,8
Entrevistado_5902,Entrevistado_5902,TAPACHULA,SUR,Primera mención,OTRAS,8.4,6,7.8,8
Entrevistado_5903,Entrevistado_5903,GUADALAJARA,BAJIO,Primera mención,OTRAS,8.4,9,7.8,8
Entrevistado_5904,Entrevistado_5904,LA PAZ,OCCIDENTE,Primera mención,OTRAS,8.4,10,7.8,9
Entrevistado_5905,Entrevistado_5905,LA PAZ,OCCIDENTE,Primera mención,OTRAS,7,10,6,8
Entrevistado_5906,Entrevistado_5906,MÉRIDA,SUR,Primera mención,ANÁHUAC,8.4,6,10,8
Entrevistado_5907,Entrevistado_5907,QUERÉTARO,CENTRO,Primera mención,UVM,10,6,7.8,8
Entrevistado_5908,Entrevistado_5908,CIUDAD DE MÉXICO,CENTRO,Primera mención,OTRAS,7,8,7.8,5
Entrevistado_5909,Entrevistado_5909,TUXTLA GUTIÉRREZ,SUR,Primera mención,OTRAS,8.4,1,8,8
Entrevistado_5910,Entrevistado_5910,MONTERREY,NORTE,Primera mención,ITESM,10,8,7.8,8
Entrevistado_5911,Entrevistado_5911,AGUASCALIENTES,BAJIO,Primera mención,ITESM,8.4,10,7.8,6
Entrevistado_5912,Entrevistado_5912,GUADALAJARA,BAJIO,Primera mención,OTRAS,8.4,10,7.8,8
Entrevistado_5913,Entrevistado_5913,SINALOA,OCCIDENTE,Primera mención,OTRAS,10,8,7,8
Entrevistado_5914,Entrevistado_5914,LA PAZ,OCCIDENTE,Primera mención,OTRAS,8.4,8,6,7
Entrevistado_5915,Entrevistado_5915,QUERÉTARO,CENTRO,Primera mención,ITESM,10,8,7.8,1
Entrevistado_5916,Entrevistado_5916,MORELIA,BAJIO,Primera mención,OTRAS,8.4,10,7.8,3
Entrevistado_5917,Entrevistado_5917,MONTERREY,NORTE,Primera mención,OTRAS,8.4,8,10,8
Entrevistado_5918,Entrevistado_5918,LOS CABOS,OCCIDENTE,Primera mención,OTRAS,4,3,7.8,8
Entrevistado_5919,Entrevistado_5919,GUADALAJARA,BAJIO,Primera mención,OTRAS,8.4,8,5,1
Entrevistado_5920,Entrevistado_5920,VILLAHERMOSA,SUR,Primera mención,UVM,8,8,7.8,8
Entrevistado_5921,Entrevistado_5921,LEÓN,BAJIO,Primera mención,OTRAS,8.4,10,10,8
Entrevistado_5922,Entrevistado_5922,MONTERREY,NORTE,Primera mención,OTRAS,4,2,7.8,6
Entrevistado_5923,Entrevistado_5923,GUADALAJARA,BAJIO,Primera mención,OTRAS,9,3,8,8
Entrevistado_5924,Entrevistado_5924,LEÓN,BAJIO,Primera mención,OTRAS,8.4,8,10,8
Entrevistado_5925,Entrevistado_5925,TEPIC,OCCIDENTE,Primera mención,OTRAS,10,8,10,10
Entrevistado_5926,Entrevistado_5926,MORELIA,BAJIO,Primera mención,OTRAS,10,10,7.8,8
Entrevistado_5927,Entrevistado_5927,LEÓN,BAJIO,Primera mención,OTRAS,5,8,7.8,6
Entrevistado_5928,Entrevistado_5928,CULIACÁN,OCCIDENTE,Primera mención,ITESM,8.4,8,1,8
Entrevistado_5929,Entrevistado_5929,VILLAHERMOSA,SUR,Primera mención,UVM,10,8,4,8
Entrevistado_5930,Entrevistado_5930,IRAPUATO,BAJIO,Primera mención,OTRAS,8.4,2,5,8
Entrevistado_5931,Entrevistado_5931,VILLAHERMOSA,SUR,Primera mención,OTRAS,8.4,8,3,10
Entrevistado_5932,Entrevistado_5932,IRAPUATO,BAJIO,Primera mención,OTRAS,10,10,7.8,8
Entrevistado_5933,Entrevistado_5933,LEÓN,BAJIO,Primera mención,OTRAS,10,8,7.8,8
Entrevistado_5934,Entrevistado_5934,MEXICALI,OCCIDENTE,Primera mención,OTRAS,10,3,9,8
Entrevistado_5935,Entrevistado_5935,LEÓN,BAJIO,Primera mención,OTRAS,10,6,10,8
Entrevistado_5936,Entrevistado_5936,GUADALAJARA,BAJIO,Primera mención,OTRAS,8.4,8,7.8,5
Entrevistado_5937,Entrevistado_5937,MORELIA,BAJIO,Primera mención,OTRAS,10,7,7.8,8
Entrevistado_5938,Entrevistado_5938,QUERÉTARO,CENTRO,Primera mención,UVM,7,7,8,8
Entrevistado_5939,Entrevistado_5939,GUADALAJARA,BAJIO,Primera mención,OTRAS,10,8,7.8,8
Entrevistado_5940,Entrevistado_5940,MEXICALI,OCCIDENTE,Primera mención,OTRAS,8,8,7.8,8
Entrevistado_5941,Entrevistado_5941,MONTERREY,NORTE,Primera mención,OTRAS,8.4,5,6,1
Entrevistado_5942,Entrevistado_5942,VILLAHERMOSA,SUR,Primera mención,UVM,9,8,10,10
Entrevistado_5943,Entrevistado_5943,LA PAZ,OCCIDENTE,Primera mención,OTRAS,4,10,7.8,8
Entrevistado_5944,Entrevistado_5944,TEPIC,OCCIDENTE,Primera mención,OTRAS,5,8,7.8,8
Entrevistado_5945,Entrevistado_5945,GUADALAJARA,BAJIO,Primera mención,OTRAS,10,7,7.8,10
Entrevistado_5946,Entrevistado_5946,LEÓN,BAJIO,Primera mención,OTRAS,7,10,7.8,7
Entrevistado_5947,Entrevistado_5947,LEÓN,BAJIO,Primera mención,OTRAS,8.4,8,8,8
Entrevistado_5948,Entrevistado_5948,MAZATLÁN,OCCIDENTE,Primera mención,OTRAS,10,8,7.8,8
Entrevistado_5949,Entrevistado_5949,GUADALAJARA,BAJIO,Primera mención,ITESM,10,8,7.8,8
Entrevistado_5950,Entrevistado_5950,TUXTLA GUTIÉRREZ,SUR,Primera mención,OTRAS,8.4,8,6,8
Entrevistado_5951,Entrevistado_5951,PUEBLA,CENTRO,Primera mención,ANÁHUAC,10,9,7.8,8
Entrevistado_5952,Entrevistado_5952,CIUDAD DE MÉXICO,CENTRO,Primera mención,OTRAS,7,3,7.8,9
Entrevistado_5953,Entrevistado_5953,AGUASCALIENTES,BAJIO,Primera mención,OTRAS,7,9,2,8
Entrevistado_5954,Entrevistado_5954,MORELIA,BAJIO,Primera mención,OTRAS,8.4,8,8,4
Entrevistado_5955,Entrevistado_5955,GUADALAJARA,BAJIO,Primera mención,OTRAS,2,1,7.8,9
Entrevistado_5956,Entrevistado_5956,HERMOSILLO,OCCIDENTE,Primera mención,OTRAS,8.4,1,7.8,8
Entrevistado_5957,Entrevistado_5957,GUADALAJARA,BAJIO,Primera mención,OTRAS,8.4,10,7.8,8
Entrevistado_5958,Entrevistado_5958,QUERÉTARO,CENTRO,Primera mención,OTRAS,10,1,8,8
Entrevistado_5959,Entrevistado_5959,MEXICALI,OCCIDENTE,Primera mención,OTRAS,2,8,10,8
Entrevistado_5960,Entrevistado_5960,HERMOSILLO,OCCIDENTE,Primera mención,OTRAS,8,8,7.8,9
Entrevistado_5961,Entrevistado_5961,CULIACÁN,OCCIDENTE,Primera mención,OTRAS,8.4,8,8,6
Entrevistado_5962,Entrevistado_5962,MORELIA,BAJIO,Primera mención,OTRAS,8.4,8,7.8,8
Entrevistado_5963,Entrevistado_5963,IRAPUATO,BAJIO,Primera mención,OTRAS,8.4,8,5,9
Entrevistado_5964,Entrevistado_5964,MÉRIDA,SUR,Primera mención,OTRAS,9,8,9,10
Entrevistado_5965,Entrevistado_5965,TIJUANA,OCCIDENTE,Primera mención,OTRAS,2,5,7.8,8
Entrevistado_5966,Entrevistado_5966,GUADALAJARA,BAJIO,Primera mención,OTRAS,8.4,9,7.8,8
Entrevistado_5967,Entrevistado_5967,GUADALAJARA,BAJIO,Primera mención,OTRAS,8.4,8,7.8,10
Entrevistado_5968,Entrevistado_5968,LA PAZ,OCCIDENTE,Primera mención,OTRAS,7,9,7.8,8
Entrevistado_5969,Entrevistado_5969,IRAPUATO,BAJIO,Primera mención,OTRAS,8.4,9,10,8
Entrevistado_5970,Entrevistado_5970,CULIACÁN,OCCIDENTE,Primera mención,OTRAS,10,10,3,8
Entrevistado_5971,Entrevistado_5971,COATZACOALCOS,SUR,Primera mención,OTRAS,7,10,7.8,10
Entrevistado_5972,Entrevistado_5972,QUERÉTARO,CENTRO,Primera mención,OTRAS,8,10,7.8,8
Entrevistado_5973,Entrevistado_5973,COATZACOALCOS,SUR,Primera mención,OTRAS,8.4,8,7.8,10
Entrevistado_5974,Entrevistado_5974,LEÓN,BAJIO,Primera mención,OTRAS,8.4,8,7.8,8
Entrevistado_5975,Entrevistado_5975,HERMOSILLO,OCCIDENTE,Primera mención,OTRAS,8.4,10,10,8
Entrevistado_5976,Entrevistado_5976,LA PAZ,OCCIDENTE,Primera mención,OTRAS,10,9,7.8,8
Entrevistado_5977,Entrevistado_5977,CULIACÁN,OCCIDENTE,Primera mención,OTRAS,4,6,7.8,8
Entrevistado_5978,Entrevistado_5978,VILLAHERMOSA,SUR,Primera mención,OTRAS,8.4,10,9,8
Entrevistado_5979,Entrevistado_5979,GUADALAJARA,BAJIO,Primera mención,OTRAS,8.4,8,7,8
Entrevistado_5980,Entrevistado_5980,MONTERREY,NORTE,Primera mención,OTRAS,8,8,7.8,8
Entrevistado_5981,Entrevistado_5981,HERMOSILLO,OCCIDENTE,Primera mención,UVM,8.4,9,9,8
Entrevistado_5982,Entrevistado_5982,GUADALAJARA,BAJIO,Primera mención,OTRAS,8.4,8,7,10
Entrevistado_5983,Entrevistado_5983,HERMOSILLO,OCCIDENTE,Primera mención,OTRAS,3,7,7.8,8
Entrevistado_5984,Entrevistado_5984,GUADALAJARA,BAJIO,Primera mención,OTRAS,8,8,7.8,7
Entrevistado_5985,Entrevistado_5985,LEÓN,BAJIO,Primera mención,OTRAS,8.4,8,10,8
Entrevistado_5986,Entrevistado_5986,PUEBLA,CENTRO,Primera mención,OTRAS,8.4,8,7,3
Entrevistado_5987,Entrevistado_5987,VILLAHERMOSA,SUR,Primera mención,OTRAS,6,8,7.8,5
Entrevistado_5988,Entrevistado_5988,GUADALAJARA,BAJIO,Primera mención,OTRAS,7,7,7,8
Entrevistado_5989,Entrevistado_5989,MAZATLÁN,OCCIDENTE,Primera mención,OTRAS,2,8,7.8,8
Entrevistado_5990,Entrevistado_5990,MORELIA,BAJIO,Primera mención,OTRAS,6,1,10,8
Entrevistado_5991,Entrevistado_5991,HERMOSILLO,OCCIDENTE,Primera mención,OTRAS,8.4,10,7.8,8
Entrevistado_5992,Entrevistado_5992,AGUASCALIENTES,BAJIO,Primera mención,ITESM,8.4,4,9,10
Entrevistado_5993,Entrevistado_5993,AGUASCALIENTES,BAJIO,Primera mención,OTRAS,5,10,7.8,8
Entrevistado_5994,Entrevistado_5994,MAZATLÁN,OCCIDENTE,Primera mención,OTRAS,8.4,8,4,8
Entrevistado_5995,Entrevistado_5995,CIUDAD DE MÉXICO,CENTRO,Primera mención,OTRAS,8.4,8,5,8
Entrevistado_5996,Entrevistado_5996,MEXICALI,OCCIDENTE,Primera mención,OTRAS,7,10,8,8
Entrevistado_5997,Entrevistado_5997,GUADALAJARA,BAJIO,Primera mención,OTRAS,7,1,7.8,8
Entrevistado_5998,Entrevistado_5998,GUADALAJARA,BAJIO,Primera mención,OTRAS,8.4,10,7,8
Entrevistado_5999,Entrevistado_5999,LEÓN,BAJIO,Primera mención,OTRAS,9,8,10,8
Entrevistado_6000,Entrevistado_6000,GUADALAJARA,BAJIO,Primera mención,OTRAS,1,8,3,8
